"id","time_stamp","airtemp_max","airtemp_max_date_time","airtemp_min","airtemp_min_date_time","airtemp_avg_date_time","rh_max","rh_max_date_time","rh_min","rh_min_date_time","sup_avg","sdn_avg","sup_max","sup_max_date_time","sup_min","sup_min_date_time","sdn_max","sdn_max_date_time","sdn_min","sdn_min_date_time","lup_max","lup_min","ldn_max","ldn_min","ws_max","ws_max_date_time","ws_min","ws_min_date_time","ws_avg","wind_dir","dbtcdt_avg","tt_c_avg","tt_c_max","tt_c_max_date_time","tt_c_min","tt_c_min_date_time","preci_mm_total","preci_type_max","preci_type_max_date_time","preci_type_min","preci_type_min_date_time"
"1","2015-10-18 18:30:00+00","9.6","18-10-2015 15:20","0.061","18-10-2015 23:57","4.086","75.79","18-10-2015 23:58","19.58","18-10-2015 15:41","44.62","11.24","570.3","18-10-2015 15:09","-5.7010000000000005","18-10-2015 21:49","120.1","18-10-2015 15:09","0.772","18-10-2015 19:32","252.8","200.2","406.3","307.4","9.11","18-10-2015 19:40","0","18-10-2015 15:09","4.603","181.2","450","1.94","16.89","18-10-2015 15:11","-3.465","18-10-2015 23:51","NaN","NaN","NaN","NaN","NaN"
"2","2015-10-19 18:30:00+00","8.67","19-10-2015 12:42","-3.08","19-10-2015 07:27","1.195","92.7","19-10-2015 23:19","12.23","19-10-2015 11:44","188.5","37.2","1100","19-10-2015 11:39","-5.7029999999999985","19-10-2015 00:18","214.5","19-10-2015 11:39","-1.8","19-10-2015 17:41","299.7","213.4","434.3","295.1","17.35","19-10-2015 12:35","0","19-10-2015 00:03","4.672","160.3","450","3.3680000000000003","23.87","19-10-2015 12:33","-6.364","19-10-2015 06:17","NaN","NaN","NaN","NaN","NaN"
"3","2015-10-20 18:30:00+00","4.7639999999999985","20-10-2015 13:12","-5.3370000000000015","20-10-2015 23:37","-1.499","97.3","20-10-2015 04:50","25.84","20-10-2015 12:31","186.6","60.95","1142","20-10-2015 13:05","-5.135","20-10-2015 23:06","398.8","20-10-2015 08:38","-0.772","20-10-2015 00:08","301.8","200.3","392.8","288","18.17","20-10-2015 15:16","0","20-10-2015 09:34","4.492","167.7","450","0.3","17.93","20-10-2015 12:07","-6.803","20-10-2015 23:56","NaN","NaN","NaN","NaN","NaN"
"4","2015-10-21 18:30:00+00","4.932","21-10-2015 14:56","-7.5310000000000015","21-10-2015 07:10","-1.934","76.02","21-10-2015 00:47","11.86","21-10-2015 13:20","224.8","51.9","877","21-10-2015 12:12","-5.704","21-10-2015 21:58","217.3","21-10-2015 09:01","0.257","21-10-2015 18:10","254.4","186.8","395","276.7","12.29","21-10-2015 14:22","0","21-10-2015 00:43","3.319","297.5","450","-1.0590000000000002","18.35","21-10-2015 12:24","-9.72","21-10-2015 06:58","NaN","NaN","NaN","NaN","NaN"
"5","2015-10-22 18:30:00+00","5.574","22-10-2015 13:30","-6.419","22-10-2015 07:52","-1.105","73.56","22-10-2015 23:27","12.53","22-10-2015 12:29","217","43.85","872","22-10-2015 12:04","-5.705","22-10-2015 00:55","169.2","22-10-2015 12:18","0.257","22-10-2015 18:11","292.3","187.7","401.2","281.5","15.5","22-10-2015 14:35","0","22-10-2015 10:49","4.121","16.4","450","0.29100000000000004","19.17","22-10-2015 11:23","-9.06","22-10-2015 06:29","NaN","NaN","NaN","NaN","NaN"
"6","2015-10-23 18:30:00+00","5.574","23-10-2015 13:35","-6.7570000000000014","23-10-2015 07:11","-1.339","65.09","23-10-2015 00:24","14.39","23-10-2015 12:29","216.5","44.37","867","23-10-2015 12:16","-5.704","23-10-2015 23:15","170.8","23-10-2015 12:28","0.257","23-10-2015 18:08","263.1","186.1","414.8","281.1","14.29","23-10-2015 13:44","0","23-10-2015 11:04","4.598","44.84","450","0.129","22.72","23-10-2015 11:49","-9.17","23-10-2015 07:01","NaN","NaN","NaN","NaN","NaN"
"7","2015-10-24 18:30:00+00","1.365","24-10-2015 13:05","-5.07","24-10-2015 05:25","-2.411","90.9","24-10-2015 23:38","29.74","24-10-2015 10:50","99.9","18.67","548.7","24-10-2015 12:01","-5.135","24-10-2015 02:48","100.8","24-10-2015 12:01","-0.772","24-10-2015 23:13","297.2","204.1","355.5","288.4","12.33","24-10-2015 15:37","0","24-10-2015 01:13","4.828","114.7","450","-1.4580000000000002","9.5","24-10-2015 12:22","-7.499","24-10-2015 02:48","NaN","NaN","NaN","NaN","NaN"
"8","2015-10-25 18:30:00+00","1.602","25-10-2015 12:17","-4.503","25-10-2015 20:43","-2.506","96.8","25-10-2015 20:50","60.39","25-10-2015 12:22","133.2","37.19","900","25-10-2015 13:29","-2.852","25-10-2015 02:27","250.1","25-10-2015 09:28","-1.287","25-10-2015 20:30","309.1","241.4","362.1","281.6","11.09","25-10-2015 12:57","0","25-10-2015 14:23","4.077","161.1","450","-0.926","10.51","25-10-2015 11:42","-8.97","25-10-2015 20:30","NaN","NaN","NaN","NaN","NaN"
"9","2015-10-26 18:30:00+00","4.0939999999999985","26-10-2015 11:18","-6.921","26-10-2015 23:56","-3.98","94.4","26-10-2015 18:24","51.02","26-10-2015 11:19","156.9","95.4","1156","26-10-2015 12:50","-6.276","26-10-2015 20:30","848","26-10-2015 11:08","-0.772","26-10-2015 02:11","324.3","192.2","394.2","275.3","12.35","26-10-2015 15:08","0","26-10-2015 00:00","2.917","188.1","450","-3.84","7.983","26-10-2015 13:27","-10.67","26-10-2015 02:02","NaN","NaN","NaN","NaN","NaN"
"10","2015-10-27 18:30:00+00","0.5539999999999999","27-10-2015 13:05","-9.42","27-10-2015 07:18","-5.62","90.2","27-10-2015 18:00","24.84","27-10-2015 13:48","171.1","35.31","974","27-10-2015 13:06","-5.706","27-10-2015 19:53","185.4","27-10-2015 09:20","0.257","27-10-2015 17:56","286.9","177.3","379.9","272.6","10.31","27-10-2015 15:58","0","27-10-2015 13:27","3.155","320.2","450","-3.904","13.07","27-10-2015 13:05","-10.62","27-10-2015 06:39","NaN","NaN","NaN","NaN","NaN"
"11","2015-10-28 18:30:00+00","3.4810000000000003","28-10-2015 13:17","-9.15","28-10-2015 06:11","-4.258","63.52","28-10-2015 00:57","15.78","28-10-2015 14:16","203.8","44.48","884","28-10-2015 12:34","-6.276","28-10-2015 23:25","197.2","28-10-2015 09:12","0.772","28-10-2015 20:36","323.9","180.9","381.8","236.3","9.84","28-10-2015 17:46","0","28-10-2015 13:01","3.631","341.3","450","-3.39","14.2","28-10-2015 13:15","-10.7","28-10-2015 06:09","NaN","NaN","NaN","NaN","NaN"
"12","2015-10-29 18:30:00+00","8.49","29-10-2015 14:23","-6.791","29-10-2015 05:28","-0.936","61.01","29-10-2015 02:37","8.65","29-10-2015 14:00","204.9","40.74","850","29-10-2015 12:00","-6.561","29-10-2015 03:37","160.5","29-10-2015 11:59","-0.257","29-10-2015 04:21","261.1","207","406.2","277.2","11.25","29-10-2015 15:05","0","29-10-2015 09:36","4.197","343.3","450","-1.591","17.71","29-10-2015 13:33","-10.22","29-10-2015 06:37","NaN","NaN","NaN","NaN","NaN"
"13","2015-10-30 18:30:00+00","9.6","30-10-2015 12:58","-5.346","30-10-2015 07:40","1.207","60.58","30-10-2015 22:35","11.51","30-10-2015 12:56","199.7","40.1","827","30-10-2015 11:54","-7.98","30-10-2015 18:21","158.9","30-10-2015 11:52","-1.029","30-10-2015 05:36","285.8","219.3","437.7","285.4","11.39","30-10-2015 14:48","0","30-10-2015 12:11","4.24","346.8","450","0.192","22.03","30-10-2015 13:13","-8.53","30-10-2015 06:20","NaN","NaN","NaN","NaN","NaN"
"14","2015-01-10 18:30:00+00","10.45","31-10-2015 13:08","-5.542999999999998","31-10-2015 06:25","0.8740000000000001","61.33","31-10-2015 00:34","9.32","31-10-2015 13:41","196.6","39.98","817","31-10-2015 12:00","-7.409","31-10-2015 18:04","157.9","31-10-2015 11:56","0.257","31-10-2015 19:25","279.8","220.5","435.3","284.6","9.8","31-10-2015 14:53","0","31-10-2015 12:46","3.717","6.55","450","0.574","23.08","31-10-2015 13:06","-8.65","31-10-2015 06:25","NaN","NaN","NaN","NaN","NaN"
"15","2015-02-10 18:30:00+00","7.382999999999999","01-11-2015 13:57","-6.0470000000000015","01-11-2015 07:37","-0.04","66.31","01-11-2015 20:01","13.75","01-11-2015 12:06","194.7","39.82","850","01-11-2015 12:10","-6.845","01-11-2015 01:19","163","01-11-2015 12:19","-0.257","01-11-2015 01:19","274","217.4","411.8","283.2","13.74","01-11-2015 15:22","0","01-11-2015 11:45","4.602","9.82","450","-0.004","21.08","01-11-2015 11:55","-8.84","01-11-2015 06:45","NaN","NaN","NaN","NaN","NaN"
"16","2015-03-10 18:30:00+00","6.81","02-11-2015 13:55","-5.81","02-11-2015 07:39","-0.597","68.89","02-11-2015 06:58","15.91","02-11-2015 13:40","171.9","34.76","857","02-11-2015 12:08","-5.706","02-11-2015 03:12","166.1","02-11-2015 13:25","0.772","02-11-2015 18:16","289.9","226.6","393.5","284.4","12.68","02-11-2015 13:06","0","02-11-2015 00:30","3.355","351.9","450","-0.599","16.37","02-11-2015 10:48","-8.68","02-11-2015 06:14","NaN","NaN","NaN","NaN","NaN"
"17","2015-04-10 18:30:00+00","4.291","03-11-2015 13:00","-6.52","03-11-2015 07:05","-2.798","91.3","03-11-2015 17:06","14.86","03-11-2015 12:57","132.3","26.11","1074","03-11-2015 13:00","-5.135","03-11-2015 01:19","209.9","03-11-2015 13:00","0.515","03-11-2015 22:04","302.8","222.2","399.1","280.8","11.68","03-11-2015 15:45","0","03-11-2015 00:21","3.174","328.8","450","-2.149","17.65","03-11-2015 13:02","-9.38","03-11-2015 06:36","NaN","NaN","NaN","NaN","NaN"
"18","2015-05-10 18:30:00+00","-1.3030000000000002","04-11-2015 10:38","-6.52","04-11-2015 03:12","-4.8260000000000005","93.3","04-11-2015 21:07","42.72","04-11-2015 10:45","69.72","31.69","596.6","04-11-2015 09:42","-5.135","04-11-2015 01:22","255.3","04-11-2015 13:10","-0.772","04-11-2015 23:39","291.8","216.4","321.6","279.9","11.45","04-11-2015 23:11","0","04-11-2015 00:01","3.4810000000000003","183.3","450","-4.812","1.988","04-11-2015 09:58","-9.18","04-11-2015 01:55","NaN","NaN","NaN","NaN","NaN"
"19","2015-06-10 18:30:00+00","-2.386","05-11-2015 14:39","-10","05-11-2015 07:17","-6.1789999999999985","94.2","05-11-2015 05:54","50.63","05-11-2015 15:41","210.2","142.5","878","05-11-2015 11:38","-4.279","05-11-2015 22:26","594.9","05-11-2015 11:10","-0.772","05-11-2015 00:52","284.7","191.2","320.6","260.8","12.47","05-11-2015 16:55","0","05-11-2015 01:30","3.34","124.7","450","-6.596","-0.981","05-11-2015 13:04","-14.85","05-11-2015 07:00","NaN","NaN","NaN","NaN","NaN"
"20","2015-07-10 18:30:00+00","-2.149","06-11-2015 15:06","-15.91","06-11-2015 08:23","-9.66","87.8","06-11-2015 01:32","42.08","06-11-2015 14:37","195.2","121.6","829","06-11-2015 11:52","-6.277","06-11-2015 19:03","507.2","06-11-2015 10:58","-0.773","06-11-2015 23:57","256.2","180.2","318","245.4","10.11","06-11-2015 14:30","0","06-11-2015 00:24","3.605","12.12","450","-10.89","-0.665","06-11-2015 12:56","-17.9","06-11-2015 08:22","NaN","NaN","NaN","NaN","NaN"
"21","2015-08-10 18:30:00+00","-1.71","07-11-2015 15:00","-16.51","07-11-2015 06:19","-9.77","73.71","07-11-2015 01:20","19.23","07-11-2015 13:58","188.7","95.6","945","07-11-2015 12:31","-5.995","07-11-2015 01:51","465.4","07-11-2015 12:34","-1.03","07-11-2015 01:17","242.6","173.9","323.5","242.9","8.04","07-11-2015 06:25","0","07-11-2015 18:48","4.129","17.36","450","-11.4","-0.14","07-11-2015 12:37","-18.7","07-11-2015 06:21","NaN","NaN","NaN","NaN","NaN"
"22","2015-09-10 18:30:00+00","2.6010000000000004","08-11-2015 12:50","-9.39","08-11-2015 01:43","-5.104","68.04","08-11-2015 07:54","13.72","08-11-2015 13:58","176.4","74.76","964","08-11-2015 12:38","-6.845","08-11-2015 18:30","412.2","08-11-2015 11:05","-0.773","08-11-2015 06:13","253.2","209.5","373.8","270.5","9.66","08-11-2015 13:52","0","08-11-2015 03:03","3.115","14.12","450","-6.769","6.8","08-11-2015 12:42","-12.48","08-11-2015 07:12","NaN","NaN","NaN","NaN","NaN"
"23","2015-10-10 18:30:00+00","0.009000000000000001","09-11-2015 11:39","-9.18","09-11-2015 04:23","-5.515","92.6","09-11-2015 17:19","37.44","09-11-2015 11:41","142.3","47.47","982","09-11-2015 11:18","-4.565","09-11-2015 04:00","325.7","09-11-2015 11:18","-0.257","09-11-2015 20:39","289.1","209.1","352.7","272.4","10.88","09-11-2015 14:01","0","09-11-2015 11:36","4.779","96.3","450","-4.848","7.512","09-11-2015 11:41","-11.74","09-11-2015 04:12","NaN","NaN","NaN","NaN","NaN"
"24","2015-11-10 18:30:00+00","-3.489","10-11-2015 10:00","-11.85","10-11-2015 23:31","-6.327000000000001","93.3","10-11-2015 17:59","66.17","10-11-2015 23:27","77.25","54.54","507.1","10-11-2015 11:05","-6.277","10-11-2015 23:07","307.3","10-11-2015 13:39","-2.317","10-11-2015 23:31","313.5","229.5","307.6","254.7","8.68","10-11-2015 01:08","0","10-11-2015 07:02","2.6060000000000003","23.34","450","-7.165","-1.999","10-11-2015 09:56","-15.62","10-11-2015 23:21","NaN","NaN","NaN","NaN","NaN"
"25","2015-12-10 18:30:00+00","-2.758","11-11-2015 14:07","-17.62","11-11-2015 08:02","-9.85","83.3","11-11-2015 00:05","38.81","11-11-2015 13:20","194.4","158.2","841","11-11-2015 12:12","-7.421","11-11-2015 01:27","686.7","11-11-2015 12:12","-3.09","11-11-2015 20:17","282.1","200.5","295.2","231.6","7.644","11-11-2015 21:17","0.255","11-11-2015 16:34","4.18","6.562","450","-13.89","-5.739","11-11-2015 14:08","-21.92","11-11-2015 07:43","NaN","NaN","NaN","NaN","NaN"
"26","2015-11-12 18:30:00+00","5.405","12-11-2015 13:51","-13.03","12-11-2015 04:03","-5.02","74.64","12-11-2015 04:04","27.87","12-11-2015 13:52","177","118.2","931","12-11-2015 13:38","-5.1370000000000005","12-11-2015 05:25","542.9","12-11-2015 11:47","-1.545","12-11-2015 01:56","286.4","197.8","332","250.7","9.19","12-11-2015 08:47","0","12-11-2015 13:31","3.361","15.87","450","-8.48","0.586","12-11-2015 13:51","-16.98","12-11-2015 03:20","NaN","NaN","NaN","NaN","NaN"
"27","2015-11-13 18:30:00+00","1.636","13-11-2015 12:12","-8.52","13-11-2015 23:48","-1.944","96.3","13-11-2015 06:38","57.74","13-11-2015 01:37","94.1","63.55","762.4","13-11-2015 10:22","-5.419","13-11-2015 21:07","586.1","13-11-2015 10:22","-0.772","13-11-2015 23:07","312.4","202.5","321.8","271.8","13.23","13-11-2015 17:22","0","13-11-2015 00:12","3.882","107.3","450","-3.996","0.363","13-11-2015 13:14","-12.22","13-11-2015 23:45","NaN","NaN","NaN","NaN","NaN"
"28","2015-11-14 18:30:00+00","2.906","14-11-2015 13:46","-13.75","14-11-2015 06:48","-7.146","89.2","14-11-2015 00:41","36.59","14-11-2015 13:49","176.7","93.8","784.7","14-11-2015 11:57","-7.706","14-11-2015 04:25","412.3","14-11-2015 11:39","-2.318","14-11-2015 04:25","216","179.7","338.7","254.8","6.605","14-11-2015 07:20","0","14-11-2015 00:02","2.79","8.69","450","-9.97","1.167","14-11-2015 13:21","-16.08","14-11-2015 06:46","NaN","NaN","NaN","NaN","NaN"
"29","2015-11-15 18:30:00+00","2.6710000000000003","15-11-2015 14:10","-15.63","15-11-2015 06:19","-7.606","72.2","15-11-2015 00:17","15.85","15-11-2015 14:07","177.5","82","786.2","15-11-2015 11:56","-7.415","15-11-2015 17:56","349","15-11-2015 11:56","-1.288","15-11-2015 05:30","246.3","166.8","337.8","245.1","10.92","15-11-2015 14:56","0","15-11-2015 03:39","3.75","8.57","450","-10.72","1.459","15-11-2015 13:23","-18.29","15-11-2015 06:47","NaN","NaN","NaN","NaN","NaN"
"30","2015-11-16 18:30:00+00","0.511","16-11-2015 14:23","-15.5","16-11-2015 23:57","-8.07","88","16-11-2015 02:41","27","16-11-2015 14:18","174.8","79.25","779.6","16-11-2015 11:58","-6.28","16-11-2015 23:12","333.5","16-11-2015 11:54","-0.773","16-11-2015 23:56","274.7","163.9","337.9","248.6","10.13","16-11-2015 00:36","0","16-11-2015 00:10","3.495","11.24","450","-9.88","1.106","16-11-2015 14:07","-17.79","16-11-2015 23:57","NaN","NaN","NaN","NaN","NaN"
"31","2015-11-17 18:30:00+00","1.318","17-11-2015 14:33","-18","17-11-2015 06:22","-10.67","67.43","17-11-2015 02:57","13.82","17-11-2015 13:59","174.5","74.95","787.7","17-11-2015 11:56","-6.85","17-11-2015 21:12","322.8","17-11-2015 12:12","-2.318","17-11-2015 21:40","198.6","155","339.9","235.9","7.742000000000001","17-11-2015 08:27","0","17-11-2015 13:35","4.05","13.76","450","-12.78","1.834","17-11-2015 13:18","-20.73","17-11-2015 06:34","NaN","NaN","NaN","NaN","NaN"
"32","2015-11-18 18:30:00+00","1.355","18-11-2015 14:58","-15.77","18-11-2015 03:39","-8.64","64.88","18-11-2015 21:27","14.97","18-11-2015 13:32","171.1","71.36","783.6","18-11-2015 11:52","-6.848","18-11-2015 20:55","311.4","18-11-2015 11:52","-2.061","18-11-2015 23:52","206.9","167.5","332.6","243.4","8.72","18-11-2015 09:41","0","18-11-2015 15:35","4.4510000000000005","16.35","450","-11.14","1.711","18-11-2015 13:12","-18.75","18-11-2015 05:14","NaN","NaN","NaN","NaN","NaN"
"33","2015-11-19 18:30:00+00","5","19-11-2015 15:03","-12.93","19-11-2015 05:50","-6.245","67.76","19-11-2015 03:57","21.15","19-11-2015 15:13","168.8","67.46","763.4","19-11-2015 12:00","-7.987999999999999","19-11-2015 20:45","292.8","19-11-2015 12:01","-2.833","19-11-2015 03:23","222.2","182.6","347","253.5","7.605","19-11-2015 05:00","0","19-11-2015 14:53","4.276","12.55","450","-8.91","4.524","19-11-2015 12:58","-16.18","19-11-2015 08:02","NaN","NaN","NaN","NaN","NaN"
"34","2015-11-20 18:30:00+00","6.674","20-11-2015 14:11","-13.1","20-11-2015 05:04","-5.715","66.65","20-11-2015 05:04","16.04","20-11-2015 14:18","167.3","63.06","759.7","20-11-2015 11:59","-8.56","20-11-2015 18:59","275.3","20-11-2015 12:11","-2.833","20-11-2015 01:38","222.4","179.5","372.5","253.5","7.977","20-11-2015 06:13","0","20-11-2015 12:57","3.611","11.2","450","-7.907999999999999","8.32","20-11-2015 13:26","-16.09","20-11-2015 07:43","NaN","NaN","NaN","NaN","NaN"
"35","2015-11-21 18:30:00+00","4.3180000000000005","21-11-2015 14:07","-11.92","21-11-2015 04:08","-5.807","65.49","21-11-2015 23:18","16.04","21-11-2015 14:24","166.3","59.44","752.9","21-11-2015 11:58","-7.9860000000000015","21-11-2015 18:01","257.2","21-11-2015 12:19","-1.803","21-11-2015 02:33","219","181","367.1","259.8","7.174","21-11-2015 06:29","0","21-11-2015 13:00","3.664","11.29","450","-7.404","9.18","21-11-2015 13:04","-14.47","21-11-2015 03:45","NaN","NaN","NaN","NaN","NaN"
"36","2015-11-22 18:30:00+00","5.5070000000000014","22-11-2015 13:51","-13.74","22-11-2015 08:02","-5.693","64.31","22-11-2015 02:56","11.21","22-11-2015 14:51","148","50.45","983","22-11-2015 12:06","-7.421","22-11-2015 02:00","320.1","22-11-2015 12:05","-2.318","22-11-2015 02:00","255.9","173","371.7","252.2","13.19","22-11-2015 14:40","0","22-11-2015 12:23","3.304","1.2","450","-7.431","8.61","22-11-2015 13:51","-16.3","22-11-2015 06:02","NaN","NaN","NaN","NaN","NaN"
"37","2015-11-23 18:30:00+00","-1.5","23-11-2015 13:30","-10.03","23-11-2015 23:20","-4.391","89.7","23-11-2015 12:08","41.49","23-11-2015 05:52","62.96","46.62","289.7","23-11-2015 13:11","-5.707000000000002","23-11-2015 23:15","240.3","23-11-2015 13:11","-1.287","23-11-2015 23:19","311.5","195.5","305","256.9","6.546","23-11-2015 08:04","0","23-11-2015 00:31","1.835","353.8","450","-6.51","-2.47","23-11-2015 11:08","-15.56","23-11-2015 23:59","NaN","NaN","NaN","NaN","NaN"
"38","2015-11-24 18:30:00+00","1.23","24-11-2015 14:51","-14.45","24-11-2015 07:05","-6.482","83.7","24-11-2015 00:28","34.23","24-11-2015 16:23","115.6","84.4","845","24-11-2015 11:52","-7.42","24-11-2015 06:27","589.8","24-11-2015 11:52","-3.091","24-11-2015 06:27","281.2","181.7","308.6","245.4","9.29","24-11-2015 17:09","0","24-11-2015 00:31","2.998","0.802","450","-10.22","-2.862","24-11-2015 11:52","-17.79","24-11-2015 06:59","NaN","NaN","NaN","NaN","NaN"
"39","2015-11-25 18:30:00+00","2.574","25-11-2015 14:14","-10.43","25-11-2015 05:06","-4.265","74.42","25-11-2015 03:59","24.5","25-11-2015 13:18","100.8","60.93","518.4","25-11-2015 11:44","-4.851","25-11-2015 03:04","313.4","25-11-2015 11:44","-1.802","25-11-2015 02:22","273.2","202.3","315.2","262","7.428","25-11-2015 02:14","0","25-11-2015 00:05","2.555","9.75","450","-7.427","-1.455","25-11-2015 14:13","-13.74","25-11-2015 04:11","NaN","NaN","NaN","NaN","NaN"
"40","2015-11-26 18:30:00+00","-2.001","26-11-2015 06:21","-7.063","26-11-2015 22:20","-4.857","94.5","26-11-2015 22:48","29.61","26-11-2015 05:49","62.66","41.37","354.7","26-11-2015 13:29","-2.852","26-11-2015 00:56","242.9","26-11-2015 13:29","-0.772","26-11-2015 05:54","285.2","243.7","301.8","283.4","10.15","26-11-2015 10:21","0","26-11-2015 00:16","2.918","88","450","-6.318","-3.116","26-11-2015 13:15","-8.63","26-11-2015 02:08","NaN","NaN","NaN","NaN","NaN"
"41","2015-11-27 18:30:00+00","-1.075","27-11-2015 13:30","-18.61","27-11-2015 23:38","-8.8","94.3","27-11-2015 03:06","43.58","27-11-2015 14:27","152.2","128.6","818","27-11-2015 11:16","-8.56","27-11-2015 17:32","667.5","27-11-2015 11:16","-3.35","27-11-2015 23:35","285.4","170.6","314.4","232.5","10.47","27-11-2015 04:28","0","27-11-2015 01:16","3.514","27.1","450","-11.67","-3.587","27-11-2015 12:07","-22.7","27-11-2015 23:37","NaN","NaN","NaN","NaN","NaN"
"42","2015-11-28 18:30:00+00","-4.9830000000000005","28-11-2015 14:21","-20.64","28-11-2015 06:49","-13.41","77.49","28-11-2015 06:51","40.01","28-11-2015 14:43","162.4","130.5","743.8","28-11-2015 12:13","-9.14","28-11-2015 03:17","578.6","28-11-2015 12:17","-4.896","28-11-2015 03:17","190.7","163.9","296.5","224.1","7.566","28-11-2015 01:27","0","28-11-2015 20:04","3.737","5.944","450","-18.42","-6.2120000000000015","28-11-2015 12:46","-24.4","28-11-2015 06:50","NaN","NaN","NaN","NaN","NaN"
"43","2015-11-29 18:30:00+00","-3.1630000000000003","29-11-2015 14:12","-20.36","29-11-2015 06:46","-12.94","74.75","29-11-2015 03:09","29.3","29-11-2015 14:11","161","126.6","738.7","29-11-2015 12:11","-7.996","29-11-2015 06:46","562.2","29-11-2015 11:56","-4.123","29-11-2015 23:39","193.9","161.2","298.9","222.3","6.625","29-11-2015 09:06","0.078","29-11-2015 17:38","3.507","4.333","450","-18.53","-6.426","29-11-2015 12:19","-25.09","29-11-2015 07:24","NaN","NaN","NaN","NaN","NaN"
"44","2015-01-11 18:30:00+00","-0.472","30-11-2015 15:11","-19.62","30-11-2015 06:10","-11.76","75.15","30-11-2015 06:11","26.97","30-11-2015 14:39","158.6","122.7","730.7","30-11-2015 12:14","-7.9929999999999986","30-11-2015 21:27","545.2","30-11-2015 12:12","-4.122","30-11-2015 23:24","208.3","166.3","305.9","225.7","7.056","30-11-2015 07:14","0","30-11-2015 15:09","3.873","8.96","450","-17.25","-5.5310000000000015","30-11-2015 12:27","-23.67","30-11-2015 06:48","NaN","NaN","NaN","NaN","NaN"
"45","2015-02-11 18:30:00+00","3.5810000000000004","01-12-2015 14:27","-18.61","01-12-2015 07:16","-11.18","70.11","01-12-2015 08:07","21.49","01-12-2015 14:23","155.7","118.4","726.2","01-12-2015 12:00","-8.28","01-12-2015 20:37","532.3","01-12-2015 11:59","-4.121","01-12-2015 20:37","203.2","167.9","310","228.1","7.174","01-12-2015 03:52","0","01-12-2015 13:50","3.608","10.98","450","-16.94","-4.644","01-12-2015 13:33","-23.03","01-12-2015 07:14","NaN","NaN","NaN","NaN","NaN"
"46","2015-03-11 18:30:00+00","-0.303","02-12-2015 14:54","-20.36","02-12-2015 07:32","-12.57","73.09","02-12-2015 04:00","20.68","02-12-2015 14:37","156.2","116.3","722.7","02-12-2015 11:49","-9.13","02-12-2015 19:23","516.2","02-12-2015 12:33","-4.638","02-12-2015 23:44","197.8","158.1","304","220.3","7.742000000000001","02-12-2015 23:50","0","02-12-2015 14:33","3.486","9.58","450","-18.17","-5.277","02-12-2015 12:15","-25.36","02-12-2015 07:35","NaN","NaN","NaN","NaN","NaN"
"47","2015-04-11 18:30:00+00","2.839","03-12-2015 15:00","-19.69","03-12-2015 07:47","-10.45","65.61","03-12-2015 07:49","18.45","03-12-2015 15:00","155.3","113.9","725.6","03-12-2015 12:08","-8.56","03-12-2015 18:36","509.1","03-12-2015 12:09","-4.893","03-12-2015 18:37","207.7","163.3","314.8","227.5","8.45","03-12-2015 03:47","0","03-12-2015 14:29","4.306","9.79","450","-16.25","-4.869","03-12-2015 13:24","-23.55","03-12-2015 07:47","NaN","NaN","NaN","NaN","NaN"
"48","2015-05-11 18:30:00+00","4.932","04-12-2015 14:51","-14.96","04-12-2015 04:01","-6.131","64.66","04-12-2015 02:09","20.74","04-12-2015 15:10","156","109.9","880","04-12-2015 11:54","-7.981","04-12-2015 17:24","592.8","04-12-2015 11:54","-3.607","04-12-2015 04:02","241.5","183.4","331.4","242","12.35","04-12-2015 14:56","0","04-12-2015 08:17","4.525","11.21","450","-11.95","-0.486","04-12-2015 12:41","-19.03","04-12-2015 02:08","NaN","NaN","NaN","NaN","NaN"
"49","2015-06-11 18:30:00+00","5.034","05-12-2015 14:22","-12.53","05-12-2015 08:06","-5.539","67.93","05-12-2015 23:15","22.43","05-12-2015 16:07","151.2","100.7","713.3","05-12-2015 12:15","-7.419","05-12-2015 22:48","461","05-12-2015 12:15","-3.605","05-12-2015 23:12","223.9","186","328","251.3","10.58","05-12-2015 14:41","0","05-12-2015 00:20","3.465","5.497000000000001","450","-11.35","-0.24","05-12-2015 12:42","-17.36","05-12-2015 03:56","NaN","NaN","NaN","NaN","NaN"
"50","2015-07-11 18:30:00+00","3.074","06-12-2015 13:17","-13.07","06-12-2015 02:11","-6.209","67.93","06-12-2015 01:14","26.01","06-12-2015 13:18","131.1","79.09","910","06-12-2015 10:48","-6.564","06-12-2015 01:47","537.4","06-12-2015 10:48","-2.833","06-12-2015 02:11","263","187.4","332.8","251","9.11","06-12-2015 14:20","0","06-12-2015 07:22","2.958","2.513","450","-11.68","1.356","06-12-2015 12:31","-16.97","06-12-2015 05:32","NaN","NaN","NaN","NaN","NaN"
"51","2015-08-11 18:30:00+00","2.872","07-12-2015 13:40","-14.42","07-12-2015 04:13","-7.347","68.13","07-12-2015 00:39","17.53","07-12-2015 14:15","137.1","80.9","790.2","07-12-2015 10:49","-7.135","07-12-2015 23:10","450.8","07-12-2015 10:49","-3.091","07-12-2015 00:36","232.9","181.8","342.5","247.9","9.84","07-12-2015 13:30","0","07-12-2015 11:13","3.071","358.7","450","-12.28","0.12","07-12-2015 13:14","-18.05","07-12-2015 04:00","NaN","NaN","NaN","NaN","NaN"
"52","2015-09-11 18:30:00+00","1.824","08-12-2015 14:16","-15.33","08-12-2015 07:17","-7.286","72.88","08-12-2015 01:06","26.89","08-12-2015 14:52","132.2","72.67","772","08-12-2015 10:34","-7.42","08-12-2015 01:00","418.6","08-12-2015 10:34","-3.091","08-12-2015 01:00","245.3","179.7","340.1","245.8","8.29","08-12-2015 09:33","0","08-12-2015 11:40","2.9930000000000003","9.47","450","-11.1","0.218","08-12-2015 13:05","-18.4","08-12-2015 02:11","NaN","NaN","NaN","NaN","NaN"
"53","2015-10-11 18:30:00+00","-0.75","09-12-2015 12:14","-8.85","09-12-2015 05:26","-5.61","73.44","09-12-2015 19:14","11.73","09-12-2015 12:36","54.5","29.51","270.9","09-12-2015 12:26","-3.995","09-12-2015 00:29","141","09-12-2015 12:26","-1.287","09-12-2015 05:23","274.8","210.1","300.2","267.9","15.33","09-12-2015 15:36","0","09-12-2015 00:13","2.882","337.7","450","-9.01","-5.613","09-12-2015 13:45","-13.1","09-12-2015 00:03","NaN","NaN","NaN","NaN","NaN"
"54","2015-11-11 18:30:00+00","-3.827","10-12-2015 11:52","-12.63","10-12-2015 07:28","-7.279","93","10-12-2015 23:46","51.2","10-12-2015 10:07","113.9","57.69","862","10-12-2015 11:53","-3.995","10-12-2015 05:43","425.1","10-12-2015 11:53","-0.772","10-12-2015 05:43","282.6","183.9","317.9","255.6","15.03","10-12-2015 23:04","0","10-12-2015 00:10","4.791","166.4","450","-8.18","-0.525","10-12-2015 11:27","-16.92","10-12-2015 09:18","NaN","NaN","NaN","NaN","NaN"
"55","2015-12-11 18:30:00+00","-5.917000000000002","11-12-2015 13:33","-8.89","11-12-2015 23:31","-7.31","92.9","11-12-2015 08:19","52.76","11-12-2015 21:47","48.22","37.85","386.3","11-12-2015 11:49","-3.994","11-12-2015 21:50","307.9","11-12-2015 11:49","-1.287","11-12-2015 03:58","283.1","197.3","288","263.6","18.33","11-12-2015 14:26","0.196","11-12-2015 06:24","6.773","175.7","450","-7.774","-6.114","11-12-2015 13:36","-12.83","11-12-2015 21:59","NaN","NaN","NaN","NaN","NaN"
"56","2015-12-12 18:30:00+00","-7.501","12-12-2015 00:45","-24.29","12-12-2015 23:17","-14.21","88.4","12-12-2015 05:58","51.94","12-12-2015 00:45","155","98","716.6","12-12-2015 12:07","-7.7120000000000015","12-12-2015 21:17","437.8","12-12-2015 11:21","-4.124","12-12-2015 21:17","258.7","149.8","307.6","218.5","10.68","12-12-2015 00:13","0","12-12-2015 01:10","3.499","1.319","450","-15.69","-5.398","12-12-2015 12:56","-25.75","13-12-2015 00:00","NaN","NaN","NaN","NaN","NaN"
"57","2015-12-13 18:30:00+00","-8.89","13-12-2015 14:17","-27.43","13-12-2015 07:50","-18.9","71.4","13-12-2015 02:02","30.91","13-12-2015 13:27","156.2","92","732.9","13-12-2015 12:05","-8.85","13-12-2015 20:39","414.6","13-12-2015 12:24","-3.866","13-12-2015 20:39","173.5","139.6","301.5","206.8","8.37","13-12-2015 02:03","0","13-12-2015 01:31","3.87","4.047","450","-21.14","-6.152","13-12-2015 13:01","-28.84","13-12-2015 07:10","NaN","NaN","NaN","NaN","NaN"
"58","2015-12-14 18:30:00+00","-10.51","14-12-2015 14:33","-28.04","14-12-2015 08:31","-19.84","73.33","14-12-2015 00:54","25.84","14-12-2015 14:33","156.1","89.4","732.4","14-12-2015 12:13","-8.57","14-12-2015 00:41","401.3","14-12-2015 12:12","-5.157","14-12-2015 00:41","164.8","140","292.3","205.3","8.55","14-12-2015 08:33","0","14-12-2015 16:02","4.012","5.113","450","-22.12","-8.42","14-12-2015 13:40","-29.34","14-12-2015 07:06","NaN","NaN","NaN","NaN","NaN"
"59","2015-12-15 18:30:00+00","-9.06","15-12-2015 14:31","-29.05","15-12-2015 04:22","-19.99","70.13","15-12-2015 02:34","24.08","15-12-2015 13:24","156","86.7","734.2","15-12-2015 12:06","-7.717","15-12-2015 01:58","390","15-12-2015 12:14","-4.901","15-12-2015 04:20","168.8","130","297.5","199.8","9.92","15-12-2015 07:43","0","15-12-2015 13:53","4.731","8.55","450","-22.2","-7.412000000000001","15-12-2015 12:55","-31.1","15-12-2015 06:33","NaN","NaN","NaN","NaN","NaN"
"60","2015-12-16 18:30:00+00","-6.836","16-12-2015 15:07","-23.2","16-12-2015 00:47","-15.74","63.44","16-12-2015 21:28","27.67","16-12-2015 17:06","153.6","82.4","721.3","16-12-2015 12:16","-9.43","16-12-2015 00:47","370.2","16-12-2015 12:26","-4.898","16-12-2015 02:58","221.1","153.7","311.8","216.9","8.78","16-12-2015 06:02","0","16-12-2015 15:05","3.899","3.12","450","-18.61","-3.974","16-12-2015 12:57","-25.83","16-12-2015 02:48","NaN","NaN","NaN","NaN","NaN"
"61","2015-12-17 18:30:00+00","-10.71","17-12-2015 12:44","-24.15","17-12-2015 23:07","-14.05","89","17-12-2015 17:35","44.21","17-12-2015 00:51","95.1","72.91","533.6","17-12-2015 12:33","-6.568","17-12-2015 22:52","410.5","17-12-2015 12:33","-2.577","17-12-2015 22:52","259.6","148.3","272.7","213","10.45","17-12-2015 13:57","0","17-12-2015 01:40","3.607","129.5","450","-14.96","-9.75","17-12-2015 12:44","-26.85","17-12-2015 23:48","NaN","NaN","NaN","NaN","NaN"
"62","2015-12-18 18:30:00+00","-12.13","18-12-2015 14:47","-29.5","18-12-2015 07:34","-20.99","76.52","18-12-2015 04:11","33.42","18-12-2015 14:15","155.2","119.9","728.8","18-12-2015 12:14","-7.145","18-12-2015 06:37","543.6","18-12-2015 12:14","-4.385","18-12-2015 04:04","161.1","135.8","266.4","198.3","8.92","18-12-2015 04:32","0","18-12-2015 18:22","4.678","6.834","450","-23.92","-12.1","18-12-2015 12:37","-31.49","18-12-2015 06:09","NaN","NaN","NaN","NaN","NaN"
"63","2015-12-19 18:30:00+00","-4.3","19-12-2015 14:24","-26.79","19-12-2015 05:42","-16.17","67.48","19-12-2015 05:46","18.12","19-12-2015 14:48","154.1","105.9","722","19-12-2015 12:12","-7.4289999999999985","19-12-2015 05:42","479.6","19-12-2015 11:46","-4.642","19-12-2015 05:40","187.9","143.3","302.1","204.8","12.25","19-12-2015 15:26","0","19-12-2015 01:26","4.1610000000000005","355.6","450","-20.54","-7.43","19-12-2015 13:32","-29.07","19-12-2015 05:38","NaN","NaN","NaN","NaN","NaN"
"64","2015-12-20 18:30:00+00","-3.768","20-12-2015 14:34","-24.93","20-12-2015 23:01","-13.9","72.06","20-12-2015 23:03","22.17","20-12-2015 14:36","136","79.74","851","20-12-2015 11:54","-7.427","20-12-2015 23:00","479.8","20-12-2015 11:54","-3.609","20-12-2015 23:00","226.1","147.5","333.2","214.2","6.86","20-12-2015 00:52","0","20-12-2015 00:00","1.74","341.9","450","-17.47","-1.904","20-12-2015 12:11","-26.82","20-12-2015 23:46","NaN","NaN","NaN","NaN","NaN"
"65","2015-12-21 18:30:00+00","-10.5","21-12-2015 13:47","-27.87","21-12-2015 08:13","-19.83","75.2","21-12-2015 00:22","30.11","21-12-2015 13:29","153.3","87.7","719.9","21-12-2015 12:13","-7.4289999999999985","21-12-2015 01:28","396.4","21-12-2015 12:31","-3.868","21-12-2015 01:28","218.4","139.3","291.4","203.4","7.899","21-12-2015 05:56","0","21-12-2015 15:09","4.049","8.25","450","-22.04","-8.87","21-12-2015 13:47","-29.71","21-12-2015 08:09","NaN","NaN","NaN","NaN","NaN"
"66","2015-12-22 18:30:00+00","-8.89","22-12-2015 14:26","-17.69","22-12-2015 00:50","-12.42","88","22-12-2015 07:16","42.1","22-12-2015 14:26","95.8","64.33","452.6","22-12-2015 11:48","-2.57","22-12-2015 00:47","302.8","22-12-2015 11:48","-1.288","22-12-2015 00:49","259.9","210.4","276.5","238.5","14.07","22-12-2015 14:24","0","22-12-2015 00:22","5.172999999999999","174.7","450","-13.15","-9.39","22-12-2015 13:19","-19.29","22-12-2015 00:03","NaN","NaN","NaN","NaN","NaN"
"67","2015-12-23 18:30:00+00","-12.53","23-12-2015 01:38","-26.92","23-12-2015 07:33","-17.13","85.7","23-12-2015 20:27","43.91","23-12-2015 15:50","135.6","87.6","731","23-12-2015 12:21","-5.709","23-12-2015 02:48","461.1","23-12-2015 12:17","-1.289","23-12-2015 05:44","249","141.4","274.7","208.2","8.57","23-12-2015 00:00","0","23-12-2015 04:40","2.8160000000000003","358.8","450","-18.41","-9.98","23-12-2015 12:26","-29.22","23-12-2015 07:38","NaN","NaN","NaN","NaN","NaN"
"68","2015-12-24 18:30:00+00","-10.04","24-12-2015 14:51","-28.21","24-12-2015 06:27","-19.68","83.2","24-12-2015 00:00","34.62","24-12-2015 15:10","151.7","109.3","713.6","24-12-2015 12:05","-8.86","24-12-2015 22:40","498.7","24-12-2015 12:05","-4.641","24-12-2015 22:40","200.1","141.6","283.9","202.3","8.82","24-12-2015 23:06","0.078","24-12-2015 14:49","3.988","4.36","450","-22.31","-9.66","24-12-2015 13:34","-30.03","24-12-2015 06:26","NaN","NaN","NaN","NaN","NaN"
"69","2015-12-25 18:30:00+00","-10.17","25-12-2015 15:01","-26.86","25-12-2015 05:23","-17.28","59.65","25-12-2015 02:54","22.46","25-12-2015 13:47","133.4","87.1","799.2","25-12-2015 11:56","-7.716","25-12-2015 06:27","497.1","25-12-2015 11:56","-5.674","25-12-2015 06:27","246.5","139.9","278.7","204.1","9.68","25-12-2015 10:18","0","25-12-2015 15:45","4.574","9.48","450","-20.46","-9.3","25-12-2015 13:00","-29.35","25-12-2015 05:22","NaN","NaN","NaN","NaN","NaN"
"70","2015-12-26 18:30:00+00","-1.541","26-12-2015 12:39","-18.84","26-12-2015 04:15","-8.69","93.5","26-12-2015 19:43","37.75","26-12-2015 12:39","123.9","73.34","955","26-12-2015 12:40","-5.711","26-12-2015 04:15","538.3","26-12-2015 12:40","-2.834","26-12-2015 04:15","289.4","172.2","319.1","231.1","10.29","26-12-2015 02:07","0","26-12-2015 00:24","3.492","16.03","450","-10.59","0.979","26-12-2015 12:38","-21.95","26-12-2015 01:00","NaN","NaN","NaN","NaN","NaN"
"71","2015-12-27 18:30:00+00","2.101","27-12-2015 14:07","-7.1320000000000014","27-12-2015 06:21","-2.872","93.8","27-12-2015 01:15","30.69","27-12-2015 20:43","137.3","101.6","1007","27-12-2015 13:11","-5.419","27-12-2015 22:16","700.1","27-12-2015 13:11","-2.316","27-12-2015 18:39","288.8","201.5","326.2","264.5","14.74","27-12-2015 14:26","0","27-12-2015 00:16","3.627","202.4","450","-6.902","0.087","27-12-2015 13:17","-14.41","27-12-2015 22:54","NaN","NaN","NaN","NaN","NaN"
"72","2015-12-28 18:30:00+00","-2.071","28-12-2015 13:57","-19.01","28-12-2015 23:56","-10.76","70.49","28-12-2015 05:36","28.93","28-12-2015 15:16","152.5","93.3","709.7","28-12-2015 12:05","-7.706","28-12-2015 18:44","419.1","28-12-2015 11:53","-4.121","28-12-2015 18:44","204.7","162.3","314.3","231","8.58","28-12-2015 14:04","0","28-12-2015 01:13","3.138","358.2","450","-15.13","-2.043","28-12-2015 12:15","-21.95","28-12-2015 23:47","NaN","NaN","NaN","NaN","NaN"
"73","2015-12-29 18:30:00+00","-5.585","29-12-2015 14:20","-22.46","29-12-2015 07:56","-14.09","60.34","29-12-2015 07:58","26.2","29-12-2015 14:20","153.7","87.5","720.7","29-12-2015 12:06","-7.995","29-12-2015 21:01","393.9","29-12-2015 12:45","-4.123","29-12-2015 01:57","219.3","151.6","308.1","219.2","8.13","29-12-2015 04:16","0","29-12-2015 18:24","3.881","4.516","450","-17.42","-4.4030000000000005","29-12-2015 13:22","-24.94","29-12-2015 07:37","NaN","NaN","NaN","NaN","NaN"
"74","2015-12-30 18:30:00+00","-3.548","30-12-2015 12:31","-22.9","30-12-2015 05:36","-14.35","82.2","30-12-2015 10:35","42.02","30-12-2015 04:04","101.5","83.1","885","30-12-2015 12:33","-7.711","30-12-2015 05:36","735.8","30-12-2015 12:33","-3.608","30-12-2015 03:01","260.2","154.3","299.5","213.7","8.25","30-12-2015 00:36","0","30-12-2015 00:59","2.425","350","450","-18.65","-3.492","30-12-2015 12:34","-27.17","30-12-2015 23:10","NaN","NaN","NaN","NaN","NaN"
"75","2015-12-31 18:30:00+00","-9.56","31-12-2015 14:38","-26.65","31-12-2015 06:45","-18.08","73.44","31-12-2015 02:43","31.6","31-12-2015 16:30","157.1","128.1","739.4","31-12-2015 11:41","-7.999","31-12-2015 01:38","583.3","31-12-2015 11:41","-4.127","31-12-2015 05:42","204.8","141.9","268.3","203.2","8.27","31-12-2015 22:46","0.627","31-12-2015 16:17","4.776","8.44","450","-22.21","-11.96","31-12-2015 12:19","-29.93","31-12-2015 06:45","NaN","NaN","NaN","NaN","NaN"
"76","2016-01-31 18:30:00+00","-4.293","01-01-2016 14:06","-20.64","01-01-2016 01:16","-13.54","61.58","01-01-2016 01:20","23.23","01-01-2016 14:06","124.1","91.2","836","01-01-2016 10:46","-7.423999999999999","01-01-2016 23:16","615.1","01-01-2016 10:46","-3.608","01-01-2016 01:00","246.3","164.9","283","222.1","9.17","01-01-2016 08:30","0","01-01-2016 14:02","4.41","8.57","450","-17.49","-7.597","01-01-2016 14:05","-24.41","01-01-2016 06:41","NaN","NaN","NaN","NaN","NaN"
"77","2016-02-29 18:30:00+00","-5.483","02-01-2016 14:53","-23","02-01-2016 06:41","-15.51","67.34","02-01-2016 01:16","27.05","02-01-2016 14:36","155","111.2","774.8","02-01-2016 13:02","-8.85","02-01-2016 20:31","534","02-01-2016 13:02","-6.184","02-01-2016 20:29","197.7","155.9","293.8","214.8","8.29","02-01-2016 09:17","0","02-01-2016 14:51","4.19","7.542999999999998","450","-19.2","-6.157","02-01-2016 13:05","-26.19","02-01-2016 06:41","NaN","NaN","NaN","NaN","NaN"
"78","2016-03-31 18:30:00+00","-5.922999999999999","03-01-2016 14:09","-22.59","03-01-2016 04:35","-14.54","65.83","03-01-2016 02:19","31.44","03-01-2016 13:43","154.6","103.1","792.1","03-01-2016 11:48","-7.997999999999998","03-01-2016 04:16","504.5","03-01-2016 11:48","-4.898","03-01-2016 03:45","206.2","159.8","297.1","218.1","9.19","03-01-2016 08:48","0","03-01-2016 16:15","4.808","7.731","450","-18.11","-5.763","03-01-2016 12:49","-25.03","03-01-2016 06:37","NaN","NaN","NaN","NaN","NaN"
"79","2016-04-30 18:30:00+00","-5.41","04-01-2016 23:38","-18.67","04-01-2016 03:01","-9.72","95.2","04-01-2016 20:18","46","04-01-2016 00:34","83","68.2","473.6","04-01-2016 11:25","-6.853","04-01-2016 03:01","367.2","04-01-2016 10:49","-3.865","04-01-2016 03:01","288.7","173.8","287.4","232","10.23","04-01-2016 22:52","0","04-01-2016 07:53","3.75","29.62","450","-11.28","-6.4670000000000005","04-01-2016 22:33","-21.67","04-01-2016 03:01","NaN","NaN","NaN","NaN","NaN"
"80","2016-05-31 18:30:00+00","0.338","05-01-2016 13:26","-20.84","05-01-2016 23:01","-9.9","94.6","05-01-2016 00:53","43.58","05-01-2016 13:26","159.3","127.9","785.1","05-01-2016 13:47","-5.995","05-01-2016 19:15","601.8","05-01-2016 13:47","-3.092","05-01-2016 22:41","284.2","169","338.7","226.4","9.49","05-01-2016 04:08","0","05-01-2016 09:12","3.6010000000000004","34.05","450","-13.43","-4.548","05-01-2016 13:07","-24.24","05-01-2016 20:41","NaN","NaN","NaN","NaN","NaN"
"81","2016-06-30 18:30:00+00","-9.77","06-01-2016 15:18","-25.3","06-01-2016 06:00","-15.94","69.41","06-01-2016 22:15","30.77","06-01-2016 14:58","144.3","108.4","792.8","06-01-2016 12:07","-9.71","06-01-2016 05:59","587.7","06-01-2016 12:07","-5.1560000000000015","06-01-2016 05:59","245.7","148.2","272.8","207.5","8.58","06-01-2016 06:07","0","06-01-2016 15:43","4.002","7.94","450","-19.45","-11.88","06-01-2016 13:21","-29.17","06-01-2016 08:42","NaN","NaN","NaN","NaN","NaN"
"82","2016-07-31 18:30:00+00","-7.917000000000002","07-01-2016 14:03","-20.2","07-01-2016 07:33","-13.24","85.6","07-01-2016 07:43","45.84","07-01-2016 14:03","147.8","108.5","737.7","07-01-2016 12:50","-4.567","07-01-2016 06:09","541.2","07-01-2016 12:50","-2.576","07-01-2016 02:25","254.8","164.8","284.9","225.8","7.566","07-01-2016 09:52","0","07-01-2016 01:48","2.923","5.604","450","-16.3","-9.6","07-01-2016 13:23","-24.06","07-01-2016 07:32","NaN","NaN","NaN","NaN","NaN"
"83","2016-08-31 18:30:00+00","-8.62","08-01-2016 15:22","-24.35","08-01-2016 23:05","-13.07","90.3","08-01-2016 03:23","58.64","08-01-2016 16:17","107.6","100.5","683","08-01-2016 14:34","-7.709","08-01-2016 18:54","608.1","08-01-2016 14:34","-3.609","08-01-2016 22:49","286.1","147","273.5","205.9","11.68","08-01-2016 14:06","0","08-01-2016 00:21","3.906","11.82","450","-15.75","-9.76","08-01-2016 13:20","-29.71","08-01-2016 23:47","NaN","NaN","NaN","NaN","NaN"
"84","2016-09-30 18:30:00+00","-10.95","09-01-2016 15:10","-29.63","09-01-2016 05:44","-20.48","77.45","09-01-2016 03:27","30.31","09-01-2016 12:42","160.8","135.7","819","09-01-2016 12:37","-8.28","09-01-2016 22:50","668.4","09-01-2016 12:38","-5.6720000000000015","09-01-2016 22:07","187.8","139.3","266.5","194.4","9.58","09-01-2016 07:58","1.078","09-01-2016 16:41","5.971","12.57","450","-25.07","-12.91","09-01-2016 12:57","-33.52","09-01-2016 05:43","NaN","NaN","NaN","NaN","NaN"
"85","2016-10-31 18:30:00+00","-8.22","10-01-2016 14:47","-26.25","10-01-2016 07:44","-17.64","66.08","10-01-2016 20:40","33.06","10-01-2016 14:46","164.6","133.9","758.4","10-01-2016 12:28","-8.57","10-01-2016 20:37","599.4","10-01-2016 12:41","-5.414","10-01-2016 01:47","262.7","149.7","273.5","204.4","8.74","10-01-2016 01:52","0.294","10-01-2016 17:22","5.435","10.4","450","-22.66","-11.19","10-01-2016 12:54","-30.18","10-01-2016 07:43","NaN","NaN","NaN","NaN","NaN"
"86","2016-11-30 18:30:00+00","-6.295","11-01-2016 15:26","-25.27","11-01-2016 08:35","-16.22","66.73","11-01-2016 20:02","32.18","11-01-2016 14:44","149","116.1","978","11-01-2016 12:36","-9.71","11-01-2016 19:39","735","11-01-2016 12:36","-6.699","11-01-2016 19:59","228.5","151.7","279.9","207.7","9.23","11-01-2016 08:51","0","11-01-2016 15:23","5.046","9.09","450","-21.42","-9.05","11-01-2016 14:31","-29.04","11-01-2016 07:36","NaN","NaN","NaN","NaN","NaN"
"87","2016-01-12 18:30:00+00","-4.2330000000000005","12-01-2016 14:20","-22.32","12-01-2016 01:12","-14.26","75.22","12-01-2016 23:49","31.34","12-01-2016 14:20","154","117.5","864","12-01-2016 11:08","-6.853","12-01-2016 07:04","638.8","12-01-2016 11:08","-4.6389999999999985","12-01-2016 01:12","250.4","160.1","292","217.3","8.25","12-01-2016 02:34","0","12-01-2016 13:32","3.817","6.551","450","-18.73","-8.38","12-01-2016 12:53","-26.6","12-01-2016 23:32","NaN","NaN","NaN","NaN","NaN"
"88","2016-01-13 18:30:00+00","-8.93","13-01-2016 14:32","-24.9","13-01-2016 08:26","-17.69","75.86","13-01-2016 03:45","38.17","13-01-2016 13:39","164.4","123.7","753.9","13-01-2016 12:28","-8.28","13-01-2016 22:18","547.5","13-01-2016 12:21","-4.383","13-01-2016 03:36","191.2","148.2","288.8","209.4","7.742000000000001","13-01-2016 06:56","0.314","13-01-2016 15:33","4.121","7.216","450","-22.33","-9.24","13-01-2016 13:26","-28.68","13-01-2016 23:51","NaN","NaN","NaN","NaN","NaN"
"89","2016-01-14 18:30:00+00","-7.027","14-01-2016 14:45","-25.4","14-01-2016 00:53","-15.19","90.9","14-01-2016 23:09","28.75","14-01-2016 14:55","113.6","80.3","567.9","14-01-2016 12:30","-7.713999999999999","14-01-2016 00:08","396.6","14-01-2016 12:30","-4.383","14-01-2016 00:07","263.2","147.6","277.2","207.4","8.43","14-01-2016 07:01","0","14-01-2016 12:40","4.4430000000000005","26.3","450","-17.87","-10.62","14-01-2016 14:45","-29.19","14-01-2016 00:52","NaN","NaN","NaN","NaN","NaN"
"90","2016-01-15 18:30:00+00","-7.343","15-01-2016 14:02","-23.54","15-01-2016 23:39","-12.71","90","15-01-2016 00:00","43.41","15-01-2016 15:27","172.4","138.8","778.3","15-01-2016 12:17","-8.28","15-01-2016 18:12","604.3","15-01-2016 12:10","-4.637","15-01-2016 18:12","261.2","151.7","280.5","210.8","8.7","15-01-2016 01:35","0","15-01-2016 05:34","3.19","24.79","450","-16.69","-7.801","15-01-2016 11:19","-28.7","15-01-2016 23:39","NaN","NaN","NaN","NaN","NaN"
"91","2016-01-16 18:30:00+00","-9.6","16-01-2016 14:37","-27.23","16-01-2016 08:27","-19.08","73.97","16-01-2016 01:26","27.93","16-01-2016 15:05","170.8","130","780.1","16-01-2016 12:32","-9.15","16-01-2016 06:49","575.3","16-01-2016 12:31","-5.932","16-01-2016 06:49","169","141.9","276.7","200","8.08","16-01-2016 08:39","1.078","16-01-2016 17:22","5.296","11.5","450","-23.9","-11.08","16-01-2016 13:28","-31.52","16-01-2016 08:43","NaN","NaN","NaN","NaN","NaN"
"92","2016-01-17 18:30:00+00","-6.39","17-01-2016 13:35","-25.94","17-01-2016 06:48","-17.69","67.86","17-01-2016 23:23","23.84","17-01-2016 13:30","170","126.4","776.1","17-01-2016 12:28","-8.29","17-01-2016 00:57","557.2","17-01-2016 12:23","-4.899","17-01-2016 00:58","181","144.9","297.5","203.4","8.31","17-01-2016 02:02","0","17-01-2016 13:31","4.481","8.45","450","-23.11","-7.848","17-01-2016 13:34","-30.29","17-01-2016 07:19","NaN","NaN","NaN","NaN","NaN"
"93","2016-01-18 18:30:00+00","-7.805","18-01-2016 15:01","-26.65","18-01-2016 07:12","-15.85","79.74","18-01-2016 20:42","41.27","18-01-2016 12:49","112.3","80.5","865","18-01-2016 12:46","-8.29","18-01-2016 06:40","590.8","18-01-2016 12:46","-4.384","18-01-2016 06:40","261.7","148","275.1","204.2","8.49","18-01-2016 09:06","0","18-01-2016 12:01","3.515","4.127","450","-19.72","-10.26","18-01-2016 12:47","-30.66","18-01-2016 08:30","NaN","NaN","NaN","NaN","NaN"
"94","2016-01-19 18:30:00+00","-7.877999999999999","19-01-2016 14:57","-24.29","19-01-2016 23:15","-13.48","87.3","19-01-2016 18:34","42.7","19-01-2016 14:58","127.7","88.1","847","19-01-2016 12:41","-7.426","19-01-2016 22:57","576.1","19-01-2016 12:41","-3.866","19-01-2016 22:57","246","150.4","295.4","212","7.683","19-01-2016 23:19","0","19-01-2016 00:00","2.483","359.8","450","-16.61","-6.82","19-01-2016 12:41","-28.07","19-01-2016 23:18","NaN","NaN","NaN","NaN","NaN"
"95","2016-01-20 18:30:00+00","-5.855","20-01-2016 14:29","-27.03","20-01-2016 21:48","-17.89","68.14","20-01-2016 00:53","15.52","20-01-2016 15:16","173.4","122.6","788","20-01-2016 12:19","-7.716","20-01-2016 23:18","539.1","20-01-2016 12:40","-4.383","20-01-2016 21:48","170.6","136.3","307","203.8","8.11","20-01-2016 23:34","0","20-01-2016 13:32","3.692","359.3","450","-23.29","-7.897","20-01-2016 13:33","-31.16","20-01-2016 21:48","NaN","NaN","NaN","NaN","NaN"
"96","2016-01-21 18:30:00+00","-9.43","21-01-2016 14:54","-28.61","21-01-2016 06:55","-19.88","59","21-01-2016 06:56","27.77","21-01-2016 13:31","176.9","122.8","802","21-01-2016 12:34","-8.29","21-01-2016 23:31","537.2","21-01-2016 12:37","-4.641","21-01-2016 23:31","168.8","134.1","279.2","195","8.35","21-01-2016 03:45","0.274","21-01-2016 18:48","4.755","8.12","450","-24.56","-10.98","21-01-2016 13:30","-32.55","21-01-2016 06:55","NaN","NaN","NaN","NaN","NaN"
"97","2016-01-22 18:30:00+00","-8.96","22-01-2016 14:23","-28.08","22-01-2016 04:05","-19.23","61.94","22-01-2016 23:09","26.51","22-01-2016 14:27","177.4","120.3","801","22-01-2016 12:34","-9.14","22-01-2016 21:14","524.8","22-01-2016 12:51","-5.674","22-01-2016 03:07","170.8","137.8","289.7","199.3","7.762","22-01-2016 06:37","0.706","22-01-2016 18:54","4.565","6.477","450","-24","-10.29","22-01-2016 13:44","-31.71","22-01-2016 05:00","NaN","NaN","NaN","NaN","NaN"
"98","2016-01-23 18:30:00+00","-8.32","23-01-2016 15:10","-28.55","23-01-2016 07:47","-19.27","63.82","23-01-2016 03:46","24.14","23-01-2016 14:52","179","118.9","807","23-01-2016 12:33","-9.71","23-01-2016 01:09","518.1","23-01-2016 12:41","-6.188","23-01-2016 01:09","173.6","135","286.1","197.8","7.957999999999998","23-01-2016 09:16","0.392","23-01-2016 17:43","4.302","4.916","450","-24.03","-10.55","23-01-2016 13:35","-32.12","23-01-2016 06:39","NaN","NaN","NaN","NaN","NaN"
"99","2016-01-24 18:30:00+00","-7.343","24-01-2016 15:14","-28.68","24-01-2016 07:47","-19.38","62.53","24-01-2016 21:03","27.2","24-01-2016 12:23","180.2","117.1","811","24-01-2016 12:33","-10","24-01-2016 01:23","507.3","24-01-2016 12:29","-6.447","24-01-2016 01:23","171","134.6","286.3","195.5","7.899","24-01-2016 07:23","0","24-01-2016 15:12","4.4860000000000015","5.8420000000000005","450","-24.03","-10.18","24-01-2016 13:16","-31.9","24-01-2016 08:30","NaN","NaN","NaN","NaN","NaN"
"100","2016-01-25 18:30:00+00","-4.5710000000000015","25-01-2016 14:26","-27.09","25-01-2016 03:31","-17.73","62.22","25-01-2016 02:14","20.69","25-01-2016 14:24","180","114.6","820","25-01-2016 12:04","-8.57","25-01-2016 05:20","502.2","25-01-2016 12:04","-5.157","25-01-2016 02:06","178.1","139.7","306.5","202.8","9.11","25-01-2016 08:39","0","25-01-2016 13:32","4.371","7.728","450","-22.35","-7.29","25-01-2016 13:32","-30.36","25-01-2016 05:23","NaN","NaN","NaN","NaN","NaN"
"101","2016-01-26 18:30:00+00","-5.562","26-01-2016 13:28","-21.17","26-01-2016 00:46","-11.71","91.9","26-01-2016 19:46","44.75","26-01-2016 04:34","142.9","98.5","760.7","26-01-2016 14:28","-6.854","26-01-2016 00:06","515.9","26-01-2016 11:34","-3.35","26-01-2016 00:05","275.7","162.2","304.6","221.6","14.74","26-01-2016 22:12","0","26-01-2016 03:40","5.49","63.38","450","-13.17","-4.722","26-01-2016 12:37","-25.59","26-01-2016 00:36","NaN","NaN","NaN","NaN","NaN"
"102","2016-01-27 18:30:00+00","-5.112","27-01-2016 15:07","-21.42","27-01-2016 08:47","-12.5","84.3","27-01-2016 07:13","44.37","27-01-2016 17:16","161.6","103","945","27-01-2016 12:46","-8.56","27-01-2016 18:23","571.5","27-01-2016 12:46","-3.35","27-01-2016 06:50","224.6","161.2","307.6","222.5","14.5","27-01-2016 15:02","0","27-01-2016 02:34","4.217","357.4","450","-17.05","-3.85","27-01-2016 12:48","-25.75","27-01-2016 08:44","NaN","NaN","NaN","NaN","NaN"
"103","2016-01-28 18:30:00+00","-3.969","28-01-2016 15:08","-25.17","28-01-2016 04:51","-13.22","75.76","28-01-2016 23:56","24.54","28-01-2016 14:41","182.7","111","936","28-01-2016 13:09","-7.428","28-01-2016 04:52","549.9","28-01-2016 13:00","-4.641","28-01-2016 04:51","261.5","144.3","310.4","208.6","13.25","28-01-2016 17:00","0","28-01-2016 04:19","4.251","13.94","450","-17.25","-5.652","28-01-2016 13:28","-29.87","28-01-2016 08:37","NaN","NaN","NaN","NaN","NaN"
"104","2016-01-29 18:30:00+00","-2.982","29-01-2016 19:51","-9.02","29-01-2016 06:29","-6.522","90.2","29-01-2016 05:02","34.28","29-01-2016 23:42","76.57","62.35","321.2","29-01-2016 12:00","-2.852","29-01-2016 23:36","262.5","29-01-2016 12:56","-1.802","29-01-2016 02:47","286.4","234.5","289.2","273.2","16.25","29-01-2016 19:50","0","29-01-2016 02:34","6.035","173.7","450","-8.2","-6.159","29-01-2016 13:45","-10.61","29-01-2016 00:44","NaN","NaN","NaN","NaN","NaN"
"105","2016-01-30 18:30:00+00","-3.286","30-01-2016 11:52","-17.84","30-01-2016 22:56","-7.157","78.66","30-01-2016 18:55","35.97","30-01-2016 13:17","157.1","90.4","1036","30-01-2016 11:52","-8.56","30-01-2016 22:36","582.1","30-01-2016 11:52","-4.121","30-01-2016 22:36","276","167.4","312.8","234.4","18.11","30-01-2016 02:40","0","30-01-2016 06:08","6.982","185.1","450","-10.38","-3.049","30-01-2016 12:56","-22.72","30-01-2016 23:51","NaN","NaN","NaN","NaN","NaN"
"106","2016-01-01 18:30:00+00","-4.368","31-01-2016 14:02","-24.15","31-01-2016 06:34","-14.86","82.6","31-01-2016 04:08","14.16","31-01-2016 13:59","189","101.5","856","31-01-2016 12:54","-7.996","31-01-2016 01:22","440.1","31-01-2016 14:29","-3.608","31-01-2016 01:22","235.9","145.7","326.4","215.1","13.72","31-01-2016 14:37","0","31-01-2016 01:10","3.499","356.3","450","-17.94","-2.556","31-01-2016 13:13","-27.35","31-01-2016 07:52","NaN","NaN","NaN","NaN","NaN"
"107","2016-02-01 18:30:00+00","-8.22","01-02-2016 15:33","-25.98","01-02-2016 08:33","-17.33","77.47","01-02-2016 08:40","40.03","01-02-2016 14:58","192.7","99.1","838","01-02-2016 12:09","-8.57","01-02-2016 23:13","416.7","01-02-2016 12:05","-4.124","01-02-2016 22:48","196.9","144.2","310.2","210.7","7.585","01-02-2016 23:30","0","01-02-2016 15:48","3.993","9.81","450","-20.01","-5.569","01-02-2016 12:52","-28.23","01-02-2016 08:30","NaN","NaN","NaN","NaN","NaN"
"108","2016-03-01 18:30:00+00","-4.941","02-02-2016 14:14","-27.8","02-02-2016 05:24","-17.33","64.9","02-02-2016 02:29","20.69","02-02-2016 14:13","197","98.1","852","02-02-2016 12:33","-8.57","02-02-2016 06:37","410.5","02-02-2016 12:36","-5.415","02-02-2016 02:24","174.8","132.6","317.3","202.3","8.49","02-02-2016 07:31","0","02-02-2016 14:11","3.874","8.71","450","-20.87","-4.683","02-02-2016 14:14","-31.04","02-02-2016 06:39","NaN","NaN","NaN","NaN","NaN"
"109","2016-04-01 18:30:00+00","-4.537","03-02-2016 14:25","-26.86","03-02-2016 07:46","-16.42","66.03","03-02-2016 01:53","21.5","03-02-2016 14:24","196.9","95.3","849","03-02-2016 12:21","-8.57","03-02-2016 21:13","397.1","03-02-2016 12:20","-4.384","03-02-2016 06:47","185.5","138.7","331.5","206.8","8.88","03-02-2016 07:18","0","03-02-2016 00:18","3.996","8.6","450","-19.4","-2.975","03-02-2016 13:36","-29.07","03-02-2016 07:58","NaN","NaN","NaN","NaN","NaN"
"110","2016-05-01 18:30:00+00","1.5","04-02-2016 15:27","-21.44","04-02-2016 06:57","-11.61","62.7","04-02-2016 00:53","10.61","04-02-2016 15:16","196.8","90.7","847","04-02-2016 12:21","-6.854","04-02-2016 06:18","379.4","04-02-2016 12:19","-4.124","04-02-2016 00:51","222.6","160.1","346.4","223.7","12.07","04-02-2016 15:11","0","04-02-2016 13:12","4.082","357.9","450","-15.29","0.35200000000000004","04-02-2016 13:16","-24.21","04-02-2016 05:27","NaN","NaN","NaN","NaN","NaN"
"111","2016-06-01 18:30:00+00","2.568","05-02-2016 14:29","-14.59","05-02-2016 23:48","-6.816","63.68","05-02-2016 23:49","19.12","05-02-2016 15:56","152.6","65.14","1071","05-02-2016 11:34","-7.421","05-02-2016 22:07","445.2","05-02-2016 11:37","-2.318","05-02-2016 22:07","253.4","176.9","341.6","248.6","11.51","05-02-2016 15:26","0","05-02-2016 00:02","2.512","355.7","450","-10.08","1.4069999999999998","05-02-2016 11:38","-17.75","05-02-2016 23:47","NaN","NaN","NaN","NaN","NaN"
"112","2016-07-01 18:30:00+00","0.79","06-02-2016 15:47","-18.98","06-02-2016 08:31","-9.47","66.55","06-02-2016 05:11","16.73","06-02-2016 16:35","143.7","60.24","1160","06-02-2016 11:27","-6.567","06-02-2016 05:09","469.7","06-02-2016 11:27","-2.319","06-02-2016 05:09","256.2","166.4","334","233.4","9.39","06-02-2016 09:22","0","06-02-2016 05:48","2.88","5.084","450","-12.6","0.363","06-02-2016 13:49","-21.63","06-02-2016 05:50","NaN","NaN","NaN","NaN","NaN"
"113","2016-08-01 18:30:00+00","-5.3820000000000014","07-02-2016 15:18","-16.86","07-02-2016 23:11","-8.69","89.4","07-02-2016 20:17","54.8","07-02-2016 00:15","94.1","79.94","490.6","07-02-2016 13:22","-8.56","07-02-2016 22:43","426.2","07-02-2016 13:22","-4.636","07-02-2016 22:44","273.2","178.9","283.9","234","6.586","07-02-2016 06:54","0","07-02-2016 00:05","2.263","10.67","450","-10.74","-6.9220000000000015","07-02-2016 13:23","-21.52","07-02-2016 23:12","NaN","NaN","NaN","NaN","NaN"
"114","2016-09-01 18:30:00+00","-5.664","08-02-2016 15:50","-23.58","08-02-2016 08:05","-14.8","85.5","08-02-2016 00:28","41.64","08-02-2016 15:34","207.2","174.6","867","08-02-2016 12:29","-8.28","08-02-2016 20:52","713.6","08-02-2016 12:43","-5.669","08-02-2016 20:52","274.2","161.5","284","214","7.546","08-02-2016 23:23","0","08-02-2016 02:23","4.417","9.04","450","-18.96","-8","08-02-2016 14:18","-26.86","08-02-2016 08:05","NaN","NaN","NaN","NaN","NaN"
"115","2016-10-01 18:30:00+00","-2.082","09-02-2016 14:38","-24.62","09-02-2016 08:07","-15.2","68.53","09-02-2016 00:07","24.1","09-02-2016 14:48","209.7","168.1","876","09-02-2016 12:27","-7.428","09-02-2016 03:45","684.8","09-02-2016 12:24","-4.383","09-02-2016 06:35","204.7","152.2","288.7","208.6","8.72","09-02-2016 08:50","0","09-02-2016 14:16","4.365","12.26","450","-19.78","-6.339","09-02-2016 13:46","-28.46","09-02-2016 06:06","NaN","NaN","NaN","NaN","NaN"
"116","2016-11-01 18:30:00+00","-2.982","10-02-2016 13:51","-23.27","10-02-2016 06:23","-12.44","89.8","10-02-2016 23:45","30.22","10-02-2016 13:51","172.7","129.5","987","10-02-2016 13:09","-7.997000000000001","10-02-2016 06:23","706.7","10-02-2016 13:09","-5.155","10-02-2016 06:23","273.7","160.3","291.9","214.9","11.76","10-02-2016 20:07","0","10-02-2016 02:42","4.365","1.338","450","-14.86","-4.475","10-02-2016 12:57","-26.77","10-02-2016 06:22","NaN","NaN","NaN","NaN","NaN"
"117","2016-12-01 18:30:00+00","-9.09","11-02-2016 11:52","-12.6","11-02-2016 23:24","-10.76","88.6","11-02-2016 02:52","36.27","11-02-2016 19:55","104.2","87.3","437.6","11-02-2016 11:52","-2.854","11-02-2016 22:59","364.6","11-02-2016 11:16","-0.773","11-02-2016 22:56","269.2","216","276","251","16.46","11-02-2016 18:26","0","11-02-2016 15:05","5.285","174","450","-11.76","-9.29","11-02-2016 12:10","-16.15","11-02-2016 23:36","NaN","NaN","NaN","NaN","NaN"
"118","2016-02-12 18:30:00+00","-5.619","12-02-2016 15:07","-23.75","12-02-2016 08:33","-12.76","85","12-02-2016 22:04","37.66","12-02-2016 15:05","195.8","145.8","900","12-02-2016 12:32","-5.71","12-02-2016 05:43","661.2","12-02-2016 12:30","-1.803","12-02-2016 06:12","258.3","153.7","284.2","214.6","7.526","12-02-2016 00:37","0","12-02-2016 00:08","2.448","9.61","450","-14.77","-7.415","12-02-2016 13:38","-27.12","12-02-2016 08:38","NaN","NaN","NaN","NaN","NaN"
"119","2016-02-13 18:30:00+00","-7.813","13-02-2016 14:49","-22.73","13-02-2016 23:48","-12.73","90.2","13-02-2016 18:56","55.21","13-02-2016 01:22","127.5","110.4","604.9","13-02-2016 12:08","-6.28","13-02-2016 21:28","507.3","13-02-2016 12:08","-2.576","13-02-2016 21:28","278.8","156.1","277.6","211.6","10.35","13-02-2016 15:38","0","13-02-2016 06:07","4.215","31.33","450","-13.77","-9.01","13-02-2016 14:49","-27.63","13-02-2016 23:59","NaN","NaN","NaN","NaN","NaN"
"120","2016-02-14 18:30:00+00","-7.376","14-02-2016 14:28","-27.36","14-02-2016 07:40","-17.4","88.7","14-02-2016 19:54","36.38","14-02-2016 14:29","219.3","187.9","919","14-02-2016 12:48","-8.56","14-02-2016 22:05","768.5","14-02-2016 12:31","-4.379","14-02-2016 22:05","267","145.6","270.9","197.8","8.33","14-02-2016 08:42","0","14-02-2016 15:02","3.909","12.47","450","-20.84","-9.33","14-02-2016 12:56","-31.37","14-02-2016 07:39","NaN","NaN","NaN","NaN","NaN"
"121","2016-02-15 18:30:00+00","-5.563","15-02-2016 14:43","-24.29","15-02-2016 03:39","-14.88","85.1","15-02-2016 00:25","33.8","15-02-2016 14:21","200.2","165.5","1122","15-02-2016 13:27","-8","15-02-2016 06:45","909","15-02-2016 13:27","-3.094","15-02-2016 04:20","256.1","154.8","280.2","206.9","8.92","15-02-2016 17:42","0","15-02-2016 00:42","2.748","4.645","450","-19.15","-6.144","15-02-2016 13:07","-30.19","15-02-2016 07:13","NaN","NaN","NaN","NaN","NaN"
"122","2016-02-16 18:30:00+00","-4.909","16-02-2016 15:40","-23.47","16-02-2016 08:14","-14.2","86.2","16-02-2016 01:51","33.67","16-02-2016 14:55","212.8","170.5","991","16-02-2016 14:03","-6.851","16-02-2016 21:55","782.8","16-02-2016 14:03","-3.091","16-02-2016 21:54","233.1","155.2","291.2","210.7","7.997000000000001","16-02-2016 09:03","0","16-02-2016 00:19","2.82","5.7860000000000005","450","-18.57","-4.2010000000000005","16-02-2016 13:24","-28.44","16-02-2016 08:10","NaN","NaN","NaN","NaN","NaN"
"123","2016-02-17 18:30:00+00","-3.667","17-02-2016 14:56","-26.18","17-02-2016 08:20","-15.66","79.76","17-02-2016 00:26","26.5","17-02-2016 14:56","230.6","182.4","929","17-02-2016 12:37","-7.425","17-02-2016 00:22","713.7","17-02-2016 12:35","-3.868","17-02-2016 04:07","183.8","147.3","288.6","202.6","8.53","17-02-2016 08:43","0","17-02-2016 14:53","4.005","9.41","450","-20.7","-5.602","17-02-2016 13:10","-29.66","17-02-2016 08:07","NaN","NaN","NaN","NaN","NaN"
"124","2016-02-18 18:30:00+00","-3.125","18-02-2016 15:28","-22.93","18-02-2016 07:01","-13.08","66.9","18-02-2016 01:50","25.38","18-02-2016 14:33","220.3","169.7","1063","18-02-2016 13:28","-7.141","18-02-2016 06:03","791.1","18-02-2016 13:28","-4.124","18-02-2016 06:03","252.9","150.1","293.9","211.5","8.88","18-02-2016 23:01","0","18-02-2016 08:06","4.1960000000000015","8.24","450","-17.42","-4.503","18-02-2016 13:31","-27.89","18-02-2016 07:58","NaN","NaN","NaN","NaN","NaN"
"125","2016-02-19 18:30:00+00","-0.935","19-02-2016 13:11","-10.84","19-02-2016 00:28","-5.981","96.7","19-02-2016 22:05","43.57","19-02-2016 02:32","71.02","93.7","363.3","19-02-2016 11:24","-6.275","19-02-2016 23:30","387.5","19-02-2016 12:23","-1.545","19-02-2016 01:06","316.6","236.4","299.6","260.8","15.84","19-02-2016 23:30","0","19-02-2016 00:23","2.0780000000000003","16.12","450","-7.513","-3.852","19-02-2016 23:30","-13.74","19-02-2016 00:26","NaN","NaN","NaN","NaN","NaN"
"126","2016-02-20 18:30:00+00","-0.142","20-02-2016 00:44","-18.92","20-02-2016 23:59","-5.782","97.5","20-02-2016 04:40","45.98","20-02-2016 00:44","90.2","81.3","456.3","20-02-2016 15:23","-11.98","20-02-2016 01:04","412.9","20-02-2016 14:03","-3.091","20-02-2016 23:37","304.6","169.2","301.9","225.4","23.91","20-02-2016 10:14","0","20-02-2016 10:06","6.675","175.1","450","-7.6960000000000015","-3.419","20-02-2016 07:32","-23.8","20-02-2016 23:59","NaN","NaN","NaN","NaN","NaN"
"127","2016-02-21 18:30:00+00","-5.188","21-02-2016 15:14","-25.23","21-02-2016 07:59","-15.97","86.6","21-02-2016 00:51","30.32","21-02-2016 13:46","244.1","206.9","962","21-02-2016 12:40","-8.85","21-02-2016 00:05","791.5","21-02-2016 12:25","-5.412000000000001","21-02-2016 02:06","187.9","150.5","290.5","203.4","9.82","21-02-2016 07:21","0","21-02-2016 15:59","4.82","6.852","450","-20.87","-7.657999999999999","21-02-2016 13:29","-29.39","21-02-2016 07:59","NaN","NaN","NaN","NaN","NaN"
"128","2016-02-22 18:30:00+00","-1.913","22-02-2016 14:35","-22.74","22-02-2016 23:47","-13.71","67.1","22-02-2016 23:49","29.74","22-02-2016 15:25","245.2","201.2","962","22-02-2016 12:39","-8.85","22-02-2016 06:24","770.1","22-02-2016 12:49","-5.155","22-02-2016 06:24","185","154.6","295","208.4","8.62","22-02-2016 04:15","0","22-02-2016 01:05","3.6010000000000004","0.926","450","-19.63","-4.512","22-02-2016 13:25","-29.9","22-02-2016 07:03","NaN","NaN","NaN","NaN","NaN"
"129","2016-02-23 18:30:00+00","-2.622","23-02-2016 14:08","-26.66","23-02-2016 03:09","-13.93","71.45","23-02-2016 03:13","19.03","23-02-2016 15:13","246.9","198.8","964","23-02-2016 12:26","-11.71","23-02-2016 21:59","754.6","23-02-2016 12:46","-8.5","23-02-2016 21:59","184.5","149.4","296.5","202.1","10.62","23-02-2016 08:15","0.118","23-02-2016 14:00","4.269","354.5","450","-20","-3.689","23-02-2016 13:27","-30.49","23-02-2016 05:30","NaN","NaN","NaN","NaN","NaN"
"130","2016-02-24 18:30:00+00","-4.6160000000000005","24-02-2016 15:45","-27.3","24-02-2016 06:28","-14.92","63.54","24-02-2016 06:31","26.24","24-02-2016 17:33","251.3","198.4","974","24-02-2016 12:37","-10.57","24-02-2016 06:07","743.3","24-02-2016 12:37","-8.51","24-02-2016 06:07","182.7","143","293.3","198.7","7.938","24-02-2016 07:26","0.02","24-02-2016 01:05","4.298","358.1","450","-20.83","-5.747000000000001","24-02-2016 12:40","-31.75","24-02-2016 07:26","NaN","NaN","NaN","NaN","NaN"
"131","2016-02-25 18:30:00+00","-5.49","25-02-2016 14:43","-27.97","25-02-2016 06:21","-15.92","71.19","25-02-2016 23:58","27.71","25-02-2016 15:04","252.9","197.4","979","25-02-2016 12:26","-9.43","25-02-2016 06:21","742","25-02-2016 12:32","-6.185","25-02-2016 23:55","187.8","145.9","288.4","199.7","7.899","25-02-2016 04:57","0.196","25-02-2016 19:47","4.479","6.4670000000000005","450","-20.85","-6.0779999999999985","25-02-2016 13:18","-31.26","25-02-2016 06:21","NaN","NaN","NaN","NaN","NaN"
"132","2016-02-26 18:30:00+00","-4.447","26-02-2016 16:24","-25.37","26-02-2016 07:07","-15.08","72.71","26-02-2016 05:23","31.5","26-02-2016 15:33","252.7","195.1","976","26-02-2016 12:37","-9.43","26-02-2016 04:52","727","26-02-2016 12:32","-6.7010000000000005","26-02-2016 01:46","196.9","152.1","294.3","204.8","7.957999999999998","26-02-2016 08:11","0.333","26-02-2016 16:20","4.5139999999999985","7.944","450","-19.59","-5.484","26-02-2016 13:08","-28.97","26-02-2016 07:12","NaN","NaN","NaN","NaN","NaN"
"133","2016-02-27 18:30:00+00","-3.839","27-02-2016 15:22","-23.91","27-02-2016 05:45","-14.41","68.31","27-02-2016 23:51","33.69","27-02-2016 14:56","256.6","195.3","985","27-02-2016 12:36","-9.71","27-02-2016 00:28","724.8","27-02-2016 12:43","-6.959","27-02-2016 00:28","191.6","152.8","294.4","209.2","7.84","27-02-2016 04:41","0","27-02-2016 17:31","4.657","10.8","450","-19.18","-4.957","27-02-2016 13:28","-28.18","27-02-2016 04:15","NaN","NaN","NaN","NaN","NaN"
"134","2016-02-28 18:30:00+00","-3.096","28-02-2016 15:26","-25","28-02-2016 08:20","-13.85","65.76","28-02-2016 01:00","29.54","28-02-2016 15:20","259.9","194.2","991","28-02-2016 12:36","-9.13","28-02-2016 21:16","716.1","28-02-2016 12:40","-5.414","28-02-2016 05:57","192.3","152.8","297.2","209.4","7.566","28-02-2016 03:38","0","28-02-2016 16:40","4.336","9.15","450","-18.54","-4.186","28-02-2016 13:14","-28.84","28-02-2016 08:18","NaN","NaN","NaN","NaN","NaN"
"135","2016-01-02 18:30:00+00","-0.594","29-02-2016 13:25","-24.29","29-02-2016 05:42","-13.17","91.8","29-02-2016 17:04","28.29","29-02-2016 13:25","250.1","181.7","980","29-02-2016 12:34","-10.28","29-02-2016 00:13","694.2","29-02-2016 12:31","-6.184","29-02-2016 00:13","213.5","159.3","304.6","212.7","11","29-02-2016 16:28","0","29-02-2016 13:23","4.258","10.29","450","-16.9","-1.689","29-02-2016 13:25","-27.37","29-02-2016 05:42","NaN","NaN","NaN","NaN","NaN"
"136","2016-02-02 18:30:00+00","-0.226","01-03-2016 16:00","-23.51","01-03-2016 07:24","-13.21","79.11","01-03-2016 00:43","27.98","01-03-2016 16:01","257.6","182.8","1032","01-03-2016 12:27","-9.14","01-03-2016 23:25","707.9","01-03-2016 12:27","-5.4129999999999985","01-03-2016 05:53","201.1","159","304.6","214.9","8.04","01-03-2016 06:51","0","01-03-2016 15:56","4.452","11.32","450","-17.25","-4.257","01-03-2016 13:10","-26.63","01-03-2016 07:37","NaN","NaN","NaN","NaN","NaN"
"137","2016-03-02 18:30:00+00","-0.574","02-03-2016 15:19","-22.32","02-03-2016 06:08","-11.68","70.21","02-03-2016 22:59","24.5","02-03-2016 14:07","228.2","158.7","1005","02-03-2016 13:32","-7.425","02-03-2016 04:25","675.7","02-03-2016 13:32","-4.381","02-03-2016 05:06","223.1","164.2","306.5","217.9","8.06","02-03-2016 08:50","0","02-03-2016 15:19","4.226","11.18","450","-15.93","-1.199","02-03-2016 13:45","-25.75","02-03-2016 05:59","NaN","NaN","NaN","NaN","NaN"
"138","2016-04-02 18:30:00+00","3.919","03-03-2016 14:25","-21.28","03-03-2016 06:24","-10.36","77.32","03-03-2016 06:26","27.09","03-03-2016 14:25","258.9","172.4","1033","03-03-2016 12:19","-9.42","03-03-2016 06:23","673.3","03-03-2016 12:19","-5.4110000000000005","03-03-2016 06:23","209.7","167.4","326.5","224.9","7.428","03-03-2016 08:37","0","03-03-2016 13:48","3.658","6.444","450","-14.45","-0.595","03-03-2016 14:22","-23.82","03-03-2016 07:19","NaN","NaN","NaN","NaN","NaN"
"139","2016-05-02 18:30:00+00","2.907","04-03-2016 14:05","-19.15","04-03-2016 07:49","-8.91","95.6","04-03-2016 20:05","26.35","04-03-2016 14:10","257","157.4","997","04-03-2016 12:32","-7.9929999999999986","04-03-2016 01:04","595.4","04-03-2016 12:35","-4.122","04-03-2016 00:42","282.4","170.8","318.5","230","8.72","04-03-2016 17:37","0","04-03-2016 13:59","4.017","12.03","450","-11.5","-0.501","04-03-2016 14:03","-22.82","04-03-2016 07:49","NaN","NaN","NaN","NaN","NaN"
"140","2016-06-02 18:30:00+00","-0.394","05-03-2016 14:43","-16.48","05-03-2016 07:17","-8.02","94.5","05-03-2016 18:33","41.5","05-03-2016 12:59","214.5","123.1","1146","05-03-2016 13:56","-6.279","05-03-2016 23:33","637.5","05-03-2016 13:56","-1.288","05-03-2016 05:03","286.6","183.6","320","244.5","10.58","05-03-2016 15:52","0","05-03-2016 00:07","3.888","12.21","450","-10.13","-1.258","05-03-2016 13:08","-19.23","05-03-2016 06:37","NaN","NaN","NaN","NaN","NaN"
"141","2016-07-02 18:30:00+00","-0.838","06-03-2016 13:19","-13.84","06-03-2016 01:56","-7.403","85.5","06-03-2016 22:37","44.64","06-03-2016 15:00","261.7","148.2","1085","06-03-2016 13:48","-7.421","06-03-2016 00:10","578.9","06-03-2016 12:39","-1.803","06-03-2016 01:55","277","173.3","336.7","251.8","9.6","06-03-2016 18:23","0","06-03-2016 05:20","4.121","36.1","450","-8.77","-0.003","06-03-2016 13:16","-18","06-03-2016 01:15","NaN","NaN","NaN","NaN","NaN"
"142","2016-08-02 18:30:00+00","-0.032","07-03-2016 13:06","-11.31","07-03-2016 06:07","-6.527","91.8","07-03-2016 21:27","44.88","07-03-2016 12:47","218.8","120.3","1198","07-03-2016 12:25","-3.994","07-03-2016 23:17","617.2","07-03-2016 12:25","-1.287","07-03-2016 06:05","279.1","192.5","336.5","269.1","10.62","07-03-2016 15:28","0","07-03-2016 04:44","2.922","18.2","450","-7.362","0.706","07-03-2016 13:06","-12.78","07-03-2016 07:30","NaN","NaN","NaN","NaN","NaN"
"143","2016-09-02 18:30:00+00","0.405","08-03-2016 14:53","-16.61","08-03-2016 05:56","-8.98","91","08-03-2016 00:10","30.95","08-03-2016 15:48","279.2","146","1017","08-03-2016 12:27","-8.56","08-03-2016 21:55","511.6","08-03-2016 12:33","-2.833","08-03-2016 21:55","266.1","170.6","337.9","243.5","6.957999999999998","08-03-2016 07:52","0","08-03-2016 01:04","3.342","9.76","450","-11.76","-0.444","08-03-2016 13:47","-20.21","08-03-2016 05:26","NaN","NaN","NaN","NaN","NaN"
"144","2016-10-02 18:30:00+00","-0.059","09-03-2016 14:42","-20.5","09-03-2016 07:50","-10.03","74.1","09-03-2016 03:41","24.03","09-03-2016 13:50","257.8","130","1061","09-03-2016 13:09","-8.85","09-03-2016 03:11","517.7","09-03-2016 13:08","-4.638","09-03-2016 03:11","258.4","163.3","334.9","230.2","6.8210000000000015","09-03-2016 04:57","0","09-03-2016 19:23","4.006","15.11","450","-12.88","-0.848","09-03-2016 14:41","-23.82","09-03-2016 07:10","NaN","NaN","NaN","NaN","NaN"
"145","2016-11-02 18:30:00+00","2.8710000000000004","10-03-2016 15:47","-18","10-03-2016 07:04","-7.263","95.3","10-03-2016 22:06","25.34","10-03-2016 14:51","284.8","135.7","1177","10-03-2016 10:01","-7.991","10-03-2016 01:25","557.7","10-03-2016 10:01","-4.123","10-03-2016 05:38","292.4","175.2","349.7","240.3","12.56","10-03-2016 20:44","0","10-03-2016 15:44","3.314","14.02","450","-9.15","-0.119","10-03-2016 14:43","-20.81","10-03-2016 07:09","NaN","NaN","NaN","NaN","NaN"
"146","2016-12-02 18:30:00+00","0.5870000000000001","11-03-2016 14:12","-7.433","11-03-2016 05:00","-4.5","97.8","11-03-2016 20:37","68","11-03-2016 14:14","158.7","121.2","871","11-03-2016 10:52","-2.853","11-03-2016 04:01","649.2","11-03-2016 10:52","-0.257","11-03-2016 02:14","311.8","231.2","313.8","279.9","10.8","11-03-2016 23:37","0","11-03-2016 00:34","3.092","105.8","450","-5.1110000000000015","-1.58","11-03-2016 10:49","-9.77","11-03-2016 04:02","NaN","NaN","NaN","NaN","NaN"
"147","2016-03-12 18:30:00+00","0.588","12-03-2016 11:40","-7.805","12-03-2016 22:27","-5.497000000000001","96.6","12-03-2016 04:43","52.72","12-03-2016 11:41","191.6","171.1","1079","12-03-2016 10:34","-1.426","12-03-2016 00:25","919","12-03-2016 10:34","-0.515","12-03-2016 00:52","292.2","231.9","303.8","280.3","11.88","12-03-2016 18:11","0","12-03-2016 01:39","4.242","165","450","-6.017","-0.865","12-03-2016 11:34","-8.43","12-03-2016 22:44","NaN","NaN","NaN","NaN","NaN"
"148","2016-03-13 18:30:00+00","2.639","13-03-2016 12:06","-13.67","13-03-2016 23:59","-7.148","94.3","13-03-2016 00:07","43.78","13-03-2016 12:33","153.4","185.6","882","13-03-2016 13:09","-3.995","13-03-2016 22:31","801","13-03-2016 13:09","-1.803","13-03-2016 22:31","318.1","197.3","341.9","233.9","6.997000000000001","13-03-2016 18:46","0","13-03-2016 00:00","1.33","3.869","450","-9.45","-3.026","13-03-2016 14:09","-22.11","13-03-2016 23:46","NaN","NaN","NaN","NaN","NaN"
"149","2016-03-14 18:30:00+00","-1.964","14-03-2016 11:29","-20.2","14-03-2016 05:07","-11.98","90.5","14-03-2016 20:50","39.59","14-03-2016 11:29","242.1","212","1237","14-03-2016 12:28","-7.423999999999999","14-03-2016 05:04","1047","14-03-2016 12:28","-4.638","14-03-2016 05:04","276.3","180.2","297.1","229.2","11.19","14-03-2016 15:20","0","14-03-2016 00:09","3.29","6.824","450","-15.33","-1.643","14-03-2016 12:28","-23.37","14-03-2016 23:19","NaN","NaN","NaN","NaN","NaN"
"150","2016-03-15 18:30:00+00","-3.366","15-03-2016 13:54","-19.82","15-03-2016 23:41","-12.48","87.7","15-03-2016 00:00","39.86","15-03-2016 16:26","295.1","246.3","1105","15-03-2016 13:37","-7.707000000000002","15-03-2016 21:15","924","15-03-2016 13:37","-3.607","15-03-2016 21:15","227.6","151.1","293.1","218.1","13.17","15-03-2016 14:57","0","15-03-2016 01:02","3.59","0.009000000000000001","450","-16.57","-3.443","15-03-2016 13:56","-25.63","15-03-2016 23:33","NaN","NaN","NaN","NaN","NaN"
"151","2016-03-16 18:30:00+00","-5.154","16-03-2016 15:59","-24.96","16-03-2016 06:53","-14.74","72.99","16-03-2016 00:24","23.76","16-03-2016 15:37","298.4","245.9","1104","16-03-2016 12:35","-8.56","16-03-2016 19:08","894","16-03-2016 12:34","-5.4129999999999985","16-03-2016 02:04","213.8","146.6","291.3","206.2","8.6","16-03-2016 02:06","0.078","16-03-2016 23:53","4.76","11.38","450","-18.92","-6.652","16-03-2016 12:24","-28.84","16-03-2016 08:08","NaN","NaN","NaN","NaN","NaN"
"152","2016-03-17 18:30:00+00","-1.973","17-03-2016 10:50","-20.23","17-03-2016 03:04","-9.36","95.2","17-03-2016 22:45","40.19","17-03-2016 10:51","201.4","174.5","909","17-03-2016 10:42","-5.997000000000001","17-03-2016 01:53","759.7","17-03-2016 11:57","-4.123","17-03-2016 03:05","309.9","169.5","297","223.4","9.92","17-03-2016 17:27","0","17-03-2016 02:05","3.795","23.64","450","-11.19","-2.619","17-03-2016 10:48","-24.43","17-03-2016 01:53","NaN","NaN","NaN","NaN","NaN"
"153","2016-03-18 18:30:00+00","2.233","18-03-2016 13:21","-8.68","18-03-2016 22:18","-4.7810000000000015","96.3","18-03-2016 04:22","52.23","18-03-2016 13:22","223.2","202.5","1499","18-03-2016 13:35","-5.135","18-03-2016 19:32","1294","18-03-2016 13:19","-0.773","18-03-2016 22:18","303","199","313","257.5","11.45","18-03-2016 12:00","0","18-03-2016 00:55","4.4910000000000005","165.3","450","-6.858","0.945","18-03-2016 13:20","-15.75","18-03-2016 19:03","NaN","NaN","NaN","NaN","NaN"
"154","2016-03-19 18:30:00+00","-1.568","19-03-2016 15:28","-17.79","19-03-2016 23:44","-7.379","94.3","19-03-2016 00:29","55.36","19-03-2016 11:25","175.1","163.9","975","19-03-2016 14:25","-6.567","19-03-2016 23:44","840","19-03-2016 14:25","-3.092","19-03-2016 23:44","314.1","177.7","294.7","224.2","11.17","19-03-2016 10:55","0","19-03-2016 09:27","4.52","157.8","450","-10.08","-4.543","19-03-2016 15:27","-24.02","19-03-2016 23:06","NaN","NaN","NaN","NaN","NaN"
"155","2016-03-20 18:30:00+00","-0.034","20-03-2016 14:16","-20.03","20-03-2016 01:37","-9.17","91.2","20-03-2016 21:24","39.6","20-03-2016 15:16","232.1","208.4","1387","20-03-2016 13:43","-6.282","20-03-2016 00:46","1195","20-03-2016 13:43","-3.092","20-03-2016 00:46","292.6","174.9","307.9","219.8","15.09","20-03-2016 15:18","0","20-03-2016 11:04","5.226","72.63","450","-10.99","-0.624","20-03-2016 13:59","-25.15","20-03-2016 00:45","NaN","NaN","NaN","NaN","NaN"
"156","2016-03-21 18:30:00+00","-0.403","21-03-2016 13:50","-22.4","21-03-2016 06:16","-11.35","84.2","21-03-2016 06:27","30.24","21-03-2016 13:50","315.9","265","1087","21-03-2016 12:43","-9.71","21-03-2016 22:04","903","21-03-2016 12:06","-5.667999999999998","21-03-2016 22:04","249.4","126.3","309","211.5","11.74","21-03-2016 00:02","0","21-03-2016 02:35","3.597","2.866","450","-16.29","-1.151","21-03-2016 12:28","-27.56","21-03-2016 07:47","NaN","NaN","NaN","NaN","NaN"
"157","2016-03-22 18:30:00+00","-3.4","22-03-2016 14:48","-24.32","22-03-2016 02:04","-13.66","68.5","22-03-2016 02:07","22.1","22-03-2016 15:33","323.5","267.6","1128","22-03-2016 12:25","-11.14","22-03-2016 02:04","918","22-03-2016 12:25","-7.732","22-03-2016 02:04","189.5","144","299.2","203.3","8.45","22-03-2016 23:18","0.784","22-03-2016 06:26","4.541","8.79","450","-19.49","-4.465","22-03-2016 13:30","-30.06","22-03-2016 06:46","NaN","NaN","NaN","NaN","NaN"
"158","2016-03-23 18:30:00+00","-1.577","23-03-2016 14:50","-24.63","23-03-2016 05:57","-11.79","64.27","23-03-2016 05:59","24.77","23-03-2016 13:32","294.9","245.2","1451","23-03-2016 11:28","-11.14","23-03-2016 05:28","1154","23-03-2016 11:28","-8.51","23-03-2016 05:28","257.3","151.5","303.3","206.3","9.45","23-03-2016 01:16","0.51","23-03-2016 18:24","5.146","11.79","450","-16.36","-2.007","23-03-2016 13:13","-28.92","23-03-2016 05:57","NaN","NaN","NaN","NaN","NaN"
"159","2016-03-24 18:30:00+00","7.218","24-03-2016 12:31","-17.53","24-03-2016 02:04","-6.819","97.2","24-03-2016 20:37","19.46","24-03-2016 12:14","240.8","202.8","1182","24-03-2016 12:33","-6.851","24-03-2016 01:56","947","24-03-2016 12:33","-4.122","24-03-2016 01:56","295.3","181.5","319.4","231.7","9.23","24-03-2016 02:24","0","24-03-2016 11:52","4.253","13.83","450","-9.78","1.3090000000000002","24-03-2016 12:27","-21.52","24-03-2016 03:42","NaN","NaN","NaN","NaN","NaN"
"160","2016-03-25 18:30:00+00","12.54","25-03-2016 13:18","-7.67","25-03-2016 02:44","-1.725","94.8","25-03-2016 00:00","28.57","25-03-2016 13:18","306","240.4","1366","25-03-2016 13:03","-2.853","25-03-2016 02:14","1014","25-03-2016 13:03","-1.287","25-03-2016 05:54","302.9","188.1","318.9","264.7","8.55","25-03-2016 18:29","0","25-03-2016 00:07","2.174","17.68","450","-4.4830000000000005","1.22","25-03-2016 13:11","-13.08","25-03-2016 07:43","NaN","NaN","NaN","NaN","NaN"
"161","2016-03-26 18:30:00+00","0.959","26-03-2016 14:52","-13.71","26-03-2016 21:19","-4.525","97.2","26-03-2016 03:13","59.34","26-03-2016 12:45","151.2","136.6","933","26-03-2016 12:20","-7.989","26-03-2016 21:17","797.6","26-03-2016 12:20","-3.862","26-03-2016 21:17","322.9","215.8","311.1","241.9","14.25","26-03-2016 09:40","0","26-03-2016 09:09","3.973","153","450","-6.634","-1.041","26-03-2016 12:41","-19.25","26-03-2016 23:49","NaN","NaN","NaN","NaN","NaN"
"162","2016-03-27 18:30:00+00","-1.4069999999999998","27-03-2016 14:02","-18.4","27-03-2016 07:37","-9.25","95.8","27-03-2016 19:36","42.75","27-03-2016 13:47","261.2","207.5","1257","27-03-2016 13:46","-7.1370000000000005","27-03-2016 00:33","968","27-03-2016 13:46","-3.092","27-03-2016 02:23","294.1","171.7","299.6","227.7","8.13","27-03-2016 04:56","0","27-03-2016 16:01","3.791","20.89","450","-11.13","-1.94","27-03-2016 13:39","-22.65","27-03-2016 06:34","NaN","NaN","NaN","NaN","NaN"
"163","2016-03-28 18:30:00+00","-0.636","28-03-2016 15:31","-20.64","28-03-2016 07:10","-9.23","87.5","28-03-2016 02:55","35.3","28-03-2016 15:51","285.2","275.5","1225","28-03-2016 12:43","-5.707999999999998","28-03-2016 22:59","1020","28-03-2016 12:43","-7.212999999999999","28-03-2016 04:36","280","184","307.2","220.7","7.193","28-03-2016 09:17","0","28-03-2016 17:32","4.163","7.856","450","-13.74","-2.3080000000000003","28-03-2016 12:45","-24.37","28-03-2016 07:09","NaN","NaN","NaN","NaN","NaN"
"164","2016-03-29 18:30:00+00","7.181","29-03-2016 14:34","-13.95","29-03-2016 03:15","-5.495","77.08","29-03-2016 23:47","22.56","29-03-2016 14:34","307","244.4","1512","29-03-2016 11:15","-5.706","29-03-2016 23:00","1187","29-03-2016 11:15","-3.091","29-03-2016 02:18","263.5","168.6","312.8","243.7","8.72","29-03-2016 04:41","0","29-03-2016 00:47","3.76","8.3","450","-9.57","0.653","29-03-2016 14:34","-18.48","29-03-2016 02:33","NaN","NaN","NaN","NaN","NaN"
"165","2016-03-30 18:30:00+00","6.877999999999999","30-03-2016 14:53","-15.16","30-03-2016 07:26","-5.83","78.55","30-03-2016 03:00","27.15","30-03-2016 14:54","309.6","227.1","1211","30-03-2016 14:13","-8.28","30-03-2016 03:00","852","30-03-2016 14:13","-3.606","30-03-2016 03:00","249.5","160.8","327.4","239.3","7.0760000000000005","30-03-2016 04:04","0","30-03-2016 12:55","3.209","4.707","450","-9.94","0.924","30-03-2016 14:43","-19.58","30-03-2016 06:56","NaN","NaN","NaN","NaN","NaN"
"166","2016-01-03 18:30:00+00","7.181","31-03-2016 13:55","-16.21","31-03-2016 05:35","-5.9460000000000015","77.87","31-03-2016 05:37","21.92","31-03-2016 13:51","319","230.5","1209","31-03-2016 13:07","-7.421","31-03-2016 04:37","854","31-03-2016 13:05","-3.091","31-03-2016 04:37","248.1","168.5","332.6","234.8","7.154","31-03-2016 07:04","0","31-03-2016 13:42","3.374","0.421","450","-10.16","0.526","31-03-2016 13:43","-20.68","31-03-2016 05:35","NaN","NaN","NaN","NaN","NaN"
"167","2016-02-03 18:30:00+00","7.206","01-04-2016 14:32","-11.79","01-04-2016 07:18","-2.928","74.46","01-04-2016 04:32","26.61","01-04-2016 13:51","307.9","216.5","1259","01-04-2016 12:39","-6.278","01-04-2016 01:35","863","01-04-2016 12:39","-3.09","01-04-2016 04:31","293.2","188.2","335.7","251.9","9.7","01-04-2016 17:44","0","01-04-2016 13:43","3.349","15.74","450","-7.107","0.9","01-04-2016 13:49","-16.44","01-04-2016 07:11","NaN","NaN","NaN","NaN","NaN"
"168","2016-03-03 18:30:00+00","11.18","02-04-2016 12:55","-3.895","02-04-2016 23:47","0.91","98.4","02-04-2016 05:59","41.66","02-04-2016 12:55","289.1","206.5","1385","02-04-2016 13:21","-5.134","02-04-2016 23:48","884","02-04-2016 12:50","-1.287","02-04-2016 23:48","314","212.4","328.2","283.8","10.49","02-04-2016 00:35","0","02-04-2016 00:08","2.414","58.68","450","-2.4290000000000003","1.769","02-04-2016 11:45","-8.61","02-04-2016 23:25","NaN","NaN","NaN","NaN","NaN"
"169","2016-04-03 18:30:00+00","11.9","03-04-2016 11:56","-6.391","03-04-2016 05:29","0.08900000000000001","83.4","03-04-2016 18:59","24.72","03-04-2016 11:59","265.4","174.1","1341","03-04-2016 12:23","-5.135","03-04-2016 03:06","826","03-04-2016 12:23","-1.544","03-04-2016 21:04","308.5","217.3","330.9","277.7","13.17","03-04-2016 20:51","0","03-04-2016 03:04","3.284","6.2410000000000005","450","-3.673","1.7519999999999998","03-04-2016 11:55","-10.37","03-04-2016 03:05","NaN","NaN","NaN","NaN","NaN"
"170","2016-05-03 18:30:00+00","0.52","04-04-2016 13:42","-4.2330000000000005","04-04-2016 22:46","-2.577","98.4","04-04-2016 05:55","69.68","04-04-2016 15:18","168.2","154.7","953","04-04-2016 15:07","-1.996","04-04-2016 19:38","803","04-04-2016 15:07","-0.772","04-04-2016 20:28","311.1","238.3","314.4","294.9","12.7","04-04-2016 08:07","0","04-04-2016 00:11","3.577","146.9","450","-3.298","-0.685","04-04-2016 15:08","-5.317","04-04-2016 16:35","NaN","NaN","NaN","NaN","NaN"
"171","2016-06-03 18:30:00+00","6.587999999999999","05-04-2016 13:18","-8.48","05-04-2016 07:00","-3.261","97.5","05-04-2016 01:29","35.91","05-04-2016 13:19","276.2","246.6","1174","05-04-2016 12:42","-3.423","05-04-2016 23:16","991","05-04-2016 12:42","-1.802","05-04-2016 04:28","315.7","245.9","321.7","265.2","10","05-04-2016 16:29","0","05-04-2016 00:08","2.8680000000000003","359.6","450","-4.947","0.974","05-04-2016 13:17","-13.33","05-04-2016 03:49","NaN","NaN","NaN","NaN","NaN"
"172","2016-07-03 18:30:00+00","3.431","06-04-2016 11:30","-9.9","06-04-2016 05:37","-4.279","97.6","06-04-2016 23:46","40.8","06-04-2016 10:54","215.6","183.1","1257","06-04-2016 11:19","-3.995","06-04-2016 05:10","988","06-04-2016 11:19","-2.575","06-04-2016 05:22","321.5","227.7","313.8","264.2","8.57","06-04-2016 12:17","0","06-04-2016 01:55","2.234","21.52","450","-5.808","1.222","06-04-2016 11:19","-13.13","06-04-2016 04:29","NaN","NaN","NaN","NaN","NaN"
"173","2016-08-03 18:30:00+00","3.2060000000000004","07-04-2016 14:50","-12.33","07-04-2016 23:49","-5.916","97.6","07-04-2016 00:34","32.16","07-04-2016 14:50","217.7","240.8","1051","07-04-2016 12:16","-5.707000000000002","07-04-2016 22:59","945","07-04-2016 12:16","-3.346","07-04-2016 03:46","311.2","192.5","319.2","245.5","8.8","07-04-2016 00:59","0","07-04-2016 02:05","2.904","2.952","450","-9.4","-1.41","07-04-2016 14:54","-18.04","07-04-2016 23:43","NaN","NaN","NaN","NaN","NaN"
"174","2016-09-03 18:30:00+00","0.878","08-04-2016 14:44","-18.98","08-04-2016 06:50","-8.22","95.9","08-04-2016 22:17","34.93","08-04-2016 14:45","337","270.1","1167","08-04-2016 12:26","-7.417000000000002","08-04-2016 23:39","920","08-04-2016 12:32","-3.092","08-04-2016 04:39","291.8","167.9","307.9","223.7","7.3889999999999985","08-04-2016 07:16","0","08-04-2016 16:27","3.503","17.24","450","-10.4","-2.005","08-04-2016 15:08","-23.72","08-04-2016 06:05","NaN","NaN","NaN","NaN","NaN"
"175","2016-10-03 18:30:00+00","2.697","09-04-2016 12:17","-10.71","09-04-2016 01:48","-5.212999999999999","95.4","09-04-2016 18:59","46.82","09-04-2016 12:17","242.1","235.4","1373","09-04-2016 11:52","-6.847","09-04-2016 00:00","1139","09-04-2016 11:52","-3.09","09-04-2016 01:48","312.3","179.4","363.5","256","7.722","09-04-2016 15:27","0","09-04-2016 00:55","2.984","18.73","450","-6.68","0.931","09-04-2016 11:47","-15.5","09-04-2016 03:51","NaN","NaN","NaN","NaN","NaN"
"176","2016-11-03 18:30:00+00","10.96","10-04-2016 13:31","-9.97","10-04-2016 06:42","-3.811","97.5","10-04-2016 22:51","26.95","10-04-2016 13:31","303.3","250.5","1278","10-04-2016 10:53","-3.994","10-04-2016 03:24","1031","10-04-2016 10:53","-0.515","10-04-2016 04:23","299","210.7","316.5","263.2","8.51","10-04-2016 15:53","0","10-04-2016 00:00","3.495","53.32","450","-4.992","1.195","10-04-2016 13:28","-13.03","10-04-2016 06:31","NaN","NaN","NaN","NaN","NaN"
"177","2016-12-03 18:30:00+00","1.763","11-04-2016 09:45","-16.72","11-04-2016 23:43","-4.51","98.1","11-04-2016 01:00","55.24","11-04-2016 09:58","219.3","196.8","848","11-04-2016 09:10","-6.848","11-04-2016 21:26","721","11-04-2016 09:10","-3.091","11-04-2016 23:40","321.1","180.9","314.3","228.8","8.51","11-04-2016 04:12","0","11-04-2016 07:13","3.422","162.9","450","-7.726","-0.728","11-04-2016 15:23","-22.6","11-04-2016 23:58","NaN","NaN","NaN","NaN","NaN"
"178","2016-04-12 18:30:00+00","0.068","12-04-2016 16:15","-21.45","12-04-2016 04:36","-9.71","82.4","12-04-2016 04:38","28.75","12-04-2016 15:11","368.9","297.9","1186","12-04-2016 12:33","-7.71","12-04-2016 04:07","942","12-04-2016 12:16","-4.381","12-04-2016 04:07","203.9","164.3","306.2","217.3","7.546","12-04-2016 04:58","0.47","12-04-2016 20:16","4.254","7.51","450","-14.21","-3.1830000000000003","12-04-2016 12:05","-25.73","12-04-2016 05:28","NaN","NaN","NaN","NaN","NaN"
"179","2016-04-13 18:30:00+00","8.19","13-04-2016 14:12","-15.43","13-04-2016 06:01","-6.227","95.7","13-04-2016 18:53","20.03","13-04-2016 13:57","352.5","272.6","1370","13-04-2016 12:18","-6.28","13-04-2016 02:27","1035","13-04-2016 12:18","-2.576","13-04-2016 02:27","297.4","175.7","328.3","233.8","12.05","13-04-2016 17:19","0","13-04-2016 13:50","3.992","15.42","450","-9.33","0.017","13-04-2016 14:05","-20.93","13-04-2016 05:58","NaN","NaN","NaN","NaN","NaN"
"180","2016-04-14 18:30:00+00","2.964","14-04-2016 16:18","-13.44","14-04-2016 06:54","-5.009","86.2","14-04-2016 01:45","26.31","14-04-2016 15:29","362.7","267.3","1182","14-04-2016 12:21","-7.134","14-04-2016 23:24","855","14-04-2016 12:19","-2.318","14-04-2016 23:24","220.9","172.3","327.8","245.9","6.997000000000001","14-04-2016 07:38","0.13699999999999998","14-04-2016 00:03","3.5810000000000004","5.943","450","-8.85","-0.008","14-04-2016 13:58","-17.55","14-04-2016 07:10","NaN","NaN","NaN","NaN","NaN"
"181","2016-04-15 18:30:00+00","9.24","15-04-2016 14:39","-13","15-04-2016 06:39","-3.47","67.58","15-04-2016 23:41","16.17","15-04-2016 15:59","332.3","243.8","1276","15-04-2016 12:37","-6.279","15-04-2016 02:20","890","15-04-2016 12:37","-2.318","15-04-2016 04:34","282.3","182.8","332.7","245.7","9.49","15-04-2016 08:02","0","15-04-2016 14:34","3.535","11.05","450","-7.452000000000001","1.376","15-04-2016 15:16","-17.83","15-04-2016 06:13","NaN","NaN","NaN","NaN","NaN"
"182","2016-04-16 18:30:00+00","12.9","16-04-2016 14:40","-6.593","16-04-2016 07:21","0.098","95","16-04-2016 21:47","25.32","16-04-2016 14:41","338.2","239.9","1265","16-04-2016 12:08","-5.417999999999998","16-04-2016 22:29","871","16-04-2016 12:08","-0.772","16-04-2016 05:26","289.1","180.5","344.4","268.6","10.31","16-04-2016 21:09","0","16-04-2016 00:10","2.763","4.47","450","-4.092","1.047","16-04-2016 13:55","-11.1","16-04-2016 07:22","NaN","NaN","NaN","NaN","NaN"
"183","2016-04-17 18:30:00+00","7.369","17-04-2016 12:39","-5.782","17-04-2016 04:41","-0.664","98.1","17-04-2016 23:58","39.71","17-04-2016 12:14","295.6","212.2","1322","17-04-2016 11:37","-5.134","17-04-2016 01:53","890","17-04-2016 12:21","-1.287","17-04-2016 19:17","316.3","209.1","322.3","279.2","10.17","17-04-2016 15:24","0","17-04-2016 10:12","2.504","4.849","450","-3.349","1.012","17-04-2016 12:12","-9.51","17-04-2016 03:30","NaN","NaN","NaN","NaN","NaN"
"184","2016-04-18 18:30:00+00","6.931","18-04-2016 13:02","-3.996","18-04-2016 23:26","-0.718","100","18-04-2016 05:50","57.53","18-04-2016 13:02","264.9","221.3","1565","18-04-2016 12:08","-3.422","18-04-2016 22:00","1139","18-04-2016 10:35","-0.772","18-04-2016 19:49","335.6","226.2","336","281.2","11.02","18-04-2016 07:50","0","18-04-2016 00:00","2.031","317.8","450","-1.947","2.379","18-04-2016 12:08","-7.54","18-04-2016 23:59","NaN","NaN","NaN","NaN","NaN"
"185","2016-04-19 18:30:00+00","6.7410000000000005","19-04-2016 14:40","-7.776","19-04-2016 01:38","-2.016","97.7","19-04-2016 23:16","46.12","19-04-2016 10:51","263.2","223.3","1317","19-04-2016 14:33","-5.9910000000000005","19-04-2016 01:18","1062","19-04-2016 14:33","-2.317","19-04-2016 01:18","344","208.9","327.1","271.6","6.86","19-04-2016 00:56","0","19-04-2016 00:14","2.615","3.688","450","-4.084","1.5590000000000002","19-04-2016 11:54","-11.72","19-04-2016 00:44","NaN","NaN","NaN","NaN","NaN"
"186","2016-04-20 18:30:00+00","5.811","20-04-2016 13:21","-5.8889999999999985","20-04-2016 23:25","-1.011","98.6","20-04-2016 01:07","49.75","20-04-2016 14:25","349.2","258.6","1256","20-04-2016 10:34","-4.564","20-04-2016 23:51","932","20-04-2016 09:37","-0.772","20-04-2016 00:29","310.4","188.3","327.1","276.2","11.29","20-04-2016 15:42","0","20-04-2016 00:00","3.177","17.4","450","-3.221","0.653","20-04-2016 14:26","-8.73","20-04-2016 23:51","NaN","NaN","NaN","NaN","NaN"
"187","2016-04-21 18:30:00+00","4.782","21-04-2016 14:46","-9.09","21-04-2016 06:44","-2.736","95.4","21-04-2016 00:07","37.69","21-04-2016 14:46","329.5","226.5","1469","21-04-2016 12:01","-8.56","21-04-2016 01:39","972","21-04-2016 12:01","-1.288","21-04-2016 04:06","300.8","188.4","321.3","266.3","9.66","21-04-2016 16:09","0","21-04-2016 17:58","3.569","8.55","450","-5.251","0.672","21-04-2016 12:03","-12.28","21-04-2016 07:14","NaN","NaN","NaN","NaN","NaN"
"188","2016-04-22 18:30:00+00","3.107","22-04-2016 10:49","-6.461","22-04-2016 23:55","-2.965","97.1","22-04-2016 19:23","50.15","22-04-2016 11:24","214.5","194.4","1352","22-04-2016 10:47","-3.423","22-04-2016 23:55","1004","22-04-2016 10:29","-0.772","22-04-2016 23:44","314.3","236.2","327.4","280.7","13.27","22-04-2016 23:06","0","22-04-2016 00:05","3.38","141.4","450","-3.788","0.961","22-04-2016 09:51","-8.43","22-04-2016 23:58","NaN","NaN","NaN","NaN","NaN"
"189","2016-04-23 18:30:00+00","1.399","23-04-2016 12:02","-18.03","23-04-2016 07:02","-8.03","94.1","23-04-2016 00:08","25.75","23-04-2016 12:01","316.4","238.7","1417","23-04-2016 11:59","-8.85","23-04-2016 04:21","1011","23-04-2016 11:59","-4.379","23-04-2016 04:21","286.9","178.9","309.6","235.6","9.62","23-04-2016 13:16","0","23-04-2016 00:41","3.173","19.15","450","-8.63","0.716","23-04-2016 11:57","-20.11","23-04-2016 07:02","NaN","NaN","NaN","NaN","NaN"
"190","2016-04-24 18:30:00+00","5.303","24-04-2016 14:01","-16.78","24-04-2016 07:12","-7.06","89.9","24-04-2016 02:20","19.01","24-04-2016 14:35","373.6","274.6","1194","24-04-2016 12:06","-5.707999999999998","24-04-2016 02:17","869","24-04-2016 12:03","-1.803","24-04-2016 02:17","223.2","151.9","325.3","235.2","5.704","24-04-2016 07:37","0","24-04-2016 13:32","2.324","355.4","450","-10.95","-0.885","24-04-2016 13:35","-20.59","24-04-2016 06:44","NaN","NaN","NaN","NaN","NaN"
"191","2016-04-25 18:30:00+00","7.282","25-04-2016 14:37","-14.11","25-04-2016 05:17","-5.4670000000000005","71.29","25-04-2016 02:38","19.25","25-04-2016 14:38","372","263.3","1406","25-04-2016 12:54","-5.707999999999998","25-04-2016 00:44","947","25-04-2016 12:54","-1.288","25-04-2016 04:51","222.7","171.7","315.7","241.4","6.4289999999999985","25-04-2016 05:05","0","25-04-2016 14:32","2.685","8.2","450","-9.8","-0.451","25-04-2016 14:34","-19.1","25-04-2016 06:26","NaN","NaN","NaN","NaN","NaN"
"192","2016-04-26 18:30:00+00","4.21","26-04-2016 14:15","-11.52","26-04-2016 04:23","-3.505","81","26-04-2016 04:23","27.97","26-04-2016 15:03","330","225.2","1403","26-04-2016 13:05","-5.707000000000002","26-04-2016 04:20","897","26-04-2016 13:05","-1.288","26-04-2016 04:17","282","189","318.6","257","8.64","26-04-2016 17:15","0","26-04-2016 13:15","3.234","16.67","450","-7.04","0.519","26-04-2016 14:13","-15.02","26-04-2016 04:22","NaN","NaN","NaN","NaN","NaN"
"193","2016-04-27 18:30:00+00","9.56","27-04-2016 12:49","-10.91","27-04-2016 06:20","-3.819","94.5","27-04-2016 19:26","19.8","27-04-2016 12:50","319.1","206.7","1165","27-04-2016 12:09","-5.9929999999999986","27-04-2016 03:25","721.6","27-04-2016 12:13","-0.258","27-04-2016 03:23","294.5","158.7","312.4","257.1","11.88","27-04-2016 14:56","0","27-04-2016 00:16","3.088","27.66","450","-6.396","0.584","27-04-2016 13:36","-14.69","27-04-2016 06:42","NaN","NaN","NaN","NaN","NaN"
"194","2016-04-28 18:30:00+00","3.837","28-04-2016 15:38","-11.48","28-04-2016 06:18","-3.762","95","28-04-2016 22:33","28.64","28-04-2016 14:34","352.9","226.3","1187","28-04-2016 12:09","-5.706","28-04-2016 03:58","735.1","28-04-2016 12:03","-1.03","28-04-2016 23:49","293","164.3","315.8","254.1","7.7029999999999985","28-04-2016 17:31","0","28-04-2016 15:31","2.858","9.06","450","-6.3020000000000005","-0.561","28-04-2016 13:06","-15.74","28-04-2016 05:58","NaN","NaN","NaN","NaN","NaN"
"195","2016-04-29 18:30:00+00","6.709","29-04-2016 14:35","-9.38","29-04-2016 06:03","-2.457","84.2","29-04-2016 00:11","24.38","29-04-2016 14:59","358.3","221","1364","29-04-2016 13:00","-5.705","29-04-2016 23:02","770.8","29-04-2016 13:00","-0.257","29-04-2016 01:36","279.7","180.2","322.3","259.6","7.957999999999998","29-04-2016 07:59","0","29-04-2016 14:29","3.184","6.107","450","-6.379","0.344","29-04-2016 14:33","-14.48","29-04-2016 05:42","NaN","NaN","NaN","NaN","NaN"
"196","2016-01-04 18:30:00+00","10.31","30-04-2016 14:45","-9.86","30-04-2016 06:54","-1.357","77.26","30-04-2016 01:05","20.86","30-04-2016 14:44","380","214.5","1184","30-04-2016 12:06","-7.417000000000002","30-04-2016 23:23","633.7","30-04-2016 11:34","-1.803","30-04-2016 04:19","240.3","179.4","338.4","262.2","6.4289999999999985","30-04-2016 04:39","0","30-04-2016 12:32","2.845","9.96","450","-6.1789999999999985","0.5660000000000001","30-04-2016 14:33","-13.67","30-04-2016 06:53","NaN","NaN","NaN","NaN","NaN"
"197","2016-02-04 18:30:00+00","14","01-05-2016 14:15","-10.4","01-05-2016 05:25","-1.127","77.25","01-05-2016 22:05","16.28","01-05-2016 14:24","385.6","205.8","1188","01-05-2016 12:13","-7.419","01-05-2016 02:29","600.3","01-05-2016 11:29","-2.317","01-05-2016 01:52","239.5","188.1","338.6","262.6","7.134","01-05-2016 03:04","0","01-05-2016 14:09","3.329","11.83","450","-5.846","0.785","01-05-2016 14:22","-13.35","01-05-2016 06:07","NaN","NaN","NaN","NaN","NaN"
"198","2016-03-04 18:30:00+00","8.02","02-05-2016 17:09","-9.49","02-05-2016 06:22","-0.688","76.36","02-05-2016 03:48","24.69","02-05-2016 17:13","385.4","187.6","1188","02-05-2016 12:14","-6.847","02-05-2016 03:47","546.9","02-05-2016 10:54","-1.802","02-05-2016 03:47","251.2","175.5","331.6","264.7","12.13","02-05-2016 18:21","0","02-05-2016 01:31","3.535","16.8","450","-5.062","0.471","02-05-2016 13:59","-13.03","02-05-2016 07:06","NaN","NaN","NaN","NaN","NaN"
"199","2016-04-04 18:30:00+00","10.19","03-05-2016 12:48","-7.399","03-05-2016 06:02","-0.135","97.8","03-05-2016 19:36","26.88","03-05-2016 12:49","297.1","127.1","1325","03-05-2016 12:33","-6.846","03-05-2016 02:58","527.7","03-05-2016 12:33","-1.802","03-05-2016 02:58","311.1","207.8","355.2","279.3","10.15","03-05-2016 16:20","0","03-05-2016 00:37","3.358","35.69","450","-2.928","1.291","03-05-2016 12:45","-10.41","03-05-2016 05:35","NaN","NaN","NaN","NaN","NaN"
"200","2016-05-04 18:30:00+00","9.1","04-05-2016 10:56","-3.117","04-05-2016 05:55","1.098","97.6","04-05-2016 01:20","43.22","04-05-2016 10:59","327","116.7","1497","04-05-2016 10:54","-3.422","04-05-2016 05:08","512.7","04-05-2016 10:54","-0.257","04-05-2016 23:39","309.8","222.7","365.5","298.5","11.47","04-05-2016 13:37","0","04-05-2016 00:41","3.161","147.5","450","-0.907","2.007","04-05-2016 10:54","-5.572","04-05-2016 04:58","NaN","NaN","NaN","NaN","NaN"
"201","2016-06-04 18:30:00+00","6.386","05-05-2016 09:12","-1.7009999999999998","05-05-2016 04:47","1.318","100","05-05-2016 02:44","52.72","05-05-2016 13:55","314.7","97.9","1551","05-05-2016 12:33","-3.4210000000000003","05-05-2016 20:16","449.4","05-05-2016 10:46","-0.257","05-05-2016 01:58","308.8","233.1","388.4","307.6","10","05-05-2016 16:17","0","05-05-2016 03:39","3.317","162.3","450","1.275","9.52","05-05-2016 13:55","-1.824","05-05-2016 03:30","NaN","NaN","NaN","NaN","NaN"
"202","2016-07-04 18:30:00+00","7.349","06-05-2016 15:13","-3.218","06-05-2016 06:46","1.741","100","06-05-2016 00:27","43.84","06-05-2016 11:26","386.8","96.5","1170","06-05-2016 12:22","-6.271","06-05-2016 20:56","265.9","06-05-2016 12:13","-0.257","06-05-2016 22:01","308","217.6","393.8","301","10.62","06-05-2016 19:19","0","06-05-2016 02:30","4.021","146.3","450","3.654","19.69","06-05-2016 11:37","-3.866","06-05-2016 06:46","NaN","NaN","NaN","NaN","NaN"
"203","2016-08-04 18:30:00+00","10.45","07-05-2016 13:02","-6.323","07-05-2016 06:50","1.641","89.6","07-05-2016 00:51","29.79","07-05-2016 12:31","384.2","85.8","1161","07-05-2016 11:51","-6.845","07-05-2016 00:02","248.4","07-05-2016 12:05","-1.287","07-05-2016 04:36","255.1","194.7","414.5","291.8","9.55","07-05-2016 19:21","0","07-05-2016 12:12","4.04","26.77","450","3.771","24.18","07-05-2016 13:02","-5.979","07-05-2016 06:49","NaN","NaN","NaN","NaN","NaN"
"204","2016-09-04 18:30:00+00","10.81","08-05-2016 14:06","-6.12","08-05-2016 05:56","2.36","86.7","08-05-2016 00:45","24.65","08-05-2016 15:26","385","82","1155","08-05-2016 11:44","-8.55","08-05-2016 00:23","236.6","08-05-2016 11:38","-3.088","08-05-2016 23:27","260","204.1","443.8","292.4","8.17","08-05-2016 18:46","0","08-05-2016 11:43","3.553","27.53","450","5.155","24.99","08-05-2016 12:41","-5.886","08-05-2016 05:49","NaN","NaN","NaN","NaN","NaN"
"205","2016-10-04 18:30:00+00","11.39","09-05-2016 13:04","-5.619","09-05-2016 06:01","2.9410000000000003","83.2","09-05-2016 01:25","25.09","09-05-2016 13:06","360.9","74.87","1181","09-05-2016 11:34","-8.56","09-05-2016 02:05","237.6","09-05-2016 11:34","-1.802","09-05-2016 02:03","312.1","203.2","443.6","294.1","11.45","09-05-2016 19:24","0","09-05-2016 12:12","4.129","34.27","450","5.6960000000000015","26.19","09-05-2016 12:49","-5.68","09-05-2016 06:01","NaN","NaN","NaN","NaN","NaN"
"206","2016-11-04 18:30:00+00","11.65","10-05-2016 14:36","-3.151","10-05-2016 05:52","3.533","88.1","10-05-2016 21:48","34.17","10-05-2016 14:39","332.8","67.72","1138","10-05-2016 12:09","-5.132999999999999","10-05-2016 02:27","226.5","10-05-2016 13:47","-0.257","10-05-2016 19:59","285.6","230.4","444.1","305.2","12.56","10-05-2016 16:19","0","10-05-2016 02:04","3.634","50.03","450","6.569","26.29","10-05-2016 13:53","-3.395","10-05-2016 04:26","NaN","NaN","NaN","NaN","NaN"
"207","2016-12-04 18:30:00+00","5.457999999999998","11-05-2016 11:16","-0.29100000000000004","11-05-2016 02:39","2.447","96.9","11-05-2016 07:57","70.79","11-05-2016 11:17","194","39.34","1398","11-05-2016 12:27","-4.562","11-05-2016 22:42","274.4","11-05-2016 12:27","-0.515","11-05-2016 23:59","323.5","244.2","387.7","314.7","11.33","11-05-2016 13:20","0","11-05-2016 00:09","3.5610000000000004","119.5","450","4.447","16.34","11-05-2016 12:40","-1.305","11-05-2016 03:12","NaN","NaN","NaN","NaN","NaN"
"208","2016-05-12 18:30:00+00","9.4","12-05-2016 13:00","0.081","12-05-2016 05:41","3.196","94.8","12-05-2016 20:57","33.9","12-05-2016 13:22","337.6","64.25","1450","12-05-2016 12:47","-5.7","12-05-2016 19:21","276.6","12-05-2016 12:47","-1.286","12-05-2016 20:31","322.7","226.7","443.3","310.4","15.19","12-05-2016 15:19","0","12-05-2016 03:27","4.683","159.5","450","7.284","27.67","12-05-2016 12:54","-2.802","12-05-2016 05:03","NaN","NaN","NaN","NaN","NaN"
"209","2016-05-13 18:30:00+00","8.5","13-05-2016 14:33","-3.523","13-05-2016 06:48","1.536","100","13-05-2016 02:51","21.01","13-05-2016 14:32","357.1","65.44","1173","13-05-2016 12:34","-9.7","13-05-2016 02:09","214.4","13-05-2016 14:54","-6.691","13-05-2016 02:09","315.7","209.5","444.2","301.9","15.7","13-05-2016 17:35","0","13-05-2016 01:08","3.4","35.15","450","6.49","28.23","13-05-2016 11:59","-4.148","13-05-2016 06:46","NaN","NaN","NaN","NaN","NaN"
"210","2016-05-14 18:30:00+00","9.7","14-05-2016 15:01","-4.064","14-05-2016 06:30","1.021","100","14-05-2016 18:40","25.16","14-05-2016 15:02","336.1","63.8","1363","14-05-2016 14:11","-9.13","14-05-2016 00:58","239.6","14-05-2016 14:10","1.286","14-05-2016 19:09","319.2","220.3","430.7","296.1","14.56","14-05-2016 16:46","0","14-05-2016 00:09","3.781","9.32","450","5.21","23.48","14-05-2016 12:13","-5.06","14-05-2016 05:21","NaN","NaN","NaN","NaN","NaN"
"211","2016-05-15 18:30:00+00","8.02","15-05-2016 15:26","-3.151","15-05-2016 04:43","2.231","86.5","15-05-2016 00:15","38.13","15-05-2016 11:09","325.2","56.04","1476","15-05-2016 10:57","-7.984","15-05-2016 00:11","246.3","15-05-2016 12:12","0.772","15-05-2016 19:30","310","218.2","439.7","300.8","11.94","15-05-2016 12:31","0","15-05-2016 04:26","3.902","25.55","450","5.17","27.49","15-05-2016 11:05","-4.513","15-05-2016 04:21","NaN","NaN","NaN","NaN","NaN"
"212","2016-05-16 18:30:00+00","9.54","16-05-2016 12:32","-2.542","16-05-2016 05:38","1.27","98.9","16-05-2016 17:06","18.2","16-05-2016 12:18","279.9","49.72","1379","16-05-2016 13:27","-6.273","16-05-2016 22:06","229.3","16-05-2016 13:27","0.772","16-05-2016 02:35","315.4","211.9","455.7","299.1","16.19","16-05-2016 14:48","0","16-05-2016 10:35","3.477","3.719","450","4.442","30.14","16-05-2016 12:11","-5.078","16-05-2016 05:37","NaN","NaN","NaN","NaN","NaN"
"213","2016-05-17 18:30:00+00","11.25","17-05-2016 14:46","-3.556","17-05-2016 06:10","3.359","90.2","17-05-2016 00:09","23.36","17-05-2016 14:54","396.3","66.34","1154","17-05-2016 12:01","-7.416","17-05-2016 04:27","178","17-05-2016 12:47","0.257","17-05-2016 21:59","287.3","208.4","450.6","298.7","10.76","17-05-2016 16:37","0","17-05-2016 01:11","3.494","6.53","450","6.432","26.14","17-05-2016 13:14","-4.721","17-05-2016 06:16","NaN","NaN","NaN","NaN","NaN"
"214","2016-05-18 18:30:00+00","12.77","18-05-2016 15:15","-1.4269999999999998","18-05-2016 06:09","5.63","73.11","18-05-2016 03:31","14.08","18-05-2016 14:36","388.5","63.8","1155","18-05-2016 12:12","-6.27","18-05-2016 21:45","184.6","18-05-2016 12:26","0.772","18-05-2016 22:15","266.3","210.8","463.6","302.3","12.9","18-05-2016 14:04","0","18-05-2016 11:51","3.802","25.81","450","8.6","32.37","18-05-2016 12:42","-4.68","18-05-2016 05:17","NaN","NaN","NaN","NaN","NaN"
"215","2016-05-19 18:30:00+00","12.03","19-05-2016 15:07","-0.042","19-05-2016 05:20","5.7120000000000015","81.1","19-05-2016 02:08","22.42","19-05-2016 14:19","381.7","62.55","1256","19-05-2016 13:07","-6.84","19-05-2016 22:21","203.6","19-05-2016 13:07","-0.772","19-05-2016 19:37","313.8","226.6","483.8","308.4","13.03","19-05-2016 19:22","0","19-05-2016 01:55","3.914","164.4","450","9.85","32.6","19-05-2016 12:05","-3.602","19-05-2016 05:19","NaN","NaN","NaN","NaN","NaN"
"216","2016-05-20 18:30:00+00","12.87","20-05-2016 15:20","-0.649","20-05-2016 06:30","5.771","75.16","20-05-2016 23:56","19.18","20-05-2016 12:40","357.2","59.07","1149","20-05-2016 12:10","-6.27","20-05-2016 22:46","186.7","20-05-2016 12:13","0.257","20-05-2016 19:34","295","218.4","467.8","305.6","12.25","20-05-2016 20:12","0","20-05-2016 03:49","4.585","123.7","450","10.08","32.26","20-05-2016 11:09","-4.03","20-05-2016 05:27","NaN","NaN","NaN","NaN","NaN"
"217","2016-05-21 18:30:00+00","14.52","21-05-2016 14:08","-0.312","21-05-2016 05:54","6.893","76.38","21-05-2016 03:02","14.96","21-05-2016 14:13","381","63.09","1201","21-05-2016 12:47","-6.269","21-05-2016 20:45","193.3","21-05-2016 12:41","0.257","21-05-2016 19:59","283.1","219.8","509.8","307.5","10.31","21-05-2016 16:36","0","21-05-2016 11:21","3.384","351.6","450","12.15","36.9","21-05-2016 12:28","-3.63","21-05-2016 05:20","NaN","NaN","NaN","NaN","NaN"
"218","2016-05-22 18:30:00+00","15.27","22-05-2016 14:39","0.49","22-05-2016 06:14","6.525","95.8","22-05-2016 22:16","8.34","22-05-2016 14:00","343.9","57.1","1138","22-05-2016 12:11","-6.27","22-05-2016 00:34","187.6","22-05-2016 12:19","-1.286","22-05-2016 21:14","317.9","219.7","510.3","310.7","17.19","22-05-2016 16:15","0","22-05-2016 12:23","4.76","51.93","450","12.27","39.78","22-05-2016 12:45","-2.879","22-05-2016 05:41","NaN","NaN","NaN","NaN","NaN"
"219","2016-05-23 18:30:00+00","11.18","23-05-2016 12:23","1.433","23-05-2016 05:03","4.717","90.8","23-05-2016 21:35","26.67","23-05-2016 12:41","282.2","46.68","1301","23-05-2016 11:42","-5.131","23-05-2016 23:49","211.3","23-05-2016 11:42","0.257","23-05-2016 21:34","322.5","236.4","463.6","318.8","17.46","23-05-2016 12:54","0","23-05-2016 00:06","4.25","144.8","450","9.44","32.67","23-05-2016 10:33","-0.972","23-05-2016 04:27","NaN","NaN","NaN","NaN","NaN"
"220","2016-05-24 18:30:00+00","6.91","24-05-2016 09:27","-0.155","24-05-2016 23:37","2.392","96.2","24-05-2016 10:47","44.24","24-05-2016 09:31","260.3","42.91","1135","24-05-2016 12:10","-4.846","24-05-2016 00:35","185.2","24-05-2016 13:42","-0.772","24-05-2016 22:04","319.5","232.5","418.7","311.8","14.68","24-05-2016 10:14","0","24-05-2016 00:19","5.2570000000000014","160.2","450","5.81","24.23","24-05-2016 09:24","-2.644","24-05-2016 04:17","NaN","NaN","NaN","NaN","NaN"
"221","2016-05-25 18:30:00+00","7.855","25-05-2016 12:46","-0.89","25-05-2016 06:49","2.79","90.4","25-05-2016 01:52","33.77","25-05-2016 14:00","342.9","57.76","1590","25-05-2016 12:45","-5.702000000000001","25-05-2016 22:23","269.2","25-05-2016 12:45","-0.257","25-05-2016 19:37","300.3","221.7","446.8","307.2","18.13","25-05-2016 16:36","0","25-05-2016 01:17","5.974","159.1","450","7.681","29.99","25-05-2016 10:12","-3.292","25-05-2016 04:55","NaN","NaN","NaN","NaN","NaN"
"222","2016-05-26 18:30:00+00","11.49","26-05-2016 14:41","-1.291","26-05-2016 06:19","4.978","87.9","26-05-2016 02:38","13.44","26-05-2016 14:00","388.3","65.4","1154","26-05-2016 12:10","-6.273","26-05-2016 00:57","193.8","26-05-2016 12:17","0.514","26-05-2016 23:17","268.1","216.2","490.2","303.1","11.76","26-05-2016 12:37","0","26-05-2016 00:52","4.207","183.8","450","10.77","34.24","26-05-2016 11:44","-4.898","26-05-2016 05:32","NaN","NaN","NaN","NaN","NaN"
"223","2016-05-27 18:30:00+00","11.72","27-05-2016 14:38","0.6890000000000001","27-05-2016 06:24","5.771","82.8","27-05-2016 02:14","18.94","27-05-2016 14:14","368.9","63.16","1389","27-05-2016 12:47","-6.27","27-05-2016 22:52","236.5","27-05-2016 12:47","0.772","27-05-2016 22:21","295","228.9","484","314.3","16.93","27-05-2016 15:08","0","27-05-2016 01:52","5.11","152.9","450","10.45","34","27-05-2016 13:04","-2.1790000000000003","27-05-2016 05:41","NaN","NaN","NaN","NaN","NaN"
"224","2016-05-28 18:30:00+00","12.27","28-05-2016 12:47","0.4270000000000001","28-05-2016 06:17","4.614","80.1","28-05-2016 22:46","20.33","28-05-2016 13:05","318.5","54.49","1498","28-05-2016 12:02","-4.562","28-05-2016 03:17","256.1","28-05-2016 12:02","0.257","28-05-2016 23:22","318.1","225.8","492.8","310.1","17.97","28-05-2016 15:31","0","28-05-2016 00:00","5.021","152.5","450","9.51","36.82","28-05-2016 10:56","-3.137","28-05-2016 05:27","NaN","NaN","NaN","NaN","NaN"
"225","2016-05-29 18:30:00+00","11.96","29-05-2016 13:07","0.027000000000000003","29-05-2016 05:58","3.688","87","29-05-2016 22:42","17.02","29-05-2016 12:46","281","47.86","1394","29-05-2016 13:08","-5.1320000000000014","29-05-2016 02:22","238.1","29-05-2016 13:08","-0.257","29-05-2016 20:40","321","229.7","485.5","308.5","17.23","29-05-2016 12:13","0","29-05-2016 00:42","5.435","165.9","450","8.07","34.09","29-05-2016 13:07","-3.4160000000000004","29-05-2016 05:31","NaN","NaN","NaN","NaN","NaN"
"226","2016-05-30 18:30:00+00","9.71","30-05-2016 14:21","-1.122","30-05-2016 04:30","3.268","92.4","30-05-2016 02:43","23.44","30-05-2016 12:56","326.8","56.74","1376","30-05-2016 11:56","-5.1320000000000014","30-05-2016 03:31","236.5","30-05-2016 13:32","-0.257","30-05-2016 19:48","316.2","224.6","462.7","305","19.46","30-05-2016 14:25","0","30-05-2016 04:45","6.121","153.4","450","8.13","32.17","30-05-2016 12:49","-4.096","30-05-2016 04:19","NaN","NaN","NaN","NaN","NaN"
"227","2016-01-05 18:30:00+00","12.46","31-05-2016 15:22","-0.92","31-05-2016 04:56","5.468","91.5","31-05-2016 03:25","13.4","31-05-2016 15:22","391.2","67.54","1149","31-05-2016 12:38","-6.27","31-05-2016 23:03","195.9","31-05-2016 12:18","0.7709999999999999","31-05-2016 19:43","265.2","221.4","502.8","303.6","13.68","31-05-2016 13:13","0","31-05-2016 04:24","4.428","167.6","450","11.4","39.02","31-05-2016 12:02","-4.428","31-05-2016 05:19","NaN","NaN","NaN","NaN","NaN"
"228","2016-02-05 18:30:00+00","14.96","01-06-2016 14:24","-0.312","01-06-2016 06:01","7.191","72.5","01-06-2016 22:51","8.44","01-06-2016 13:15","390.7","68.44","1149","01-06-2016 12:06","-5.7","01-06-2016 23:08","198.9","01-06-2016 12:14","0.7709999999999999","01-06-2016 19:33","265.6","217.6","532.2","306.7","12.41","01-06-2016 15:36","0","01-06-2016 12:33","4.596","27.89","450","12.59","40.43","01-06-2016 12:38","-3.913","01-06-2016 05:53","NaN","NaN","NaN","NaN","NaN"
"229","2016-03-05 18:30:00+00","13.75","02-06-2016 14:10","0.96","02-06-2016 05:46","7.017","82.3","02-06-2016 23:47","18.7","02-06-2016 12:30","315.3","55.02","1413","02-06-2016 13:39","-6.271","02-06-2016 00:38","244.2","02-06-2016 13:39","0.257","02-06-2016 00:36","322.2","226.2","485.1","312.5","17.35","02-06-2016 15:58","0","02-06-2016 09:06","6.075","141.2","450","10.16","32.3","02-06-2016 12:23","-2.659","02-06-2016 04:57","NaN","NaN","NaN","NaN","NaN"
"230","2016-04-05 18:30:00+00","14.15","03-06-2016 13:12","1.23","03-06-2016 05:53","6.8439999999999985","83.4","03-06-2016 00:25","21.61","03-06-2016 11:49","318.3","55.11","1346","03-06-2016 13:08","-6.269","03-06-2016 21:42","232.6","03-06-2016 13:08","0.257","03-06-2016 03:05","328.9","233.9","506.1","313.3","18.03","03-06-2016 16:46","0","03-06-2016 10:00","5.3420000000000005","136.5","450","10.79","37.24","03-06-2016 12:56","-2.556","03-06-2016 05:07","NaN","NaN","NaN","NaN","NaN"
"231","2016-05-05 18:30:00+00","15.84","04-06-2016 14:20","0.757","04-06-2016 06:11","7.626","92.2","04-06-2016 22:43","9.76","04-06-2016 14:04","388.2","68.09","1147","04-06-2016 12:29","-8.55","04-06-2016 20:53","198.4","04-06-2016 12:32","-1.543","04-06-2016 19:59","332","228.1","501.3","310.1","15.72","04-06-2016 14:36","0","04-06-2016 00:42","4.774","125.9","450","12.71","38.56","04-06-2016 10:51","-3.208","04-06-2016 05:04","NaN","NaN","NaN","NaN","NaN"
"232","2016-06-05 18:30:00+00","13.65","05-06-2016 13:33","1.095","05-06-2016 05:58","6.854","90.4","05-06-2016 05:26","13.71","05-06-2016 13:42","345.5","57.84","1146","05-06-2016 12:05","-5.702000000000001","05-06-2016 03:05","192.3","05-06-2016 12:22","0.514","05-06-2016 19:42","313.1","230.3","481.8","313.5","15.31","05-06-2016 17:19","0","05-06-2016 00:13","5.776","138.4","450","11.01","31.73","05-06-2016 10:25","-2.213","05-06-2016 05:10","NaN","NaN","NaN","NaN","NaN"
"233","2016-07-05 18:30:00+00","14.36","06-06-2016 14:21","2.075","06-06-2016 05:08","7.174","84.3","06-06-2016 05:09","24.24","06-06-2016 14:22","349.3","59.98","1265","06-06-2016 12:56","-5.131","06-06-2016 02:48","214.4","06-06-2016 13:09","-0.257","06-06-2016 21:10","325","244","485","317.8","15.7","06-06-2016 16:42","0","06-06-2016 00:36","5.91","162.4","450","11.18","31.79","06-06-2016 12:33","-1.63","06-06-2016 05:14","NaN","NaN","NaN","NaN","NaN"
"234","2016-08-05 18:30:00+00","13.71","07-06-2016 13:19","2.7110000000000003","07-06-2016 04:38","7.385","92.2","07-06-2016 04:37","33.42","07-06-2016 13:08","318.4","54.82","1383","07-06-2016 13:38","-5.13","07-06-2016 23:44","237.5","07-06-2016 13:08","0.257","07-06-2016 21:16","326.7","255.3","483.5","326.2","15.35","07-06-2016 13:36","0","07-06-2016 22:54","6.898","163.3","450","11.32","32.27","07-06-2016 13:09","1.069","07-06-2016 04:35","NaN","NaN","NaN","NaN","NaN"
"235","2016-09-05 18:30:00+00","13.88","08-06-2016 14:20","3.79","08-06-2016 06:08","7.74","82.6","08-06-2016 06:10","30.05","08-06-2016 12:30","329.9","57.07","1359","08-06-2016 13:27","-5.984","08-06-2016 20:21","230.8","08-06-2016 13:27","0","08-06-2016 19:36","330.5","254.9","486.5","329.4","15.72","08-06-2016 13:03","0","08-06-2016 00:21","5.684","157.6","450","12.33","33.71","08-06-2016 12:12","0.936","08-06-2016 04:42","NaN","NaN","NaN","NaN","NaN"
"236","2016-10-05 18:30:00+00","15","09-06-2016 15:46","4.527","09-06-2016 04:49","8.95","85.8","09-06-2016 04:49","32.88","09-06-2016 14:18","388","66.47","1371","09-06-2016 11:46","-4.56","09-06-2016 23:11","234.9","09-06-2016 11:46","0.257","09-06-2016 04:44","326.4","251.5","488.5","332.9","15.13","09-06-2016 13:19","0","09-06-2016 03:11","6.439","160.4","450","14.65","38.03","09-06-2016 10:40","1.817","09-06-2016 03:36","NaN","NaN","NaN","NaN","NaN"
"237","2016-11-05 18:30:00+00","14.86","10-06-2016 13:37","4.966","10-06-2016 23:53","8.74","82.8","10-06-2016 06:35","17.86","10-06-2016 13:02","383","66.62","1188","10-06-2016 12:02","-5.13","10-06-2016 00:48","203.3","10-06-2016 12:32","0.257","10-06-2016 05:17","319.2","253.1","501.8","333.9","15.46","10-06-2016 14:53","0","10-06-2016 03:30","6.532","166","450","13.34","35.7","10-06-2016 12:48","1.385","10-06-2016 23:59","NaN","NaN","NaN","NaN","NaN"
"238","2016-12-05 18:30:00+00","15.2","11-06-2016 14:29","2.616","11-06-2016 04:25","8.96","78.81","11-06-2016 05:26","27.11","11-06-2016 14:18","381.1","66.12","1120","11-06-2016 12:40","-4.561","11-06-2016 02:59","192.8","11-06-2016 12:42","0.257","11-06-2016 22:17","321.4","245.9","485.3","319.8","15.9","11-06-2016 13:15","0","11-06-2016 00:00","5.624","156","450","13.82","35.84","11-06-2016 10:58","-0.977","11-06-2016 05:02","NaN","NaN","NaN","NaN","NaN"
"239","2016-06-12 18:30:00+00","13.51","12-06-2016 13:40","3.993","12-06-2016 23:26","7.18","91","12-06-2016 06:11","38.25","12-06-2016 13:41","174.9","29.79","1461","12-06-2016 11:05","-5.13","12-06-2016 01:00","248.9","12-06-2016 11:05","0.514","12-06-2016 04:05","339.2","254.4","441.9","326.5","17.64","12-06-2016 14:01","0","12-06-2016 00:53","5.142","159.1","450","8.22","25.87","12-06-2016 11:05","0.13699999999999998","12-06-2016 23:59","NaN","NaN","NaN","NaN","NaN"
"240","2016-06-13 18:30:00+00","15.81","13-06-2016 15:14","1.568","13-06-2016 05:06","8.29","91.1","13-06-2016 05:08","26.23","13-06-2016 15:09","383.3","65.86","1125","13-06-2016 12:13","-5.129","13-06-2016 22:55","190.7","13-06-2016 12:21","0.7709999999999999","13-06-2016 19:35","288.5","244.4","479.8","314.2","15.31","13-06-2016 12:59","0","13-06-2016 00:00","5.983","161.5","450","11.95","31.01","13-06-2016 12:55","-2.153","13-06-2016 05:04","NaN","NaN","NaN","NaN","NaN"
"241","2016-06-14 18:30:00+00","18.9","14-06-2016 13:25","3.324","14-06-2016 04:35","10.84","84.8","14-06-2016 23:57","20.66","14-06-2016 15:04","349","60.4","1310","14-06-2016 12:43","-4.56","14-06-2016 01:25","224.1","14-06-2016 12:43","0.257","14-06-2016 21:52","356.4","252.8","519.4","322.9","15.05","14-06-2016 19:32","0","14-06-2016 00:16","6.435","114.5","450","14.94","42.89","14-06-2016 11:12","-0.504","14-06-2016 04:46","NaN","NaN","NaN","NaN","NaN"
"242","2016-06-15 18:30:00+00","17.92","15-06-2016 14:16","5.135","15-06-2016 05:16","10.75","91.4","15-06-2016 03:53","35.38","15-06-2016 13:00","342.6","59.07","1454","15-06-2016 12:46","-4.56","15-06-2016 00:39","250.8","15-06-2016 12:48","-0.257","15-06-2016 22:31","347.4","264.1","501.3","333.3","16.35","15-06-2016 12:27","0","15-06-2016 00:39","6.728","156.3","450","15.05","35.76","15-06-2016 12:55","1.97","15-06-2016 05:06","NaN","NaN","NaN","NaN","NaN"
"243","2016-06-16 18:30:00+00","16.79","16-06-2016 14:41","5.877000000000002","16-06-2016 23:04","9.92","94","16-06-2016 05:24","29.64","16-06-2016 15:10","275.6","46.74","1531","16-06-2016 11:02","-3.988","16-06-2016 19:46","261.2","16-06-2016 11:02","-1.286","16-06-2016 22:12","343.3","267.6","491.9","345.3","14.82","16-06-2016 21:46","1.823","16-06-2016 14:43","8.5","166.3","450","13.38","32.71","16-06-2016 13:09","5.017","16-06-2016 02:17","NaN","NaN","NaN","NaN","NaN"
"244","2016-06-17 18:30:00+00","16.78","17-06-2016 14:22","5.337999999999999","17-06-2016 02:28","10.22","93.9","17-06-2016 02:31","22.52","17-06-2016 12:22","387.6","66.64","1134","17-06-2016 12:26","-4.56","17-06-2016 21:57","194.3","17-06-2016 12:26","-0.257","17-06-2016 02:21","328.3","260.5","496.3","337","14.94","17-06-2016 13:02","0","17-06-2016 05:57","6.864","166","450","15.39","33.23","17-06-2016 12:46","2.675","17-06-2016 05:35","NaN","NaN","NaN","NaN","NaN"
"245","2016-06-18 18:30:00+00","17.59","18-06-2016 14:54","4.73","18-06-2016 05:30","10.95","80.5","18-06-2016 02:23","13.4","18-06-2016 12:48","355.2","62.03","1262","18-06-2016 13:38","-5.13","18-06-2016 02:04","220","18-06-2016 13:38","0.257","18-06-2016 21:33","340.2","249.5","514.8","332.7","13.58","18-06-2016 13:09","0","18-06-2016 02:20","5.239","154.8","450","15.93","42.19","18-06-2016 11:17","1.737","18-06-2016 03:46","NaN","NaN","NaN","NaN","NaN"
"246","2016-06-19 18:30:00+00","18.7","19-06-2016 13:48","4.331","19-06-2016 06:21","11.4","81.5","19-06-2016 02:53","15.83","19-06-2016 13:57","379.8","66.17","1121","19-06-2016 12:09","-5.13","19-06-2016 00:21","191.2","19-06-2016 12:19","0.514","19-06-2016 20:19","296.2","252.7","522","329.4","14.11","19-06-2016 16:29","0","19-06-2016 01:10","5.425","142.6","450","16.43","40.22","19-06-2016 10:44","1.023","19-06-2016 04:55","NaN","NaN","NaN","NaN","NaN"
"247","2016-06-20 18:30:00+00","16.82","20-06-2016 16:15","7.598","20-06-2016 05:28","11.33","80.6","20-06-2016 22:23","32.17","20-06-2016 16:34","264.2","46.67","1103","20-06-2016 11:21","-4.8439999999999985","20-06-2016 21:27","190.5","20-06-2016 10:56","-0.257","20-06-2016 02:23","348.9","268.9","473.8","350","14.45","20-06-2016 11:50","0","20-06-2016 04:45","6.995","157.2","450","14.44","29.1","20-06-2016 08:39","5.4110000000000005","21-06-2016 00:00","NaN","NaN","NaN","NaN","NaN"
"248","2016-06-21 18:30:00+00","17.32","21-06-2016 12:05","7.113","21-06-2016 03:09","11.1","81.8","21-06-2016 03:09","25.32","21-06-2016 11:58","280.7","49.08","1238","21-06-2016 11:25","-4.8439999999999985","21-06-2016 01:00","212","21-06-2016 11:25","-0.257","21-06-2016 02:58","351.9","265.9","498.4","345.4","14.99","21-06-2016 15:07","0","21-06-2016 00:59","5.895","156.4","450","15.2","36.78","21-06-2016 09:37","4.2410000000000005","21-06-2016 06:02","NaN","NaN","NaN","NaN","NaN"
"249","2016-06-22 18:30:00+00","15.84","22-06-2016 12:13","6.0470000000000015","22-06-2016 03:06","9.36","84.2","22-06-2016 18:03","27.14","22-06-2016 12:27","216.8","37.71","1297","22-06-2016 11:33","-5.129","22-06-2016 01:54","226.2","22-06-2016 11:33","-0.257","22-06-2016 20:02","347.8","265.9","474.4","339.6","13.99","22-06-2016 11:42","0","22-06-2016 02:51","5.647","161","450","12.74","36.58","22-06-2016 09:49","3.276","22-06-2016 02:47","NaN","NaN","NaN","NaN","NaN"
"250","2016-06-23 18:30:00+00","16.11","23-06-2016 14:55","3.987","23-06-2016 05:34","10.01","92.3","23-06-2016 05:18","19.18","23-06-2016 14:04","389","67.7","1133","23-06-2016 12:20","-5.4129999999999985","23-06-2016 20:49","193.3","23-06-2016 12:09","0.257","23-06-2016 00:41","327.5","258.2","487.1","329.6","14.48","23-06-2016 13:25","0","23-06-2016 02:51","6.599","168.6","450","14.29","33.17","23-06-2016 12:56","1.149","23-06-2016 03:33","NaN","NaN","NaN","NaN","NaN"
"251","2016-06-24 18:30:00+00","17.76","24-06-2016 14:39","4.195","24-06-2016 05:27","10.85","80.6","24-06-2016 03:30","9.52","24-06-2016 12:07","382.3","67.09","1156","24-06-2016 12:15","-5.13","24-06-2016 02:54","199.2","24-06-2016 12:17","0.514","24-06-2016 21:11","319","249.6","509.6","330.4","15.44","24-06-2016 16:22","0","24-06-2016 03:17","5.955","157.5","450","15.78","37.45","24-06-2016 10:49","1.176","24-06-2016 04:02","NaN","NaN","NaN","NaN","NaN"
"252","2016-06-25 18:30:00+00","19","25-06-2016 14:49","5.7429999999999986","25-06-2016 06:13","11.64","77.13","25-06-2016 03:21","15.87","25-06-2016 13:48","376.1","65.81","1129","25-06-2016 12:24","-5.13","25-06-2016 00:38","194.3","25-06-2016 12:24","0.257","25-06-2016 04:29","338.2","256.9","520.2","335.8","13.92","25-06-2016 17:24","0","25-06-2016 02:29","5.902","156.6","450","16.94","38.47","25-06-2016 10:27","2.396","25-06-2016 05:03","NaN","NaN","NaN","NaN","NaN"
"253","2016-06-26 18:30:00+00","18.87","26-06-2016 15:42","8.06","26-06-2016 04:42","12.8","76.16","26-06-2016 05:46","25.49","26-06-2016 14:23","301.5","52.95","1333","26-06-2016 13:07","-5.127999999999999","26-06-2016 21:40","231","26-06-2016 12:44","-0.257","26-06-2016 02:52","338.4","275.5","508.8","352.3","14.94","26-06-2016 19:53","0","26-06-2016 06:04","6.778","164.1","450","16.43","37.95","26-06-2016 11:36","6.07","26-06-2016 04:10","NaN","NaN","NaN","NaN","NaN"
"254","2016-06-27 18:30:00+00","14.73","27-06-2016 16:50","7.228","27-06-2016 03:33","10.76","81.8","27-06-2016 02:59","43.99","27-06-2016 16:49","210.9","37.91","1179","27-06-2016 12:11","-5.129","27-06-2016 02:18","206.5","27-06-2016 12:11","-0.257","27-06-2016 02:04","339.8","275.3","452.8","345.5","14.03","27-06-2016 15:51","0","27-06-2016 02:44","6.766","152.7","450","12.44","27.79","27-06-2016 12:16","4.583","27-06-2016 03:14","NaN","NaN","NaN","NaN","NaN"
"255","2016-06-28 18:30:00+00","13.51","28-06-2016 14:23","6.148","28-06-2016 10:25","9.51","93.4","28-06-2016 10:38","56.18","28-06-2016 14:25","192","30.36","1444","28-06-2016 13:30","-4.56","28-06-2016 22:34","238.5","28-06-2016 14:01","0","28-06-2016 04:56","348.4","273.4","451.5","342","13.52","28-06-2016 15:32","0","28-06-2016 01:41","5.218","158.8","450","10.97","27.97","28-06-2016 12:05","3.721","28-06-2016 23:48","NaN","NaN","NaN","NaN","NaN"
"256","2016-06-29 18:30:00+00","20.07","29-06-2016 14:06","6.959","29-06-2016 00:00","12.88","91.7","29-06-2016 05:15","26.59","29-06-2016 14:09","342.1","58.27","1475","29-06-2016 11:27","-4.843","29-06-2016 23:53","245.7","29-06-2016 11:27","-0.257","29-06-2016 04:45","353.7","276.3","516.9","342.9","15.44","29-06-2016 17:10","0","29-06-2016 00:00","5.894","152.3","450","17.25","38.72","29-06-2016 11:29","3.904","29-06-2016 00:00","NaN","NaN","NaN","NaN","NaN"
"257","2016-01-06 18:30:00+00","21.22","30-06-2016 14:09","7.727","30-06-2016 02:28","13.74","80.6","30-06-2016 22:33","23.26","30-06-2016 13:18","371.4","63.66","1214","30-06-2016 12:46","-5.127999999999999","30-06-2016 00:12","201.5","30-06-2016 12:29","0.257","30-06-2016 19:51","341.9","283.4","517","348.4","17.91","30-06-2016 17:10","0","30-06-2016 00:12","6.801","158.5","450","18.13","38.75","30-06-2016 10:35","5.2360000000000015","30-06-2016 02:35","NaN","NaN","NaN","NaN","NaN"
"258","2016-02-06 18:30:00+00","19.48","01-07-2016 13:20","7.991","01-07-2016 05:48","12.79","81.7","01-07-2016 03:35","23.09","01-07-2016 13:20","286.2","50.21","1404","01-07-2016 13:22","-4.559","01-07-2016 23:43","238","01-07-2016 13:21","-1.285","01-07-2016 01:20","340.5","279.5","495.6","352.1","16.58","01-07-2016 15:44","0","01-07-2016 01:41","6.843","159.2","450","15.22","33.73","01-07-2016 13:22","5.847","01-07-2016 05:24","NaN","NaN","NaN","NaN","NaN"
"259","2016-03-06 18:30:00+00","16.25","02-07-2016 13:31","6.216","02-07-2016 05:22","10.86","92.7","02-07-2016 23:59","44.83","02-07-2016 14:19","180.2","31.97","1191","02-07-2016 13:26","-4.56","02-07-2016 00:47","203.3","02-07-2016 13:26","-0.7709999999999999","02-07-2016 22:30","349.4","278.2","460.4","340.7","15.25","02-07-2016 18:43","0","02-07-2016 00:52","6.89","163.3","450","12.59","28.83","02-07-2016 13:26","3.553","02-07-2016 05:21","NaN","NaN","NaN","NaN","NaN"
"260","2016-04-06 18:30:00+00","13.01","03-07-2016 15:13","7.722","03-07-2016 03:41","9.39","95.6","03-07-2016 03:04","59.56","03-07-2016 15:13","169.2","28.12","1162","03-07-2016 15:10","-4.558","03-07-2016 20:28","201.3","03-07-2016 15:10","-0.514","03-07-2016 23:04","352.7","275.3","426.2","348.9","15.29","03-07-2016 16:02","3.214","03-07-2016 05:44","8.34","161.7","450","10.17","21.54","03-07-2016 15:12","5.307","03-07-2016 21:46","NaN","NaN","NaN","NaN","NaN"
"261","2016-05-06 18:30:00+00","17.7","04-07-2016 15:47","6.284","04-07-2016 05:45","10.8","95.7","04-07-2016 03:58","21.91","04-07-2016 16:01","274.1","46.58","1478","04-07-2016 12:45","-4.56","04-07-2016 23:13","246.8","04-07-2016 10:27","-0.772","04-07-2016 00:03","345.2","271.2","501.5","344.9","13.94","04-07-2016 12:33","0","04-07-2016 03:22","6.779","167.5","450","13.48","36.21","04-07-2016 12:23","5.065","04-07-2016 23:30","NaN","NaN","NaN","NaN","NaN"
"262","2016-06-06 18:30:00+00","19.21","05-07-2016 15:12","4.1","05-07-2016 06:23","11.58","85.6","05-07-2016 05:24","23.7","05-07-2016 14:31","367.7","63.24","1139","05-07-2016 12:02","-5.699","05-07-2016 01:53","192.5","05-07-2016 12:30","-0.257","05-07-2016 23:58","330.8","254.8","509.8","327.9","14.78","05-07-2016 20:00","0","05-07-2016 02:06","6.441","169.1","450","15.5","36","05-07-2016 12:53","0.638","05-07-2016 05:29","NaN","NaN","NaN","NaN","NaN"
"263","2016-07-06 18:30:00+00","14.39","06-07-2016 16:19","4.595","06-07-2016 07:41","9.23","97.5","06-07-2016 07:43","37.37","06-07-2016 16:19","148.5","25.08","1606","06-07-2016 12:14","-5.699","06-07-2016 23:54","270.5","06-07-2016 12:14","-0.257","06-07-2016 02:38","348.1","265","448.3","341","12.74","06-07-2016 13:44","0","06-07-2016 06:23","7.1110000000000015","167.6","450","10.02","28.4","06-07-2016 12:43","3.19","06-07-2016 23:59","NaN","NaN","NaN","NaN","NaN"
"264","2016-08-06 18:30:00+00","17.12","07-07-2016 14:07","3.459","07-07-2016 06:08","9.64","88.8","07-07-2016 05:47","21.27","07-07-2016 12:34","247.3","43.38","1543","07-07-2016 12:30","-5.699","07-07-2016 22:58","263.5","07-07-2016 12:31","-0.257","07-07-2016 20:42","350.5","248.8","488.9","323.3","14.76","07-07-2016 13:25","0","07-07-2016 00:53","5.222","158.3","450","11.57","34.53","07-07-2016 12:08","-0.211","07-07-2016 05:28","NaN","NaN","NaN","NaN","NaN"
"265","2016-09-06 18:30:00+00","18.5","08-07-2016 14:02","3.257","08-07-2016 05:53","10.95","85.1","08-07-2016 05:54","13.91","08-07-2016 13:59","384.8","67.11","1299","08-07-2016 11:40","-4.843","08-07-2016 19:48","216.9","08-07-2016 11:41","0.257","08-07-2016 19:46","298.5","252.4","508.5","324","14.33","08-07-2016 20:28","0","08-07-2016 00:42","6.224","147","450","15.18","37.65","08-07-2016 10:34","-0.218","08-07-2016 05:32","NaN","NaN","NaN","NaN","NaN"
"266","2016-10-06 18:30:00+00","16.85","09-07-2016 14:48","6.756","09-07-2016 06:24","11.37","89.3","09-07-2016 03:46","29.54","09-07-2016 12:51","261.1","45.48","1521","09-07-2016 11:08","-5.129","09-07-2016 00:44","262.7","09-07-2016 11:07","-0.7709999999999999","09-07-2016 23:56","347.5","272","482.3","349.3","16.19","09-07-2016 13:01","0","09-07-2016 03:03","7.242000000000001","165.9","450","15.4","33.56","09-07-2016 12:19","5.2620000000000005","09-07-2016 00:54","NaN","NaN","NaN","NaN","NaN"
"267","2016-11-06 18:30:00+00","19.85","10-07-2016 13:20","7.296","10-07-2016 04:55","12.69","89","10-07-2016 02:32","23.22","10-07-2016 13:57","352.6","60.93","1404","10-07-2016 12:06","-4.559","10-07-2016 23:59","240.8","10-07-2016 12:42","-0.7709999999999999","10-07-2016 00:36","336.7","271.9","522.3","347","13.19","10-07-2016 20:09","0","10-07-2016 06:00","6.122000000000001","160.5","450","18.07","40.17","10-07-2016 11:12","5.379","10-07-2016 04:52","NaN","NaN","NaN","NaN","NaN"
"268","2016-12-06 18:30:00+00","18.43","11-07-2016 12:05","7.755","11-07-2016 05:42","11.85","91.1","11-07-2016 06:38","35.11","11-07-2016 12:37","179","31.28","1513","11-07-2016 11:54","-5.699","11-07-2016 02:17","251.6","11-07-2016 11:53","-0.257","11-07-2016 03:13","360.5","274","504.4","351.8","13.56","11-07-2016 16:02","0","11-07-2016 00:44","5.789","158.1","450","14.54","41.15","11-07-2016 10:29","5.483","11-07-2016 00:54","NaN","NaN","NaN","NaN","NaN"
"269","2016-07-12 18:30:00+00","20.88","12-07-2016 13:42","8.23","12-07-2016 00:19","13.29","93.8","12-07-2016 03:51","29.53","12-07-2016 13:47","339.8","58.35","1340","12-07-2016 12:41","-4.558","12-07-2016 22:03","221.8","12-07-2016 13:08","-0.257","12-07-2016 21:53","348.6","287.1","516.6","353.8","15.23","12-07-2016 14:05","0","12-07-2016 02:14","6.089","154.4","450","17.58","39.66","12-07-2016 12:48","6.678","12-07-2016 00:05","NaN","NaN","NaN","NaN","NaN"
"270","2016-07-13 18:30:00+00","21.8","13-07-2016 15:22","8.3","13-07-2016 05:27","14.04","89.2","13-07-2016 00:47","30.31","13-07-2016 15:07","368.2","63.16","1439","13-07-2016 13:07","-4.558","13-07-2016 22:06","245.1","13-07-2016 13:07","-0.257","13-07-2016 23:17","344.6","279.6","522.8","352","18.23","13-07-2016 16:01","0","13-07-2016 02:04","6.584","162.3","450","18.75","40.03","13-07-2016 10:33","5.895","13-07-2016 06:34","NaN","NaN","NaN","NaN","NaN"
"271","2016-07-14 18:30:00+00","21.19","14-07-2016 13:34","10.25","14-07-2016 05:46","14.36","89.6","14-07-2016 05:38","33.72","14-07-2016 12:34","291.8","50.35","1239","14-07-2016 13:16","-3.989","14-07-2016 23:09","213.3","14-07-2016 13:16","-0.7709999999999999","14-07-2016 21:28","372.4","291.1","518.3","366","16.95","14-07-2016 16:48","0","14-07-2016 02:40","6.9270000000000005","156.9","450","18.57","37.75","14-07-2016 11:45","8.91","14-07-2016 23:25","NaN","NaN","NaN","NaN","NaN"
"272","2016-07-15 18:30:00+00","20.95","15-07-2016 14:51","9.21","15-07-2016 05:06","13.99","91.6","15-07-2016 23:58","32.47","15-07-2016 14:50","322","56.19","1505","15-07-2016 12:07","-3.989","15-07-2016 20:59","253.9","15-07-2016 12:07","-1.8","15-07-2016 22:32","357","295.3","506.4","363.1","16.19","15-07-2016 13:53","0","15-07-2016 02:19","7.045","153.8","450","18.54","37.2","15-07-2016 10:34","8.23","15-07-2016 02:26","NaN","NaN","NaN","NaN","NaN"
"273","2016-07-16 18:30:00+00","13.55","16-07-2016 11:42","8.09","16-07-2016 23:46","10.28","93.4","16-07-2016 04:09","60.4","16-07-2016 12:40","118.7","20.6","783.1","16-07-2016 11:25","-3.419","16-07-2016 00:23","135.7","16-07-2016 11:25","-0.257","16-07-2016 04:01","353.1","297.3","418.2","355.2","13.62","16-07-2016 15:57","0","16-07-2016 04:28","6.92","166","450","11.87","21.26","16-07-2016 11:42","7.535","16-07-2016 03:23","NaN","NaN","NaN","NaN","NaN"
"274","2016-07-17 18:30:00+00","13.24","17-07-2016 11:39","6.4860000000000015","17-07-2016 23:58","9.17","93.3","17-07-2016 04:34","57.26","17-07-2016 11:42","173.1","29.2","1376","17-07-2016 10:03","-4.56","17-07-2016 20:25","237.3","17-07-2016 10:03","-0.257","17-07-2016 00:09","349.9","269.6","451.2","339.9","14.95","17-07-2016 11:42","0","17-07-2016 05:48","5.8370000000000015","157.1","450","11.28","29.83","17-07-2016 10:04","3.144","17-07-2016 23:29","NaN","NaN","NaN","NaN","NaN"
"275","2016-07-18 18:30:00+00","17.22","18-07-2016 13:18","5.777","18-07-2016 05:02","10.62","93.2","18-07-2016 04:22","28.22","18-07-2016 12:03","274.9","47.1","1495","18-07-2016 12:10","-4.8439999999999985","18-07-2016 21:40","253.9","18-07-2016 13:18","0.257","18-07-2016 20:44","350.8","267.6","503.4","336.8","15.58","18-07-2016 12:39","0","18-07-2016 00:02","5.044","160.2","450","14.56","38.17","18-07-2016 11:29","2.8480000000000003","18-07-2016 04:56","NaN","NaN","NaN","NaN","NaN"
"276","2016-07-19 18:30:00+00","17.66","19-07-2016 12:18","6.622000000000001","19-07-2016 05:56","10.37","95","19-07-2016 06:01","21.17","19-07-2016 13:02","297.6","51.53","1299","19-07-2016 13:19","-4.8439999999999985","19-07-2016 19:55","223.1","19-07-2016 13:17","-0.257","19-07-2016 03:02","348.8","267.7","512.8","345.6","16.78","19-07-2016 17:36","0","19-07-2016 01:06","7.072","163.2","NaN","14.72","39.01","19-07-2016 12:44","4.477","19-07-2016 23:59","NaN","NaN","NaN","NaN","NaN"
"277","2016-07-20 18:30:00+00","18.97","20-07-2016 14:12","2.987","20-07-2016 06:53","11","88.7","20-07-2016 04:26","18.3","20-07-2016 12:24","371.6","65.54","1111","20-07-2016 12:29","-5.129","20-07-2016 23:45","191.4","20-07-2016 12:35","0.514","20-07-2016 20:12","300.8","247.9","513.3","324.8","17.37","20-07-2016 15:45","0","20-07-2016 00:04","5.902","131.5","NaN","15.36","41.57","20-07-2016 11:05","0.238","20-07-2016 05:44","NaN","NaN","NaN","NaN","NaN"
"278","2016-07-21 18:30:00+00","20.08","21-07-2016 13:46","4.5680000000000005","21-07-2016 06:03","12.28","86","21-07-2016 05:58","26.86","21-07-2016 14:04","336.6","59","1174","21-07-2016 13:35","-5.127999999999999","21-07-2016 22:44","198.6","21-07-2016 13:34","0.257","21-07-2016 19:34","325.8","262.7","522.9","332.2","14.92","21-07-2016 12:36","0","21-07-2016 01:40","5.643","147.8","NaN","16.29","38.93","21-07-2016 13:04","1.74","21-07-2016 05:05","NaN","NaN","NaN","NaN","NaN"
"279","2016-07-22 18:30:00+00","15.33","22-07-2016 11:49","6.351","22-07-2016 06:43","10.63","89.2","22-07-2016 03:57","34.03","22-07-2016 18:03","159.4","27.85","1337","22-07-2016 10:55","-5.129","22-07-2016 03:24","227.7","22-07-2016 10:55","-0.7709999999999999","22-07-2016 19:12","352.8","266","441.9","341","14.05","22-07-2016 12:22","0","22-07-2016 03:01","6.2120000000000015","168.8","NaN","12.55","28.63","22-07-2016 09:03","3.422","22-07-2016 05:59","NaN","NaN","NaN","NaN","NaN"
"280","2016-07-23 18:30:00+00","14.29","23-07-2016 14:32","5.877999999999999","23-07-2016 06:15","9.37","88.4","23-07-2016 02:20","43.38","23-07-2016 13:08","207.1","36.95","1403","23-07-2016 14:10","-5.129","23-07-2016 22:41","247.8","23-07-2016 14:10","-0.257","23-07-2016 00:00","340.8","264.9","453.2","338.8","16.78","23-07-2016 14:38","0","23-07-2016 03:55","8.19","161.6","NaN","11.05","26.29","23-07-2016 14:24","3.159","23-07-2016 05:47","NaN","NaN","NaN","NaN","NaN"
"281","2016-07-24 18:30:00+00","18.54","24-07-2016 13:39","5.845","24-07-2016 06:12","11.91","85","24-07-2016 06:14","30.68","24-07-2016 14:13","320.8","56.3","1436","24-07-2016 11:53","-5.4129999999999985","24-07-2016 21:41","247.7","24-07-2016 11:53","-0.7709999999999999","24-07-2016 21:41","332.5","266.5","503.4","337.2","15.97","24-07-2016 15:00","0","24-07-2016 02:20","6.1320000000000014","160.1","NaN","15.71","35.46","24-07-2016 11:22","2.725","24-07-2016 06:05","NaN","NaN","NaN","NaN","NaN"
"282","2016-07-25 18:30:00+00","20.12","25-07-2016 16:06","6.689","25-07-2016 05:31","12.78","80.5","25-07-2016 03:38","26.53","25-07-2016 16:28","314","55.72","1149","25-07-2016 11:53","-5.699","25-07-2016 01:01","196.8","25-07-2016 11:51","0","25-07-2016 01:00","335.2","268.3","497.5","342.1","14.48","25-07-2016 12:17","0","25-07-2016 01:58","5.1610000000000005","159.3","NaN","16.62","36.85","25-07-2016 10:12","3.806","25-07-2016 04:50","NaN","NaN","NaN","NaN","NaN"
"283","2016-07-26 18:30:00+00","20.48","26-07-2016 13:43","6.419","26-07-2016 04:44","12.66","81.6","26-07-2016 01:28","25.25","26-07-2016 13:45","305.8","53.86","1201","26-07-2016 13:50","-5.129","26-07-2016 01:17","206.6","26-07-2016 13:55","-0.257","26-07-2016 22:49","335.4","269.5","535.4","341.9","15.7","26-07-2016 12:33","0","26-07-2016 00:55","6.164","151.5","NaN","16.58","39.35","26-07-2016 13:35","3.886","26-07-2016 04:25","NaN","NaN","NaN","NaN","NaN"
"284","2016-07-27 18:30:00+00","12.3","27-07-2016 15:52","7.2639999999999985","27-07-2016 22:34","9.26","92.7","27-07-2016 08:45","60.77","27-07-2016 14:21","172.5","28.24","1529","27-07-2016 14:10","-4.559","27-07-2016 21:34","263.8","27-07-2016 14:10","-0.7709999999999999","27-07-2016 00:16","347.7","272.5","441.3","345.2","14.82","27-07-2016 16:30","0","27-07-2016 05:01","7.113","164.3","NaN","10.5","24.94","27-07-2016 14:13","4.425","27-07-2016 22:00","NaN","NaN","NaN","NaN","NaN"
"285","2016-07-28 18:30:00+00","18.26","28-07-2016 15:14","5.777","28-07-2016 06:56","11.65","89.4","28-07-2016 04:34","26.7","28-07-2016 14:33","325.7","56.64","1418","28-07-2016 12:41","-4.558","28-07-2016 19:56","237.2","28-07-2016 12:41","0.257","28-07-2016 19:31","341.2","263","500.4","338.7","14.97","28-07-2016 17:27","0","28-07-2016 00:09","6.452000000000001","155.2","NaN","15.19","37.36","28-07-2016 12:32","3.225","28-07-2016 07:00","NaN","NaN","NaN","NaN","NaN"
"286","2016-07-29 18:30:00+00","17.97","29-07-2016 13:55","7.755","29-07-2016 05:41","11.66","87.4","29-07-2016 00:56","35.11","29-07-2016 14:22","233.5","40.95","1418","29-07-2016 11:56","-4.559","29-07-2016 22:08","248","29-07-2016 13:48","-0.257","29-07-2016 05:02","353.1","274.4","491","351.8","15.35","29-07-2016 14:12","0","29-07-2016 07:19","7.608","162.3","NaN","14.05","35.24","29-07-2016 11:54","6.176","29-07-2016 23:11","NaN","NaN","NaN","NaN","NaN"
"287","2016-07-30 18:30:00+00","17.9","30-07-2016 11:30","7.755","30-07-2016 06:41","11.81","86.6","30-07-2016 06:21","34.63","30-07-2016 11:48","294.4","51.7","1462","30-07-2016 11:56","-4.559","30-07-2016 23:11","248.2","30-07-2016 11:55","-0.514","30-07-2016 00:14","341.6","276.4","503.4","351.6","16.74","30-07-2016 13:37","0","30-07-2016 02:06","7.109","164.6","NaN","15.49","37.59","30-07-2016 11:31","5.999","30-07-2016 06:46","NaN","NaN","NaN","NaN","NaN"
"288","2016-01-07 18:30:00+00","17.43","31-07-2016 15:51","6.824","31-07-2016 03:47","11.78","91.2","31-07-2016 05:36","34.2","31-07-2016 17:11","274.2","48.86","1459","31-07-2016 10:52","-5.129","31-07-2016 00:51","255.2","31-07-2016 10:52","0.257","31-07-2016 19:49","358.5","275.5","504.7","345.6","15.88","31-07-2016 12:07","0","31-07-2016 01:21","6.474","161.6","NaN","15.04","36.22","31-07-2016 09:37","4.598","31-07-2016 01:56","NaN","NaN","NaN","NaN","NaN"
"289","2016-02-07 18:30:00+00","17.53","01-08-2016 13:54","7.465","01-08-2016 01:51","11.47","92.3","01-08-2016 04:33","40.18","01-08-2016 13:29","224.1","40.07","1545","01-08-2016 12:10","-4.8439999999999985","01-08-2016 00:47","271.4","01-08-2016 12:12","-0.514","01-08-2016 03:16","356.4","273.6","486.3","348","14.21","01-08-2016 19:06","0","01-08-2016 00:45","6.742000000000001","161.8","NaN","13.94","33.85","01-08-2016 12:27","5.167000000000002","01-08-2016 01:30","NaN","NaN","NaN","NaN","NaN"
"290","2016-03-07 18:30:00+00","17.02","02-08-2016 13:37","7.487","02-08-2016 07:38","10.91","96.6","02-08-2016 07:22","41.86","02-08-2016 14:30","323.1","55.59","1411","02-08-2016 10:10","-4.56","02-08-2016 04:06","241.2","02-08-2016 10:10","-0.514","02-08-2016 02:09","349.9","284","483.6","351.7","17.82","02-08-2016 16:00","0","02-08-2016 01:09","7.895","158.7","NaN","14.75","34.67","02-08-2016 12:36","5.674","02-08-2016 00:29","NaN","NaN","NaN","NaN","NaN"
"291","2016-04-07 18:30:00+00","18.43","03-08-2016 14:28","6.755","03-08-2016 06:43","11.75","92.3","03-08-2016 04:54","34.13","03-08-2016 13:01","354.7","62.28","1404","03-08-2016 11:49","-3.989","03-08-2016 20:23","239.5","03-08-2016 11:41","-1.543","03-08-2016 23:43","341.6","281.1","500.8","350","16.35","03-08-2016 13:25","3.998","03-08-2016 00:17","9.15","163.8","NaN","16.36","36.05","03-08-2016 12:16","6.9060000000000015","03-08-2016 06:34","NaN","NaN","NaN","NaN","NaN"
"292","2016-05-07 18:30:00+00","19.58","04-08-2016 14:47","7.36","04-08-2016 05:55","12.23","94.4","04-08-2016 07:23","33.01","04-08-2016 14:48","355.8","62.12","1126","04-08-2016 11:15","-4.558","04-08-2016 22:24","189.7","04-08-2016 12:27","-0.7709999999999999","04-08-2016 22:25","339.7","277.9","496.1","350.8","17.93","04-08-2016 13:10","3.332","04-08-2016 15:05","8.36","163.5","NaN","16.5","32.99","04-08-2016 11:25","6.086","04-08-2016 02:46","NaN","NaN","NaN","NaN","NaN"
"293","2016-06-07 18:30:00+00","20.11","05-08-2016 13:47","8.5","05-08-2016 05:20","12.18","94.4","05-08-2016 22:53","34.53","05-08-2016 13:45","242.2","42.55","1266","05-08-2016 11:52","-5.414","05-08-2016 02:51","220.2","05-08-2016 11:52","0","05-08-2016 02:41","369.4","284.1","523.7","355.6","17.25","05-08-2016 13:24","0","05-08-2016 05:02","6.4289999999999985","145.1","NaN","15.86","37.63","05-08-2016 12:53","6.839","05-08-2016 03:20","NaN","NaN","NaN","NaN","NaN"
"294","2016-07-07 18:30:00+00","15.4","06-08-2016 15:29","8.19","06-08-2016 05:35","11.15","96","06-08-2016 05:20","55.77","06-08-2016 15:59","201.9","33.82","1564","06-08-2016 12:38","-7.977","06-08-2016 21:44","267.3","06-08-2016 12:37","-0.7709999999999999","06-08-2016 22:08","356.3","303","455","355.9","15.84","06-08-2016 14:42","0","06-08-2016 00:37","6.251","155.8","NaN","12.93","28.27","06-08-2016 12:29","7.688","06-08-2016 05:14","NaN","NaN","NaN","NaN","NaN"
"295","2016-08-07 18:30:00+00","15.06","07-08-2016 15:12","7.891","07-08-2016 06:15","10.76","97.4","07-08-2016 04:15","58.2","07-08-2016 13:07","203.7","30.42","1486","07-08-2016 11:39","-3.989","07-08-2016 21:27","236","07-08-2016 11:39","-0.7709999999999999","07-08-2016 23:01","363.7","288.6","444.1","355.6","15.48","07-08-2016 17:18","0","07-08-2016 00:43","6.157","160.6","NaN","11.44","26.51","07-08-2016 12:01","6.585","07-08-2016 21:37","NaN","NaN","NaN","NaN","NaN"
"296","2016-09-07 18:30:00+00","17.69","08-08-2016 13:52","7.922999999999999","08-08-2016 04:59","11.48","98.6","08-08-2016 03:36","41.15","08-08-2016 13:33","297","47.36","1450","08-08-2016 13:07","-3.419","08-08-2016 20:04","240.5","08-08-2016 13:08","-1.286","08-08-2016 22:20","358.5","289","480","353.9","15.27","08-08-2016 16:13","1.882","08-08-2016 02:32","7.881","165.2","NaN","13.78","30.79","08-08-2016 13:26","7.547999999999999","08-08-2016 04:01","NaN","NaN","NaN","NaN","NaN"
"297","2016-10-07 18:30:00+00","17.16","09-08-2016 14:40","7.7879999999999985","09-08-2016 03:54","11.54","95","09-08-2016 01:33","42.51","09-08-2016 14:40","265.4","45.44","1373","09-08-2016 13:28","-4.558","09-08-2016 21:05","235.2","09-08-2016 13:28","-0.514","09-08-2016 03:28","345.2","281.3","464.1","352.5","16.91","09-08-2016 14:00","0","09-08-2016 06:14","8.13","165.1","NaN","13.99","29.88","09-08-2016 12:37","6.841","09-08-2016 05:58","NaN","NaN","NaN","NaN","NaN"
"298","2016-11-07 18:30:00+00","16.75","10-08-2016 13:13","7.162000000000001","10-08-2016 05:51","10.78","95.6","10-08-2016 01:04","41.12","10-08-2016 14:29","244.7","42.13","1503","10-08-2016 12:27","-3.99","10-08-2016 04:00","255","10-08-2016 12:27","-0.7709999999999999","10-08-2016 00:30","353.3","280.7","473","347.2","15.29","10-08-2016 13:33","0","10-08-2016 05:19","7.555","162.5","NaN","13.28","30.58","10-08-2016 12:59","5.278","10-08-2016 04:04","NaN","NaN","NaN","NaN","NaN"
"299","2016-12-07 18:30:00+00","14.73","11-08-2016 13:02","5.945","11-08-2016 18:58","9.21","94.4","11-08-2016 18:57","48.35","11-08-2016 13:01","181.9","30.9","1472","11-08-2016 11:30","-4.559","11-08-2016 05:08","254.2","11-08-2016 11:30","-0.772","11-08-2016 18:51","353.4","287.4","451.7","346.3","15.07","11-08-2016 15:40","0","11-08-2016 07:14","6.884","163.2","NaN","12.07","29.99","11-08-2016 09:56","5.851","11-08-2016 22:05","NaN","NaN","NaN","NaN","NaN"
"300","2016-08-12 18:30:00+00","11.37","12-08-2016 13:05","6.0139999999999985","12-08-2016 06:47","8.39","96.1","12-08-2016 06:46","66.66","12-08-2016 15:52","152.7","25.77","1445","12-08-2016 13:01","-3.42","12-08-2016 23:45","239.4","12-08-2016 13:01","-0.257","12-08-2016 19:24","348.6","292.9","408","347.2","13.29","12-08-2016 13:12","0","12-08-2016 00:25","5.496","162.5","NaN","10.51","20.59","12-08-2016 13:04","5.694","12-08-2016 23:53","NaN","NaN","NaN","NaN","NaN"
"301","2016-08-13 18:30:00+00","15.77","13-08-2016 12:24","6.824","13-08-2016 06:22","10.23","97.1","13-08-2016 06:31","44.06","13-08-2016 12:24","193.2","33.7","1496","13-08-2016 12:23","-4.559","13-08-2016 23:57","258.6","13-08-2016 12:23","0.257","13-08-2016 20:32","350","275","463.4","345.8","14.6","13-08-2016 12:24","0","13-08-2016 00:00","6.22","162.3","NaN","12.05","30.78","13-08-2016 11:31","5.0360000000000005","13-08-2016 23:31","NaN","NaN","NaN","NaN","NaN"
"302","2016-08-14 18:30:00+00","17.63","14-08-2016 12:20","5.642","14-08-2016 06:38","10.11","90.5","14-08-2016 03:39","32.44","14-08-2016 12:29","275.5","48.66","1461","14-08-2016 13:33","-4.559","14-08-2016 22:30","254.9","14-08-2016 13:33","0.257","14-08-2016 19:16","352.4","265.6","495.7","337.1","16.42","14-08-2016 15:00","0","14-08-2016 00:02","5.955","158.5","NaN","13.47","36.97","14-08-2016 12:34","3.012","14-08-2016 06:00","NaN","NaN","NaN","NaN","NaN"
"303","2016-08-15 18:30:00+00","17.53","15-08-2016 12:01","6.587999999999999","15-08-2016 01:54","10.5","93.5","15-08-2016 04:04","26","15-08-2016 12:01","275.3","48.72","1487","15-08-2016 14:02","-4.559","15-08-2016 21:50","262.1","15-08-2016 14:01","-0.7709999999999999","15-08-2016 19:48","352.7","264.7","506.7","344.2","15.46","15-08-2016 15:02","0","15-08-2016 00:42","6.143","161.1","NaN","14.63","37.89","15-08-2016 12:23","4.723","15-08-2016 23:55","NaN","NaN","NaN","NaN","NaN"
"304","2016-08-16 18:30:00+00","17.06","16-08-2016 12:42","4.899","16-08-2016 06:58","10.33","92.9","16-08-2016 01:04","12.59","16-08-2016 11:50","342.1","61.65","1087","16-08-2016 12:18","-5.699","16-08-2016 22:42","192.5","16-08-2016 12:42","0.257","16-08-2016 04:21","334.1","251.3","496.6","334.6","14.82","16-08-2016 13:58","0","16-08-2016 02:39","5.465","166.8","NaN","14.94","36.03","16-08-2016 12:57","2.405","16-08-2016 06:52","NaN","NaN","NaN","NaN","NaN"
"305","2016-08-17 18:30:00+00","12.73","17-08-2016 12:05","2.7510000000000003","17-08-2016 06:55","7.298999999999999","92.5","17-08-2016 20:42","39.4","17-08-2016 11:47","175.4","31.98","1357","17-08-2016 11:08","-5.985","17-08-2016 00:31","239.6","17-08-2016 11:08","-1.8","17-08-2016 19:00","342.3","245.1","455.1","323.8","14.03","17-08-2016 13:51","0","17-08-2016 00:29","5.393","159.4","NaN","9.69","30.18","17-08-2016 10:29","0.214","17-08-2016 05:31","NaN","NaN","NaN","NaN","NaN"
"306","2016-08-18 18:30:00+00","12.26","18-08-2016 11:55","5.337999999999999","18-08-2016 05:33","7.57","96.1","18-08-2016 03:11","59.12","18-08-2016 11:52","211.2","36.54","1504","18-08-2016 11:50","-3.42","18-08-2016 00:49","260.4","18-08-2016 13:36","0.514","18-08-2016 19:15","344.5","273.4","472.7","340.4","15.62","18-08-2016 15:40","0","18-08-2016 00:47","5.6629999999999985","162.6","NaN","10.61","32.68","18-08-2016 11:55","4.113","18-08-2016 01:35","NaN","NaN","NaN","NaN","NaN"
"307","2016-08-19 18:30:00+00","14.15","19-08-2016 15:37","6.0139999999999985","19-08-2016 02:55","9.25","90.6","19-08-2016 06:17","50.71","19-08-2016 15:37","170.3","29.12","1252","19-08-2016 14:57","-3.704","19-08-2016 21:36","219.1","19-08-2016 14:57","0","19-08-2016 20:56","360.5","277","454.7","341.7","13.92","19-08-2016 20:56","0","19-08-2016 00:11","4.593","153.3","NaN","11.66","27.22","19-08-2016 14:57","4.243","19-08-2016 01:39","NaN","NaN","NaN","NaN","NaN"
"308","2016-08-20 18:30:00+00","13.24","20-08-2016 11:23","5.034","20-08-2016 04:54","8.54","92.3","20-08-2016 05:50","54.46","20-08-2016 09:26","140.4","23.84","1370","20-08-2016 10:41","-3.99","20-08-2016 02:20","236.5","20-08-2016 10:41","0","20-08-2016 23:41","348","264","457.6","332.2","12.68","20-08-2016 11:57","0","20-08-2016 00:36","4.253","161.7","NaN","9.32","30.7","20-08-2016 10:43","1.994","20-08-2016 04:52","NaN","NaN","NaN","NaN","NaN"
"309","2016-08-21 18:30:00+00","16.11","21-08-2016 15:52","6.284","21-08-2016 23:45","9.72","91.5","21-08-2016 05:25","36.87","21-08-2016 15:52","178.6","30.19","1367","21-08-2016 13:18","-5.699","21-08-2016 21:39","232.6","21-08-2016 13:18","-0.257","21-08-2016 00:17","345.3","260.6","460","336.8","16.35","21-08-2016 18:01","0","21-08-2016 02:03","4.207","155.6","NaN","10.51","27.23","21-08-2016 13:20","2.537","21-08-2016 23:58","NaN","NaN","NaN","NaN","NaN"
"310","2016-08-22 18:30:00+00","17.96","22-08-2016 13:29","4.367","22-08-2016 04:11","9.02","96.9","22-08-2016 23:31","18.2","22-08-2016 12:42","271.2","48.23","1271","22-08-2016 13:51","-6.5539999999999985","22-08-2016 18:54","227.7","22-08-2016 13:51","0.257","22-08-2016 23:44","351.7","254.7","499.8","328.6","17.95","22-08-2016 16:06","0","22-08-2016 00:42","4.503","161.8","NaN","13.07","36.04","22-08-2016 13:24","0.941","22-08-2016 03:01","NaN","NaN","NaN","NaN","NaN"
"311","2016-08-23 18:30:00+00","16.72","23-08-2016 15:19","4.392","23-08-2016 00:54","9.56","97","23-08-2016 00:57","30.42","23-08-2016 14:10","240.4","37.98","1411","23-08-2016 13:20","-4.559","23-08-2016 20:50","232.9","23-08-2016 13:20","0.257","23-08-2016 22:23","350.3","262.9","454.7","338.4","17.68","23-08-2016 16:57","0","23-08-2016 06:35","4.634","149.2","NaN","11.91","30.76","23-08-2016 11:20","3.948","23-08-2016 07:27","NaN","NaN","NaN","NaN","NaN"
"312","2016-08-24 18:30:00+00","18.73","24-08-2016 13:30","5.811","24-08-2016 23:59","10.4","95.8","24-08-2016 21:32","29.64","24-08-2016 13:29","298.5","51.48","1391","24-08-2016 13:23","-3.99","24-08-2016 03:39","243.4","24-08-2016 13:23","-0.514","24-08-2016 02:37","347.8","268.3","497","343.3","14.68","24-08-2016 13:59","0","24-08-2016 00:24","5.989","158.1","NaN","14.63","35.95","24-08-2016 13:25","4.368","24-08-2016 05:56","NaN","NaN","NaN","NaN","NaN"
"313","2016-08-25 18:30:00+00","16.35","25-08-2016 13:38","5.676","25-08-2016 00:13","10.21","93.9","25-08-2016 02:50","40.01","25-08-2016 13:38","330.1","52.49","1483","25-08-2016 11:18","-4.275","25-08-2016 23:18","230.6","25-08-2016 11:20","0.257","25-08-2016 20:53","343.8","270.5","453.1","343.7","13.68","25-08-2016 17:37","0","25-08-2016 00:47","5.37","156.8","NaN","12.65","28.75","25-08-2016 11:24","5.105","25-08-2016 05:48","NaN","NaN","NaN","NaN","NaN"
"314","2016-08-26 18:30:00+00","17.76","26-08-2016 14:34","5.9460000000000015","26-08-2016 07:23","11.08","88.7","26-08-2016 04:50","34.16","26-08-2016 14:35","306.5","53.3","1429","26-08-2016 11:48","-4.559","26-08-2016 00:33","245.7","26-08-2016 11:48","-0.514","26-08-2016 20:35","343.8","265.1","462.6","339.3","16.17","26-08-2016 16:32","0","26-08-2016 00:03","6.646","158.7","NaN","13.02","29.63","26-08-2016 12:34","3.357","26-08-2016 06:57","NaN","NaN","NaN","NaN","NaN"
"315","2016-08-27 18:30:00+00","13.68","27-08-2016 13:13","6.216","27-08-2016 06:29","9.06","94.6","27-08-2016 04:05","49.76","27-08-2016 13:39","203.8","33.83","1528","27-08-2016 11:00","-3.99","27-08-2016 00:15","249.4","27-08-2016 11:02","-0.772","27-08-2016 04:30","346.5","277.1","437.3","344.9","15.39","27-08-2016 15:14","0","27-08-2016 00:55","8.32","168.6","NaN","10.89","25.53","27-08-2016 11:18","5.62","27-08-2016 23:26","NaN","NaN","NaN","NaN","NaN"
"316","2016-08-28 18:30:00+00","13.11","28-08-2016 15:37","5.135","28-08-2016 06:05","8.6","94.7","28-08-2016 04:53","48.08","28-08-2016 13:30","173.7","30.18","1301","28-08-2016 12:44","-6.269","28-08-2016 23:06","225.2","28-08-2016 12:44","-1.029","28-08-2016 03:49","340.3","265.1","420.9","338.7","14.25","28-08-2016 14:10","0","28-08-2016 23:05","8.23","167.2","NaN","9.37","21.05","28-08-2016 12:44","2.987","28-08-2016 23:59","NaN","NaN","NaN","NaN","NaN"
"317","2016-08-29 18:30:00+00","11.63","29-08-2016 13:50","4.396","29-08-2016 06:00","7.55","90.6","29-08-2016 23:44","58.28","29-08-2016 13:50","160.1","27.72","1432","29-08-2016 13:41","-3.42","29-08-2016 02:51","248.1","29-08-2016 13:41","0","29-08-2016 20:47","339.1","263.9","419.9","330.4","14.5","29-08-2016 16:24","0","29-08-2016 00:33","6.075","159.4","NaN","9.06","24.06","29-08-2016 09:38","1.883","29-08-2016 05:55","NaN","NaN","NaN","NaN","NaN"
"318","2016-08-30 18:30:00+00","11.33","30-08-2016 13:50","5.541","30-08-2016 23:18","7.095","97.4","30-08-2016 07:30","58.89","30-08-2016 12:29","189.1","29.68","1463","30-08-2016 11:54","-4.845","30-08-2016 22:25","250.9","30-08-2016 11:54","-0.772","30-08-2016 20:54","343","273.2","431.1","338.1","18.84","30-08-2016 12:28","0","30-08-2016 21:17","6.337999999999999","160.9","NaN","8.67","22.14","30-08-2016 14:07","3.008","30-08-2016 22:48","NaN","NaN","NaN","NaN","NaN"
"319","2016-01-08 18:30:00+00","13.61","31-08-2016 12:51","4.392","31-08-2016 03:33","7.695","92.9","31-08-2016 00:45","32.68","31-08-2016 12:56","175.4","28.07","1511","31-08-2016 10:51","-5.414","31-08-2016 20:43","255","31-08-2016 12:25","-0.772","31-08-2016 01:12","340","257.2","440.4","331.9","15.31","31-08-2016 15:56","0","31-08-2016 00:00","4.396","154.7","NaN","8.35","26.22","31-08-2016 11:37","2.055","31-08-2016 22:32","NaN","NaN","NaN","NaN","NaN"
"320","2016-02-08 18:30:00+00","13.27","01-09-2016 15:36","3.784","01-09-2016 06:25","7.832999999999998","93.6","01-09-2016 23:14","36.6","01-09-2016 13:23","187.5","32.34","1489","01-09-2016 11:42","-4.56","01-09-2016 00:31","261.5","01-09-2016 11:42","-0.772","01-09-2016 04:40","340.8","251.7","450.2","328.2","14.07","01-09-2016 14:30","0","01-09-2016 00:30","5.4860000000000015","160.1","NaN","9.89","29.9","01-09-2016 10:27","1.108","01-09-2016 06:40","NaN","NaN","NaN","NaN","NaN"
"321","2016-03-08 18:30:00+00","14.05","02-09-2016 16:03","2.648","02-09-2016 01:55","7.7029999999999985","92.6","02-09-2016 03:02","23.3","02-09-2016 15:40","237.1","34.78","1461","02-09-2016 11:16","-3.42","02-09-2016 22:56","213.3","02-09-2016 12:48","-1.286","02-09-2016 19:25","333.4","263","426.1","333.5","13.54","02-09-2016 17:53","0","02-09-2016 02:07","4.873","152.4","NaN","9.24","25.01","02-09-2016 10:38","2.532","02-09-2016 23:54","NaN","NaN","NaN","NaN","NaN"
"322","2016-04-08 18:30:00+00","14.69","03-09-2016 13:50","3.593","03-09-2016 05:53","7.735","91.3","03-09-2016 00:01","23.53","03-09-2016 13:50","310.8","52.02","1114","03-09-2016 12:26","-6.27","03-09-2016 01:53","188.4","03-09-2016 13:27","0.514","03-09-2016 19:09","316.5","245.7","450.6","327.5","15.31","03-09-2016 17:07","0","03-09-2016 01:52","5.305","157.2","NaN","9.75","26.9","03-09-2016 13:27","0.597","03-09-2016 01:56","NaN","NaN","NaN","NaN","NaN"
"323","2016-05-08 18:30:00+00","15.94","04-09-2016 14:52","3.02","04-09-2016 06:49","8.76","86.4","04-09-2016 04:02","25.79","04-09-2016 15:00","317.3","55.84","1129","04-09-2016 12:38","-4.56","04-09-2016 23:43","198.4","04-09-2016 12:39","0.257","04-09-2016 19:43","300","247.9","457.4","323.8","14.9","04-09-2016 13:50","0","04-09-2016 00:03","6.652","143.8","NaN","10.68","28","04-09-2016 13:15","0.08199999999999999","04-09-2016 06:21","NaN","NaN","NaN","NaN","NaN"
"324","2016-06-08 18:30:00+00","16.68","05-09-2016 14:56","5.608","05-09-2016 23:24","9.62","88.6","05-09-2016 23:19","14.45","05-09-2016 13:43","301.2","53.7","1051","05-09-2016 12:24","-4.56","05-09-2016 23:28","185.6","05-09-2016 12:13","0.514","05-09-2016 19:15","337.6","255.6","481.1","339","12.68","05-09-2016 13:42","0","05-09-2016 01:01","5.381","147.9","NaN","13.04","29.95","05-09-2016 13:36","3.387","05-09-2016 01:31","NaN","NaN","NaN","NaN","NaN"
"325","2016-07-08 18:30:00+00","15.77","06-09-2016 14:22","3.625","06-09-2016 07:34","9.04","86.7","06-09-2016 01:38","4.828","06-09-2016 11:14","311.8","57.11","1059","06-09-2016 12:10","-7.977","06-09-2016 19:29","189.7","06-09-2016 12:22","0.257","06-09-2016 04:52","327.4","237","481.6","325.7","13.9","06-09-2016 15:04","0","06-09-2016 00:43","4.174","198.7","NaN","12.39","33.32","06-09-2016 11:01","0.635","06-09-2016 06:50","NaN","NaN","NaN","NaN","NaN"
"326","2016-08-08 18:30:00+00","15.74","07-09-2016 13:27","1.196","07-09-2016 06:44","8.36","72.7","07-09-2016 23:18","8.31","07-09-2016 11:04","311.1","57.54","1050","07-09-2016 12:04","-6.269","07-09-2016 22:04","187.6","07-09-2016 12:04","1.028","07-09-2016 19:43","278.1","227.3","481.6","315.5","12.99","07-09-2016 13:15","0","07-09-2016 03:03","4.034","128.9","NaN","11.61","32.97","07-09-2016 12:57","-1.638","07-09-2016 06:16","NaN","NaN","NaN","NaN","NaN"
"327","2016-09-08 18:30:00+00","15.98","08-09-2016 15:08","2.007","08-09-2016 06:04","8.74","80.7","08-09-2016 23:51","10.4","08-09-2016 12:31","307.3","56.97","1049","08-09-2016 12:21","-6.269","08-09-2016 22:28","190.5","08-09-2016 12:41","0.257","08-09-2016 18:54","282.2","236.3","476.9","319.3","14.88","08-09-2016 13:05","0","08-09-2016 01:37","5.092","116.7","NaN","11.61","32.33","08-09-2016 11:49","-0.81","08-09-2016 06:03","NaN","NaN","NaN","NaN","NaN"
"328","2016-10-08 18:30:00+00","17.63","09-09-2016 13:41","2.785","09-09-2016 06:57","9.58","79.73","09-09-2016 00:00","21.88","09-09-2016 12:37","282","52.01","1023","09-09-2016 12:28","-5.699","09-09-2016 22:06","185.1","09-09-2016 12:35","0.257","09-09-2016 20:28","318.1","241.6","472.4","322.9","16.19","09-09-2016 13:41","0","09-09-2016 00:59","5.989","126.3","NaN","11.6","29.88","09-09-2016 13:00","-0.136","09-09-2016 06:11","NaN","NaN","NaN","NaN","NaN"
"329","2016-11-08 18:30:00+00","18.16","10-09-2016 15:11","3.528","10-09-2016 06:15","10","78.34","10-09-2016 05:58","21.47","10-09-2016 14:43","273.8","50.6","1192","10-09-2016 12:59","-5.129","10-09-2016 22:22","213.3","10-09-2016 13:00","0.514","10-09-2016 20:38","311","250.3","483.2","326.2","15.88","10-09-2016 17:11","0","10-09-2016 00:58","5.747999999999998","133.9","NaN","12.31","32.81","10-09-2016 12:26","0.615","10-09-2016 05:48","NaN","NaN","NaN","NaN","NaN"
"330","2016-12-08 18:30:00+00","16.95","11-09-2016 14:18","4.202","11-09-2016 06:26","9.29","79.59","11-09-2016 04:32","19.34","11-09-2016 14:54","287.1","53.05","1206","11-09-2016 12:19","-11.4","11-09-2016 19:48","216.9","11-09-2016 12:24","-0.257","11-09-2016 21:56","338.7","250.8","492.1","329.4","18.7","11-09-2016 15:55","0","11-09-2016 00:01","6.42","148.5","NaN","12.69","32.94","11-09-2016 13:37","1.241","11-09-2016 04:44","NaN","NaN","NaN","NaN","NaN"
"331","2016-09-12 18:30:00+00","14.66","12-09-2016 12:49","3.925","12-09-2016 06:40","8.49","82.3","12-09-2016 06:42","14.82","12-09-2016 13:05","256.8","47.58","1259","12-09-2016 13:26","-5.7","12-09-2016 23:48","231.6","12-09-2016 13:26","0.257","12-09-2016 00:25","332.6","247.7","475.6","330.1","14.68","12-09-2016 13:18","0","12-09-2016 02:27","5.154","160.1","NaN","11.69","31.63","12-09-2016 12:08","1.6909999999999998","12-09-2016 07:02","NaN","NaN","NaN","NaN","NaN"
"332","2016-09-13 18:30:00+00","14.56","13-09-2016 14:35","1.264","13-09-2016 06:51","6.545","76.92","13-09-2016 03:55","18.87","13-09-2016 11:27","229.4","43.06","1308","13-09-2016 12:50","-5.7010000000000005","13-09-2016 23:15","239.1","13-09-2016 12:49","0.772","13-09-2016 19:06","324.2","234.7","476.9","315.7","14.72","13-09-2016 16:43","0","13-09-2016 00:06","4.4689999999999985","134.2","NaN","9.12","31.83","13-09-2016 12:13","-1.63","13-09-2016 05:52","NaN","NaN","NaN","NaN","NaN"
"333","2016-09-14 18:30:00+00","13.92","14-09-2016 14:13","1.906","14-09-2016 03:30","6.631","79.18","14-09-2016 02:13","22.79","14-09-2016 14:12","214.7","40.3","1289","14-09-2016 12:44","-5.7010000000000005","14-09-2016 00:59","239.6","14-09-2016 12:44","0.7709999999999999","14-09-2016 19:13","315.7","243.5","465.2","320","14.11","14-09-2016 18:20","0","14-09-2016 00:21","4.912","161.4","NaN","8.22","27.32","14-09-2016 11:17","-0.589","14-09-2016 02:44","NaN","NaN","NaN","NaN","NaN"
"334","2016-09-15 18:30:00+00","14.32","15-09-2016 13:52","0.858","15-09-2016 06:53","6.775","81.1","15-09-2016 06:54","12.39","15-09-2016 12:16","261.4","48.93","1070","15-09-2016 13:56","-4.845","15-09-2016 20:00","199","15-09-2016 13:50","0.257","15-09-2016 23:46","306.8","234.7","482.6","312.7","14.01","15-09-2016 14:42","0","15-09-2016 00:38","4.728","138.6","NaN","9.85","33.05","15-09-2016 11:42","-2.3680000000000003","15-09-2016 06:05","NaN","NaN","NaN","NaN","NaN"
"335","2016-09-16 18:30:00+00","12.7","16-09-2016 12:19","1.872","16-09-2016 07:06","6.822","72.31","16-09-2016 02:18","17.69","16-09-2016 11:42","221.7","41.48","1343","16-09-2016 12:22","-5.7010000000000005","16-09-2016 05:29","245.7","16-09-2016 12:12","0.257","16-09-2016 03:23","324.9","238.3","473.4","319.2","13.48","16-09-2016 17:25","0","16-09-2016 00:30","4.634","147.3","NaN","9.59","31.72","16-09-2016 11:57","-1.021","16-09-2016 05:56","NaN","NaN","NaN","NaN","NaN"
"336","2016-09-17 18:30:00+00","14.79","17-09-2016 13:39","0.6559999999999999","17-09-2016 07:12","6.983","79.62","17-09-2016 04:42","17.35","17-09-2016 13:37","260.3","49.33","1040","17-09-2016 09:18","-5.985","17-09-2016 22:58","191.2","17-09-2016 12:23","0.7709999999999999","17-09-2016 18:30","289.4","236.4","483.8","312.4","13.47","17-09-2016 18:10","0","17-09-2016 01:23","5.091","128.8","NaN","9.51","34.62","17-09-2016 11:26","-2.343","17-09-2016 06:09","NaN","NaN","NaN","NaN","NaN"
"337","2016-09-18 18:30:00+00","15.44","18-09-2016 13:53","2.447","18-09-2016 07:31","7.896","79.79","18-09-2016 06:52","19.35","18-09-2016 13:53","265.4","50.19","1026","18-09-2016 12:11","-5.13","18-09-2016 00:46","191.8","18-09-2016 13:03","0.257","18-09-2016 02:29","315.4","245.6","479.5","320.8","14.19","18-09-2016 19:20","0","18-09-2016 00:13","5.086","149.9","NaN","10.72","32.15","18-09-2016 12:17","-0.446","18-09-2016 05:53","NaN","NaN","NaN","NaN","NaN"
"338","2016-09-19 18:30:00+00","17.29","19-09-2016 14:24","1.669","19-09-2016 05:51","8.74","81.5","19-09-2016 05:49","22.45","19-09-2016 14:39","277.6","53.14","985","19-09-2016 12:23","-5.699","19-09-2016 21:44","183","19-09-2016 12:24","0.257","19-09-2016 20:38","296.4","243.3","486.6","317.1","14.31","19-09-2016 18:05","0","19-09-2016 00:12","5.035","90.1","NaN","11.32","35.45","19-09-2016 11:23","-1.4369999999999998","19-09-2016 06:08","NaN","NaN","NaN","NaN","NaN"
"339","2016-09-20 18:30:00+00","17.36","20-09-2016 15:15","2.852","20-09-2016 07:07","9.22","78","20-09-2016 07:02","22.28","20-09-2016 15:16","251.5","47.96","1026","20-09-2016 12:44","-5.13","20-09-2016 00:05","190.5","20-09-2016 12:28","0.257","20-09-2016 20:11","294","250.1","469.2","322","15.35","20-09-2016 12:46","0","20-09-2016 00:30","5.527","155.1","NaN","11.11","30.87","20-09-2016 12:49","-0.396","20-09-2016 06:09","NaN","NaN","NaN","NaN","NaN"
"340","2016-09-21 18:30:00+00","15.37","21-09-2016 14:14","3.224","21-09-2016 06:08","7.984","86.4","21-09-2016 23:18","19.31","21-09-2016 13:34","209.8","39.47","1201","21-09-2016 11:52","-5.699","21-09-2016 00:25","225.7","21-09-2016 12:56","-1.286","21-09-2016 23:03","334.2","248.9","471","323.6","15.39","21-09-2016 15:25","0","21-09-2016 02:26","5.27","161.5","NaN","10.57","33.95","21-09-2016 10:33","-0.183","21-09-2016 06:02","NaN","NaN","NaN","NaN","NaN"
"341","2016-09-22 18:30:00+00","10.22","22-09-2016 11:20","1.399","22-09-2016 23:41","5.0360000000000005","90.8","22-09-2016 23:48","31.51","22-09-2016 11:20","130.8","24.12","821","22-09-2016 09:22","-5.131","22-09-2016 05:35","151.5","22-09-2016 09:22","0.257","22-09-2016 00:00","329.9","242.1","401.4","315.7","13.86","22-09-2016 12:31","0","22-09-2016 00:25","5.221","167.9","NaN","5.865","20.39","22-09-2016 09:22","-1.398","22-09-2016 23:41","NaN","NaN","NaN","NaN","NaN"
"342","2016-09-23 18:30:00+00","12.5","23-09-2016 13:50","1.467","23-09-2016 01:02","6.042999999999998","91","23-09-2016 01:27","26.94","23-09-2016 13:48","262.1","49.28","1232","23-09-2016 12:40","-5.13","23-09-2016 22:23","226.5","23-09-2016 12:39","0.514","23-09-2016 18:52","318.8","245.9","467.4","318","15.09","23-09-2016 13:02","0","23-09-2016 00:00","4.917","161.9","NaN","9.78","29.23","23-09-2016 13:50","-0.862","23-09-2016 00:48","NaN","NaN","NaN","NaN","NaN"
"343","2016-09-24 18:30:00+00","12.03","24-09-2016 12:57","1.771","24-09-2016 05:59","5.853","84.2","24-09-2016 05:55","28.39","24-09-2016 12:17","229.8","43.69","1201","24-09-2016 12:15","-5.131","24-09-2016 22:12","220.6","24-09-2016 12:15","0.7709999999999999","24-09-2016 18:42","318.5","245.8","468.2","320.4","14.9","24-09-2016 16:03","0","24-09-2016 00:17","5.0139999999999985","161.7","NaN","8.6","32.71","24-09-2016 11:12","-0.451","24-09-2016 00:08","NaN","NaN","NaN","NaN","NaN"
"344","2016-09-25 18:30:00+00","13.61","25-09-2016 13:22","2.514","25-09-2016 03:52","6.689","81.6","25-09-2016 05:55","17.22","25-09-2016 13:22","248.6","47.61","1081","25-09-2016 12:21","-6.27","25-09-2016 23:01","202","25-09-2016 12:23","0.257","25-09-2016 03:53","317.2","239","469.8","321.5","16.91","25-09-2016 15:59","0","25-09-2016 00:10","5.572","151","NaN","9.4","33.55","25-09-2016 11:03","-0.329","25-09-2016 01:09","NaN","NaN","NaN","NaN","NaN"
"345","2016-09-26 18:30:00+00","14.15","26-09-2016 13:22","-0.28","26-09-2016 06:27","6.439","74.82","26-09-2016 23:38","13.37","26-09-2016 12:56","266.8","52.04","974","26-09-2016 12:20","-6.27","26-09-2016 22:36","183.8","26-09-2016 12:22","0.514","26-09-2016 19:38","271.1","226.6","460.5","306.7","14.46","26-09-2016 13:51","0","26-09-2016 00:36","5.287000000000001","107.9","NaN","8.6","31.4","26-09-2016 10:49","-3.763","26-09-2016 06:26","NaN","NaN","NaN","NaN","NaN"
"346","2016-09-27 18:30:00+00","13.54","27-09-2016 14:10","0.026","27-09-2016 06:29","6.234","79.38","27-09-2016 06:30","14.11","27-09-2016 13:50","265","51.73","982","27-09-2016 12:14","-5.415","27-09-2016 22:15","186.6","27-09-2016 12:33","0.257","27-09-2016 20:36","272.5","232.2","460.5","308.6","14.25","27-09-2016 14:54","0","27-09-2016 00:42","5.263","137.5","NaN","8.5","29.53","27-09-2016 10:24","-3.4330000000000003","27-09-2016 05:58","NaN","NaN","NaN","NaN","NaN"
"347","2016-09-28 18:30:00+00","14.46","28-09-2016 13:38","0.195","28-09-2016 07:02","6.66","80.4","28-09-2016 07:03","16.31","28-09-2016 14:15","243","47.65","1048","28-09-2016 12:53","-5.7","28-09-2016 21:38","196.4","28-09-2016 12:53","-1.286","28-09-2016 18:29","284.6","234.8","463.9","309.4","14.95","28-09-2016 13:44","0","28-09-2016 00:02","4.923","128.8","NaN","8.5","32.42","28-09-2016 10:51","-3.156","28-09-2016 06:10","NaN","NaN","NaN","NaN","NaN"
"348","2016-09-29 18:30:00+00","14.25","29-09-2016 13:16","1.163","29-09-2016 06:58","6.91","77.86","29-09-2016 00:08","15.06","29-09-2016 12:54","262.1","51.5","953","29-09-2016 12:32","-5.7","29-09-2016 21:57","181.7","29-09-2016 12:28","0.7709999999999999","29-09-2016 18:25","288","235.1","466.4","312.9","15.05","29-09-2016 13:48","0","29-09-2016 00:27","5.251","88","NaN","9.36","34.29","29-09-2016 11:25","-2.279","29-09-2016 06:05","NaN","NaN","NaN","NaN","NaN"
"349","2016-01-09 18:30:00+00","17.29","30-09-2016 14:53","0.285","30-09-2016 05:56","7.981","76.11","30-09-2016 06:05","6.042999999999998","30-09-2016 14:51","261.7","52.12","949","30-09-2016 12:10","-6.269","30-09-2016 20:34","181.5","30-09-2016 13:00","0.257","30-09-2016 18:27","270.3","228","484.6","308.8","13.27","30-09-2016 14:12","0","30-09-2016 20:39","4.699","42.25","NaN","9.79","36.8","30-09-2016 11:51","-3.266","30-09-2016 05:55","NaN","NaN","NaN","NaN","NaN"
"350","2016-02-09 18:30:00+00","18","01-10-2016 14:25","0.487","01-10-2016 07:18","8.43","67.14","01-10-2016 20:41","3.815","01-10-2016 14:22","261.2","52.21","957","01-10-2016 12:26","-6.27","01-10-2016 22:11","185.6","01-10-2016 12:26","0.257","01-10-2016 18:53","286.7","226.4","477.4","309.2","14.31","01-10-2016 13:38","0","01-10-2016 10:48","5.083","47.88","NaN","9.81","34.02","01-10-2016 10:57","-3.261","01-10-2016 06:01","NaN","NaN","NaN","NaN","NaN"
"351","2016-03-09 18:30:00+00","15.03","02-10-2016 12:48","0.124","02-10-2016 06:51","7.298999999999999","72.43","02-10-2016 23:57","19.31","02-10-2016 14:23","218.3","43.13","999","02-10-2016 12:55","-6.271","02-10-2016 00:53","193.8","02-10-2016 12:55","0","02-10-2016 23:35","335","225.9","459.2","307.8","15.64","02-10-2016 15:58","0","02-10-2016 00:35","5.397","138.9","NaN","8.14","27.93","02-10-2016 12:41","-3.625","02-10-2016 06:11","NaN","NaN","NaN","NaN","NaN"
"352","2016-04-09 18:30:00+00","14.42","03-10-2016 15:29","1.568","03-10-2016 07:29","8.1","72.64","03-10-2016 00:11","10.06","03-10-2016 13:25","254.2","50.53","941","03-10-2016 12:04","-6.27","03-10-2016 22:47","183","03-10-2016 12:22","0.257","03-10-2016 02:14","318.3","236.6","462","315","14.8","03-10-2016 13:54","0","03-10-2016 01:19","5.399","155.9","NaN","9.81","30.92","03-10-2016 10:35","-2.129","03-10-2016 06:39","NaN","NaN","NaN","NaN","NaN"
"353","2016-05-09 18:30:00+00","14.39","04-10-2016 14:06","-0.081","04-10-2016 06:46","6.707999999999998","75.23","04-10-2016 05:55","9.86","04-10-2016 12:23","238.5","47.5","941","04-10-2016 12:04","-5.702000000000001","04-10-2016 02:33","183.3","04-10-2016 12:20","0.257","04-10-2016 23:45","315.1","226.1","477.4","307.6","17.21","04-10-2016 15:48","0","04-10-2016 00:40","5.009","142","NaN","8.91","32.41","04-10-2016 11:28","-3.48","04-10-2016 06:43","NaN","NaN","NaN","NaN","NaN"
"354","2016-06-09 18:30:00+00","11.89","05-10-2016 11:36","-0.17600000000000002","05-10-2016 07:57","5.078","77.92","05-10-2016 23:40","17.76","05-10-2016 11:36","188.3","36.94","1106","05-10-2016 12:59","-5.7029999999999985","05-10-2016 04:53","213.4","05-10-2016 12:59","-0.772","05-10-2016 00:46","321.6","225.3","448.2","305.9","16.05","05-10-2016 12:49","0","05-10-2016 02:20","5.608","165.7","NaN","6.86","28.7","05-10-2016 10:24","-3.897","05-10-2016 06:26","NaN","NaN","NaN","NaN","NaN"
"355","2016-07-09 18:30:00+00","11.49","06-10-2016 15:34","0.96","06-10-2016 06:14","5.2970000000000015","83.5","06-10-2016 01:36","15.97","06-10-2016 12:46","233.4","46.45","942","06-10-2016 11:59","-5.131","06-10-2016 22:31","184.3","06-10-2016 13:49","0.257","06-10-2016 19:01","293.5","233.6","446.5","312.9","13.72","06-10-2016 12:45","0","06-10-2016 03:08","5.03","167.8","NaN","7.667000000000002","27.36","06-10-2016 12:26","-2.354","06-10-2016 04:13","NaN","NaN","NaN","NaN","NaN"
"356","2016-08-09 18:30:00+00","12.33","07-10-2016 13:36","-1.528","07-10-2016 07:31","4.972","75.19","07-10-2016 05:10","8.44","07-10-2016 12:06","247.3","50.3","931","07-10-2016 12:09","-5.9860000000000015","07-10-2016 22:49","183.3","07-10-2016 12:22","0.772","07-10-2016 04:15","261.1","218.9","465.5","298.9","15.66","07-10-2016 12:57","0","07-10-2016 00:00","3.594","177","NaN","7.19","30.69","07-10-2016 11:34","-5.502000000000002","07-10-2016 06:39","NaN","NaN","NaN","NaN","NaN"
"357","2016-09-09 18:30:00+00","8.87","08-10-2016 11:52","-1.866","08-10-2016 06:42","2.582","75.63","08-10-2016 07:07","14.79","08-10-2016 11:45","166.8","33.33","1166","08-10-2016 11:37","-5.9860000000000015","08-10-2016 20:15","226.8","08-10-2016 11:38","0.772","08-10-2016 18:11","310.5","221.2","439.3","298.6","15.8","08-10-2016 12:57","0","08-10-2016 00:05","3.938","256.1","NaN","3.765","27.73","08-10-2016 10:42","-5.652","08-10-2016 06:27","NaN","NaN","NaN","NaN","NaN"
"358","2016-10-09 18:30:00+00","6.268","09-10-2016 10:49","-2.441","09-10-2016 23:59","1.19","67.24","09-10-2016 03:39","24.65","09-10-2016 10:48","151.6","30.2","1180","09-10-2016 11:47","-5.7029999999999985","09-10-2016 20:25","227.3","09-10-2016 11:47","0.772","09-10-2016 18:41","306.3","210.3","420.4","295.3","15.74","09-10-2016 11:54","0","09-10-2016 00:09","3.339","347.5","NaN","2.895","24.4","09-10-2016 09:41","-6.68","09-10-2016 23:59","NaN","NaN","NaN","NaN","NaN"
"359","2016-11-09 18:30:00+00","7.011","10-10-2016 13:39","-5.9110000000000005","10-10-2016 06:23","-0.32299999999999995","69.51","10-10-2016 21:29","10.64","10-10-2016 11:54","203.3","41.69","960","10-10-2016 12:52","-5.132999999999999","10-10-2016 22:01","191.3","10-10-2016 12:52","0.772","10-10-2016 18:32","278.8","197.5","456.3","279.9","14.48","10-10-2016 15:35","0","10-10-2016 00:03","4.117","2.503","NaN","1.8","29.16","10-10-2016 11:43","-9.68","10-10-2016 06:08","NaN","NaN","NaN","NaN","NaN"
"360","2016-12-09 18:30:00+00","9.87","11-10-2016 13:24","-5.274","11-10-2016 05:47","1.384","71.95","11-10-2016 01:53","12.02","11-10-2016 13:18","236.6","48.2","1001","11-10-2016 13:16","-5.702000000000001","11-10-2016 21:56","198.5","11-10-2016 13:37","0.514","11-10-2016 18:47","294.6","205.5","476.7","282.7","12.41","11-10-2016 14:28","0","11-10-2016 00:02","4.586","65.65","NaN","4.268","31.98","11-10-2016 12:10","-8.99","11-10-2016 06:01","NaN","NaN","NaN","NaN","NaN"
"361","2016-10-12 18:30:00+00","10.11","12-10-2016 12:42","-3.823","12-10-2016 06:49","2.181","69.37","12-10-2016 04:01","13.44","12-10-2016 12:04","205.8","42.27","1055","12-10-2016 12:24","-5.702000000000001","12-10-2016 21:20","207.7","12-10-2016 12:24","0.257","12-10-2016 18:06","286.3","212.4","469.4","289.4","14.07","12-10-2016 14:42","0","12-10-2016 11:03","3.974","36.88","NaN","3.862","31.58","12-10-2016 11:10","-7.536","12-10-2016 06:25","NaN","NaN","NaN","NaN","NaN"
"362","2016-10-13 18:30:00+00","8.83","13-10-2016 14:43","-5","13-10-2016 07:03","1.551","69.04","13-10-2016 03:33","5.91","13-10-2016 13:11","235","49.27","903","13-10-2016 12:07","-6.272","13-10-2016 22:18","181.3","13-10-2016 12:27","0.772","13-10-2016 18:41","238.2","197.3","462.6","282.6","13.27","13-10-2016 14:19","0","13-10-2016 00:15","4.55","85.4","NaN","3.522","29.55","13-10-2016 11:40","-9.14","13-10-2016 06:16","NaN","NaN","NaN","NaN","NaN"
"363","2016-10-14 18:30:00+00","10.56","14-10-2016 13:13","-4.768","14-10-2016 07:34","2.431","67.01","14-10-2016 04:50","5.672999999999999","14-10-2016 14:04","232.9","49.28","907","14-10-2016 12:06","-6.8420000000000005","14-10-2016 22:55","184.6","14-10-2016 12:15","1.029","14-10-2016 20:16","243.4","200.8","448.1","284.2","15.15","14-10-2016 12:37","0","14-10-2016 00:42","4.3660000000000005","82.3","NaN","3.617","28.58","14-10-2016 11:18","-8.68","14-10-2016 06:26","NaN","NaN","NaN","NaN","NaN"
"364","2016-10-15 18:30:00+00","11.49","15-10-2016 14:17","-4.97","15-10-2016 07:23","2.689","58.63","15-10-2016 04:41","2.195","15-10-2016 12:16","231.3","49.38","894","15-10-2016 12:09","-6.839","15-10-2016 18:37","183.3","15-10-2016 12:11","0.772","15-10-2016 20:11","235.9","195.4","483","282.3","13.82","15-10-2016 13:44","0","15-10-2016 00:00","3.993","18.6","NaN","3.917","31.91","15-10-2016 12:25","-9.07","15-10-2016 06:10","NaN","NaN","NaN","NaN","NaN"
"365","2016-10-16 18:30:00+00","10.95","16-10-2016 12:35","-4.936","16-10-2016 07:17","2.615","57.69","16-10-2016 21:53","3.207","16-10-2016 12:23","227.1","48.4","891","16-10-2016 12:21","-7.412000000000001","16-10-2016 21:54","181.3","16-10-2016 12:35","0.515","16-10-2016 22:42","235.4","195.5","474","282.8","11.76","16-10-2016 13:56","0","16-10-2016 11:02","3.98","37.16","NaN","4.023","31.65","16-10-2016 12:03","-8.97","16-10-2016 06:21","NaN","NaN","NaN","NaN","NaN"
"366","2016-10-17 18:30:00+00","9.34","17-10-2016 13:10","-6.0470000000000015","17-10-2016 07:39","1.588","60.11","17-10-2016 23:32","4.188","17-10-2016 12:30","225.7","48.23","892","17-10-2016 12:09","-6.272","17-10-2016 22:33","184.1","17-10-2016 12:18","0.772","17-10-2016 19:15","234.5","188.7","462","278.8","13.97","17-10-2016 17:03","0","17-10-2016 11:18","4.602","67.07","NaN","2.971","30.34","17-10-2016 11:40","-9.98","17-10-2016 06:44","NaN","NaN","NaN","NaN","NaN"
"367","2016-10-18 18:30:00+00","10.99","18-10-2016 14:04","-5.106","18-10-2016 06:37","2.305","65.35","18-10-2016 02:24","2.5660000000000003","18-10-2016 13:35","223.5","47.83","888","18-10-2016 12:20","-6.272","18-10-2016 22:36","183.8","18-10-2016 12:29","-0.257","18-10-2016 21:10","235.9","197.2","463.9","282.1","17.09","18-10-2016 12:59","0","18-10-2016 00:14","5.62","75.82","NaN","3.23","30.5","18-10-2016 11:51","-9.16","18-10-2016 06:47","NaN","NaN","NaN","NaN","NaN"
"368","2016-10-19 18:30:00+00","9.51","19-10-2016 13:39","-5.275","19-10-2016 07:19","1.744","69.3","19-10-2016 03:41","7.7","19-10-2016 12:36","219.1","46.76","872","19-10-2016 11:59","-5.704","19-10-2016 03:42","179","19-10-2016 12:21","0.772","19-10-2016 18:35","241","198.8","425.4","282.3","17.13","19-10-2016 13:44","0","19-10-2016 01:28","5.894","130.9","NaN","2.152","23.49","19-10-2016 10:40","-9.16","19-10-2016 06:20","NaN","NaN","NaN","NaN","NaN"
"369","2016-10-20 18:30:00+00","8.87","20-10-2016 12:56","-5.3039999999999985","20-10-2016 07:29","1.247","72.53","20-10-2016 04:20","8.44","20-10-2016 13:05","216","46.21","874","20-10-2016 12:00","-5.702000000000001","20-10-2016 00:05","181.6","20-10-2016 12:24","0.257","20-10-2016 20:55","240.3","202.6","418.6","282","19.31","20-10-2016 13:38","0","20-10-2016 00:18","5.424","187.8","NaN","1.633","22.75","20-10-2016 11:07","-9.43","20-10-2016 06:39","NaN","NaN","NaN","NaN","NaN"
"370","2016-10-21 18:30:00+00","6.606","21-10-2016 14:46","-5.37","21-10-2016 06:55","0.662","58.09","21-10-2016 21:24","11.59","21-10-2016 13:35","212.5","45.75","851","21-10-2016 12:02","-7.4129999999999985","21-10-2016 03:26","175.9","21-10-2016 12:33","0.257","21-10-2016 03:43","230.1","198.8","412.6","279.2","14.07","21-10-2016 15:07","0","21-10-2016 01:10","5.0710000000000015","188","NaN","0.8540000000000001","19.44","21-10-2016 13:36","-10.12","21-10-2016 06:30","NaN","NaN","NaN","NaN","NaN"
"371","2016-10-22 18:30:00+00","8.29","22-10-2016 13:07","-6.858","22-10-2016 07:02","0.232","61.92","22-10-2016 05:32","3.647","22-10-2016 12:12","214.6","46.68","867","22-10-2016 11:50","-6.273","22-10-2016 21:52","181.6","22-10-2016 12:29","0.772","22-10-2016 18:43","228.8","189.3","431.5","273.7","16.5","22-10-2016 14:04","0","22-10-2016 01:30","4.449","185.4","NaN","0.619","24.22","22-10-2016 11:08","-11.21","22-10-2016 06:23","NaN","NaN","NaN","NaN","NaN"
"372","2016-10-23 18:30:00+00","9.11","23-10-2016 13:53","-7.129","23-10-2016 07:45","0.715","58.61","23-10-2016 03:26","4.897","23-10-2016 13:51","212","46.11","856","23-10-2016 12:01","-7.4129999999999985","23-10-2016 22:03","179.8","23-10-2016 12:20","0.257","23-10-2016 20:32","233.9","187.1","421","272.1","14.17","23-10-2016 13:08","0","23-10-2016 00:09","4.795","170.5","NaN","0.469","22.61","23-10-2016 11:19","-11.44","23-10-2016 06:16","NaN","NaN","NaN","NaN","NaN"
"373","2016-10-24 18:30:00+00","7.585","24-10-2016 14:00","-6.824","24-10-2016 08:01","0.016","47.75","24-10-2016 05:39","5.167000000000002","24-10-2016 11:27","209.2","45.91","851","24-10-2016 11:59","-7.4129999999999985","24-10-2016 20:47","177.4","24-10-2016 12:06","0.772","24-10-2016 20:29","222.3","185.4","428.7","271","15.27","24-10-2016 13:00","0","24-10-2016 00:32","3.491","280.7","NaN","-0.192","24.16","24-10-2016 10:57","-11.94","24-10-2016 06:29","NaN","NaN","NaN","NaN","NaN"
"374","2016-10-25 18:30:00+00","5.676","25-10-2016 13:40","-7.832999999999998","25-10-2016 07:37","-1.415","53.31","25-10-2016 05:07","6.689","25-10-2016 12:20","206.6","45.09","849","25-10-2016 12:02","-6.276","25-10-2016 00:31","178.5","25-10-2016 12:17","0.257","25-10-2016 19:28","270.6","185.3","430.5","269.3","16.05","25-10-2016 14:54","0","25-10-2016 00:32","4.402","137.1","NaN","-0.202","26.01","25-10-2016 11:35","-12.22","25-10-2016 06:31","NaN","NaN","NaN","NaN","NaN"
"375","2016-10-26 18:30:00+00","4.595","26-10-2016 13:39","-8.4","26-10-2016 06:24","-2.135","57.51","26-10-2016 06:25","8.14","26-10-2016 12:19","200.8","43.69","841","26-10-2016 12:02","-6.275","26-10-2016 00:00","178.5","26-10-2016 12:02","0.772","26-10-2016 20:51","266.6","184.8","419.9","267.6","14.15","26-10-2016 13:40","0","26-10-2016 00:16","4.787","181","NaN","-1.167","21.2","26-10-2016 12:23","-12.89","26-10-2016 06:15","NaN","NaN","NaN","NaN","NaN"
"376","2016-10-27 18:30:00+00","6.876","27-10-2016 14:12","-7.832000000000002","27-10-2016 07:15","-0.8540000000000001","64.26","27-10-2016 04:30","4.458","27-10-2016 13:52","200","44.24","822","27-10-2016 12:24","-6.845","27-10-2016 00:43","175.4","27-10-2016 12:26","0.257","27-10-2016 21:20","218.5","185.7","436.3","269.1","15.6","27-10-2016 12:30","0","27-10-2016 02:40","4.441","134.5","NaN","-0.339","24.42","27-10-2016 11:56","-12.4","27-10-2016 06:30","NaN","NaN","NaN","NaN","NaN"
"377","2016-10-28 18:30:00+00","7.653","28-10-2016 13:27","-7.901","28-10-2016 06:53","-0.7509999999999999","53.06","28-10-2016 03:08","4.39","28-10-2016 13:01","199.1","44.41","815","28-10-2016 11:55","-6.8439999999999985","28-10-2016 21:10","174.4","28-10-2016 12:13","0.257","28-10-2016 21:44","278","181.9","458.2","268.7","12.41","28-10-2016 13:36","0","28-10-2016 12:11","4.049","24.66","NaN","-0.312","27.24","28-10-2016 12:22","-12.31","28-10-2016 06:21","NaN","NaN","NaN","NaN","NaN"
"378","2016-10-29 18:30:00+00","6.7410000000000005","29-10-2016 14:21","-7.936","29-10-2016 07:33","-1.391","56.05","29-10-2016 23:37","9.93","29-10-2016 13:03","207.1","44.95","909","29-10-2016 13:02","-5.702000000000001","29-10-2016 21:27","191.8","29-10-2016 13:02","0.772","29-10-2016 18:45","278","188.4","448.1","269.2","13.01","29-10-2016 16:19","0","29-10-2016 02:09","4.313","49.24","NaN","0.069","27.26","29-10-2016 11:50","-12.45","29-10-2016 06:27","NaN","NaN","NaN","NaN","NaN"
"379","2016-10-30 18:30:00+00","8.16","30-10-2016 13:46","-7.23","30-10-2016 07:16","-0.316","62.62","30-10-2016 02:25","5.235","30-10-2016 13:44","185","40.54","864","30-10-2016 12:42","-6.556","30-10-2016 17:58","182.5","30-10-2016 12:54","0.772","30-10-2016 19:11","255.7","191.3","454.1","272.8","11.78","30-10-2016 13:48","0","30-10-2016 11:23","3.791","55.19","NaN","0.45","27.23","30-10-2016 11:59","-11.5","30-10-2016 07:03","NaN","NaN","NaN","NaN","NaN"
"380","2016-01-10 18:30:00+00","5.473","31-10-2016 13:08","-7.129","31-10-2016 06:53","-1.514","57.22","31-10-2016 05:09","10.03","31-10-2016 11:30","173.7","37.99","855","31-10-2016 11:54","-6.273","31-10-2016 21:17","179.5","31-10-2016 11:54","0.257","31-10-2016 21:17","262.8","193.5","424.2","272.8","13.64","31-10-2016 12:38","0","31-10-2016 00:04","4.0539999999999985","50.21","NaN","-1.222","22","31-10-2016 10:59","-11.4","31-10-2016 06:24","NaN","NaN","NaN","NaN","NaN"
"381","2016-02-10 18:30:00+00","5.439","01-11-2016 13:59","-7.699","01-11-2016 07:40","-1.839","65.61","01-11-2016 05:53","13.31","01-11-2016 13:05","176.9","39.14","841","01-11-2016 12:25","-6.273","01-11-2016 21:05","178","01-11-2016 13:38","0.257","01-11-2016 21:46","239.1","195.6","421.6","271.5","12.41","01-11-2016 13:29","0","01-11-2016 00:33","4.136","41.32","NaN","-1.507","23.1","01-11-2016 11:37","-11.83","01-11-2016 06:34","NaN","NaN","NaN","NaN","NaN"
"382","2016-03-10 18:30:00+00","5.371","02-11-2016 14:42","-7.667000000000002","02-11-2016 07:54","-1.769","64.12","02-11-2016 05:18","12.57","02-11-2016 13:12","176.2","38.87","849","02-11-2016 12:36","-5.706","02-11-2016 01:54","182.6","02-11-2016 12:36","0.257","02-11-2016 01:54","250.5","195.3","424","271.1","13.03","02-11-2016 12:57","0","02-11-2016 00:07","4.572","55.1","NaN","-1.52","22.72","02-11-2016 11:39","-11.86","02-11-2016 06:26","NaN","NaN","NaN","NaN","NaN"
"383","2016-04-10 18:30:00+00","6.438","03-11-2016 14:38","-7.467","03-11-2016 05:47","-1.139","66.55","03-11-2016 02:40","14.69","03-11-2016 13:46","182.8","40.67","773.4","03-11-2016 11:45","-6.273","03-11-2016 23:13","164.6","03-11-2016 11:42","0.257","03-11-2016 23:04","231.7","195.3","434.1","271.3","13.05","03-11-2016 13:14","0","03-11-2016 11:12","4.971","71.59","NaN","-0.84","24.64","03-11-2016 12:09","-11.84","03-11-2016 07:02","NaN","NaN","NaN","NaN","NaN"
"384","2016-05-10 18:30:00+00","4.662","04-11-2016 14:22","-6.4860000000000015","04-11-2016 04:27","-2.061","70.41","04-11-2016 04:28","7.23","04-11-2016 11:31","180.7","39.3","1118","04-11-2016 11:27","-5.704","04-11-2016 20:34","232","04-11-2016 11:29","0.257","04-11-2016 17:22","283.7","198.4","423","276.7","14.88","04-11-2016 17:22","0","04-11-2016 01:32","3.632","319.4","NaN","-0.976","22.83","04-11-2016 11:21","-10.7","04-11-2016 04:18","NaN","NaN","NaN","NaN","NaN"
"385","2016-06-10 18:30:00+00","4.088","05-11-2016 15:08","-9.49","05-11-2016 06:44","-3.114","61.67","05-11-2016 06:23","7.601","05-11-2016 13:51","183.4","41.23","786","05-11-2016 11:42","-6.845","05-11-2016 23:10","168.7","05-11-2016 12:20","0.257","05-11-2016 23:09","219.8","182.5","431","264.7","12.84","05-11-2016 14:07","0","05-11-2016 01:22","4.2","98.1","NaN","-2.289","23.55","05-11-2016 12:20","-13.4","05-11-2016 06:44","NaN","NaN","NaN","NaN","NaN"
"386","2016-07-10 18:30:00+00","4.0539999999999985","06-11-2016 14:12","-9.32","06-11-2016 07:55","-3.613","64.14","06-11-2016 04:29","8.55","06-11-2016 13:12","159.1","35.17","954","06-11-2016 12:33","-5.705","06-11-2016 22:28","205.7","06-11-2016 12:33","0.257","06-11-2016 17:36","274","183.4","420.6","264.6","13.19","06-11-2016 14:49","0","06-11-2016 00:00","4.047","72.86","NaN","-3.155","22.39","06-11-2016 11:48","-13.55","06-11-2016 06:44","NaN","NaN","NaN","NaN","NaN"
"387","2016-08-10 18:30:00+00","3.953","07-11-2016 14:32","-10.13","07-11-2016 07:44","-3.676","68.67","07-11-2016 04:21","9.09","07-11-2016 12:11","179.2","40.8","774","07-11-2016 12:04","-7.415","07-11-2016 20:37","167.9","07-11-2016 12:12","0.772","07-11-2016 17:57","212.2","180.4","429.7","261.6","12.31","07-11-2016 13:50","0","07-11-2016 02:48","4.0939999999999985","16.65","NaN","-3.401","22.87","07-11-2016 12:24","-14.23","07-11-2016 06:32","NaN","NaN","NaN","NaN","NaN"
"388","2016-09-10 18:30:00+00","8.33","08-11-2016 13:44","-9.69","08-11-2016 07:32","-1.335","47.72","08-11-2016 00:58","3.783","08-11-2016 13:04","177.5","40.47","768.9","08-11-2016 11:58","-7.982","08-11-2016 21:05","166.9","08-11-2016 11:50","0.257","08-11-2016 20:32","222.1","175.1","443.2","261","15.09","08-11-2016 14:25","0","08-11-2016 12:04","4.691","17.5","NaN","-2.028","24.99","08-11-2016 12:43","-14.18","08-11-2016 06:54","NaN","NaN","NaN","NaN","NaN"
"389","2016-10-10 18:30:00+00","8.9","09-11-2016 14:22","-8.54","09-11-2016 07:25","-0.557","45.84","09-11-2016 07:25","3.343","09-11-2016 12:53","177.2","40.54","781.1","09-11-2016 11:56","-7.412000000000001","09-11-2016 20:34","170","09-11-2016 12:16","-0.772","09-11-2016 20:34","219.3","180.7","422.7","265.2","12.58","09-11-2016 20:02","0","09-11-2016 01:07","4.621","17.71","NaN","-1.768","22.72","09-11-2016 11:49","-13.28","09-11-2016 06:28","NaN","NaN","NaN","NaN","NaN"
"390","2016-11-10 18:30:00+00","7.822","10-11-2016 12:46","-8.21","10-11-2016 07:40","-0.913","41.74","10-11-2016 07:41","2.499","10-11-2016 12:49","135.6","29.67","1011","10-11-2016 12:13","-9.12","10-11-2016 20:12","216","10-11-2016 12:13","-0.257","10-11-2016 20:39","271.3","181.5","422.2","267.6","15.27","10-11-2016 12:46","0","10-11-2016 01:23","3.989","356.1","NaN","-2.701","20.82","10-11-2016 12:13","-12.64","10-11-2016 07:09","NaN","NaN","NaN","NaN","NaN"
"391","2016-12-10 18:30:00+00","4.7639999999999985","11-11-2016 13:48","-9.93","11-11-2016 08:11","-3.2430000000000003","50.76","11-11-2016 23:59","3.2430000000000003","11-11-2016 12:58","173.1","40.11","768.9","11-11-2016 11:56","-7.4129999999999985","11-11-2016 18:26","169.7","11-11-2016 12:10","0.257","11-11-2016 22:40","224.6","171.5","389.9","257.8","20.34","11-11-2016 13:21","0","11-11-2016 00:31","4.135","299.8","NaN","-5.233","14.96","11-11-2016 10:21","-15.19","11-11-2016 06:30","NaN","NaN","NaN","NaN","NaN"
"392","2016-11-12 18:30:00+00","2.399","12-11-2016 13:45","-10.7","12-11-2016 07:33","-5.056","81.6","12-11-2016 23:24","7.433","12-11-2016 13:00","169.9","38.74","752.7","12-11-2016 11:39","-5.135","12-11-2016 22:02","163.6","12-11-2016 11:39","0.772","12-11-2016 17:55","241.1","177.9","406.9","257.6","12.56","12-11-2016 12:54","0","12-11-2016 00:21","3.696","151","NaN","-4.624","17.96","12-11-2016 12:51","-15.14","12-11-2016 06:45","NaN","NaN","NaN","NaN","NaN"
"393","2016-11-13 18:30:00+00","2.5","13-11-2016 14:28","-8.41","13-11-2016 07:20","-3.936","79.44","13-11-2016 00:42","13.28","13-11-2016 14:34","151.4","34.46","720.9","13-11-2016 11:56","-5.704","13-11-2016 20:34","159","13-11-2016 12:06","0.772","13-11-2016 18:37","252.4","190.9","419.7","269.7","9.86","13-11-2016 19:57","0","13-11-2016 02:31","3.439","11.58","NaN","-3.232","20.7","13-11-2016 12:55","-12.19","13-11-2016 07:05","NaN","NaN","NaN","NaN","NaN"
"394","2016-11-14 18:30:00+00","3.5810000000000004","14-11-2016 13:38","-10.77","14-11-2016 07:42","-4.405","62.99","14-11-2016 05:06","6.0470000000000015","14-11-2016 14:11","165.8","38.41","737","14-11-2016 12:03","-6.275","14-11-2016 20:20","161","14-11-2016 12:20","0.257","14-11-2016 21:43","209.9","179.3","405.1","258.8","13.19","14-11-2016 13:34","0","14-11-2016 03:07","3.86","359.3","NaN","-4.798","19.26","14-11-2016 11:48","-14.88","14-11-2016 06:41","NaN","NaN","NaN","NaN","NaN"
"395","2016-11-15 18:30:00+00","2.568","15-11-2016 13:52","-11.51","15-11-2016 07:34","-4.85","55.07","15-11-2016 03:24","6.0139999999999985","15-11-2016 12:34","165.6","38.39","744","15-11-2016 12:01","-6.275","15-11-2016 21:46","163.6","15-11-2016 12:20","0.772","15-11-2016 18:25","210","172","398.1","254.6","13.56","15-11-2016 13:27","0","15-11-2016 00:15","4.255","49.54","NaN","-5.5","17.35","15-11-2016 11:58","-15.72","15-11-2016 06:39","NaN","NaN","NaN","NaN","NaN"
"396","2016-11-16 18:30:00+00","3.378","16-11-2016 13:50","-11.51","16-11-2016 07:39","-4.455","58.87","16-11-2016 06:07","8.92","16-11-2016 14:06","163","37.86","737.2","16-11-2016 11:53","-6.275","16-11-2016 20:39","162.1","16-11-2016 12:11","0.257","16-11-2016 21:34","211.5","176.3","398","255.7","13.07","16-11-2016 12:45","0","16-11-2016 02:51","4.072","23.84","NaN","-5.2810000000000015","17.44","16-11-2016 11:21","-15.7","16-11-2016 06:43","NaN","NaN","NaN","NaN","NaN"
"397","2016-11-17 18:30:00+00","5.777","17-11-2016 14:00","-10.33","17-11-2016 06:54","-2.904","52.47","17-11-2016 06:54","9.7","17-11-2016 13:52","160.7","37.31","723","17-11-2016 12:09","-6.845","17-11-2016 21:31","159.5","17-11-2016 11:40","0.257","17-11-2016 17:40","224.5","183.7","421.1","259.6","14.31","17-11-2016 13:16","0","17-11-2016 11:39","4.208","16.55","NaN","-4.065","21.66","17-11-2016 12:18","-14.48","17-11-2016 06:33","NaN","NaN","NaN","NaN","NaN"
"398","2016-11-18 18:30:00+00","6.169","18-11-2016 14:46","-9.82","18-11-2016 07:11","-2.276","52.77","18-11-2016 07:11","9.26","18-11-2016 14:16","158.7","36.69","749.8","18-11-2016 13:01","-6.843","18-11-2016 19:24","167.7","18-11-2016 13:01","0.257","18-11-2016 20:25","230.6","184.4","405.2","261.2","12.47","18-11-2016 13:48","0","18-11-2016 19:21","3.767","358.4","NaN","-3.96","19.21","18-11-2016 11:35","-14.28","18-11-2016 06:28","NaN","NaN","NaN","NaN","NaN"
"399","2016-11-19 18:30:00+00","7.7879999999999985","19-11-2016 15:11","-9.93","19-11-2016 07:47","-1.668","52.37","19-11-2016 07:49","5.876","19-11-2016 15:09","158.7","37.18","720.1","19-11-2016 12:07","-6.558","19-11-2016 21:00","158.7","19-11-2016 12:37","0.257","19-11-2016 18:25","222.9","183.8","415.5","261.6","14.88","19-11-2016 14:04","0","19-11-2016 00:44","4.2860000000000005","7.587999999999999","NaN","-3.088","21.22","19-11-2016 12:18","-14.12","19-11-2016 06:53","NaN","NaN","NaN","NaN","NaN"
"400","2016-11-20 18:30:00+00","4.7639999999999985","20-11-2016 12:34","-8.88","20-11-2016 07:07","-2.091","52.91","20-11-2016 07:07","9.6","20-11-2016 11:30","118.1","26.47","817","20-11-2016 12:52","-5.136","20-11-2016 03:34","179.5","20-11-2016 12:53","0.257","20-11-2016 17:48","268.5","188.4","397.3","264.6","15.11","20-11-2016 12:57","0","20-11-2016 00:41","3.895","30.81","NaN","-3.956","15.83","20-11-2016 12:25","-13.63","20-11-2016 06:37","NaN","NaN","NaN","NaN","NaN"
"401","2016-11-21 18:30:00+00","1.77","21-11-2016 13:08","-5.3420000000000005","21-11-2016 02:22","-1.519","40.95","21-11-2016 02:24","13.55","21-11-2016 13:11","75.01","15.44","444.1","21-11-2016 12:26","-5.704","21-11-2016 00:21","91.1","21-11-2016 12:26","-0.257","21-11-2016 06:19","275.7","204.6","350.4","280.9","15.68","21-11-2016 14:28","0","21-11-2016 00:27","3.618","181.5","NaN","-2.7030000000000003","7.621","21-11-2016 12:27","-10.01","21-11-2016 00:28","NaN","NaN","NaN","NaN","NaN"
"402","2016-11-22 18:30:00+00","3.615","22-11-2016 11:38","-4.097","22-11-2016 05:04","-0.732","49.26","22-11-2016 05:06","14.66","22-11-2016 12:42","100.3","20.84","1020","22-11-2016 11:29","-4.561","22-11-2016 18:01","214","22-11-2016 11:29","-0.257","22-11-2016 05:35","274.1","224.5","402.5","286.8","11.76","22-11-2016 14:29","0","22-11-2016 00:52","2.949","155","NaN","-1.03","19.73","22-11-2016 11:35","-8.08","22-11-2016 23:52","NaN","NaN","NaN","NaN","NaN"
"403","2016-11-23 18:30:00+00","1.06","23-11-2016 12:14","-6.526","23-11-2016 23:46","-2.532","90.8","23-11-2016 23:59","19.33","23-11-2016 12:47","72.78","14.84","785.3","23-11-2016 10:06","-3.423","23-11-2016 01:36","168.8","23-11-2016 10:06","-0.257","23-11-2016 21:09","285","228.3","351.4","283.9","13.6","23-11-2016 15:43","0","23-11-2016 01:25","3.894","191.3","NaN","-2.69","8.18","23-11-2016 10:38","-8.7","23-11-2016 01:53","NaN","NaN","NaN","NaN","NaN"
"404","2016-11-24 18:30:00+00","2.073","24-11-2016 13:57","-7.838999999999999","24-11-2016 08:05","-4.212","92.6","24-11-2016 04:52","20.31","24-11-2016 15:26","128.1","88","780.2","24-11-2016 10:23","-5.704","24-11-2016 19:46","610.2","24-11-2016 09:33","0.257","24-11-2016 17:55","310.1","210","326.1","268.1","10.29","24-11-2016 15:00","0","24-11-2016 01:08","2.008","352.9","NaN","-5.746","3.832","24-11-2016 13:52","-11.92","24-11-2016 08:05","NaN","NaN","NaN","NaN","NaN"
"405","2016-11-25 18:30:00+00","4.392","25-11-2016 14:58","-8.04","25-11-2016 06:58","-2.3040000000000003","67.03","25-11-2016 05:30","19.66","25-11-2016 15:09","131.4","33.98","836","25-11-2016 11:55","-5.1320000000000014","25-11-2016 18:51","206.3","25-11-2016 11:29","0.257","25-11-2016 21:03","281.4","204.8","384.4","270.1","8.66","25-11-2016 15:58","0","25-11-2016 00:11","2.676","356.8","NaN","-2.777","15.4","25-11-2016 12:39","-11.72","25-11-2016 06:33","NaN","NaN","NaN","NaN","NaN"
"406","2016-11-26 18:30:00+00","2.838","26-11-2016 13:03","-5.511","26-11-2016 06:24","-1.793","84.6","26-11-2016 23:58","19.09","26-11-2016 11:45","71.46","13.87","533.8","26-11-2016 10:26","-5.704","26-11-2016 00:31","104.5","26-11-2016 10:26","-0.772","26-11-2016 18:26","289.7","210.2","343.2","281.6","18.25","26-11-2016 11:49","0","26-11-2016 00:31","3.4930000000000003","332.9","NaN","-2.902","6.044","26-11-2016 13:26","-9.31","26-11-2016 04:52","NaN","NaN","NaN","NaN","NaN"
"407","2016-11-27 18:30:00+00","5.2360000000000015","27-11-2016 14:16","-5.777","27-11-2016 23:42","-0.927","86.2","27-11-2016 00:33","16.89","27-11-2016 14:47","154.6","34.42","699.1","27-11-2016 12:08","-6.843","27-11-2016 20:49","150.2","27-11-2016 12:48","0.257","27-11-2016 19:45","275.5","192.3","392.8","275.1","15.5","27-11-2016 13:55","0","27-11-2016 02:25","5.034","167.5","NaN","-1.726","15.4","27-11-2016 12:24","-10.95","27-11-2016 23:59","NaN","NaN","NaN","NaN","NaN"
"408","2016-11-28 18:30:00+00","5.84","28-11-2016 13:56","-9.96","28-11-2016 06:42","-3.04","52.09","28-11-2016 03:13","7.466","28-11-2016 14:43","123.3","27.59","782.7","28-11-2016 11:36","-6.276","28-11-2016 00:48","165.2","28-11-2016 11:35","0.257","28-11-2016 17:30","258.7","181.7","409.8","261.5","11.86","28-11-2016 15:13","0","28-11-2016 00:47","3.35","352.9","NaN","-5.152","20.25","28-11-2016 12:03","-14.11","28-11-2016 06:42","NaN","NaN","NaN","NaN","NaN"
"409","2016-11-29 18:30:00+00","5.74","29-11-2016 13:18","-10.2","29-11-2016 07:39","-2.54","51.45","29-11-2016 06:15","7.837999999999999","29-11-2016 12:17","122.6","26.62","750.4","29-11-2016 12:07","-5.707000000000002","29-11-2016 01:47","153.3","29-11-2016 12:07","0.257","29-11-2016 21:15","287","179.7","404.7","259.2","10.13","29-11-2016 14:00","0","29-11-2016 04:52","2.8160000000000003","359.3","NaN","-3.809","19.01","29-11-2016 12:10","-14.56","29-11-2016 06:58","NaN","NaN","NaN","NaN","NaN"
"410","2016-01-11 18:30:00+00","2.649","30-11-2016 12:55","-3.59","30-11-2016 23:59","-1.3259999999999998","66.37","30-11-2016 16:28","23.22","30-11-2016 10:52","63.06","12.33","687.6","30-11-2016 10:46","-3.422","30-11-2016 00:01","142","30-11-2016 10:46","-0.772","30-11-2016 17:22","292.7","229.4","354.2","291.8","17.03","30-11-2016 14:36","0","30-11-2016 00:00","4.448","216.8","NaN","-2.015","8.61","30-11-2016 10:46","-6.972","30-11-2016 02:03","NaN","NaN","NaN","NaN","NaN"
"411","2016-02-11 18:30:00+00","2.162","01-12-2016 14:03","-8.34","01-12-2016 08:38","-3.446","75.71","01-12-2016 08:41","18.85","01-12-2016 13:04","148.1","33.96","685.8","01-12-2016 11:58","-6.843","01-12-2016 17:56","149.7","01-12-2016 12:16","-0.257","01-12-2016 00:00","278.4","187","396.8","268.4","14.35","01-12-2016 13:51","0","01-12-2016 03:29","3.833","176.4","NaN","-3.606","17.08","01-12-2016 11:41","-12.55","01-12-2016 23:59","NaN","NaN","NaN","NaN","NaN"
"412","2016-03-11 18:30:00+00","3.514","02-12-2016 13:44","-11.24","02-12-2016 07:32","-4.7810000000000015","54.74","02-12-2016 01:10","4.831","02-12-2016 15:11","148.2","34.97","695.6","02-12-2016 12:00","-6.847","02-12-2016 21:54","155.4","02-12-2016 12:34","-0.258","02-12-2016 06:27","202.7","171.2","409.9","255.9","6.7029999999999985","02-12-2016 13:20","0","02-12-2016 02:08","3.034","340.9","NaN","-5.824","17.64","02-12-2016 13:15","-15.45","02-12-2016 07:31","NaN","NaN","NaN","NaN","NaN"
"413","2016-04-11 18:30:00+00","7.747000000000001","03-12-2016 14:55","-11.11","03-12-2016 07:40","-3.16","43.44","03-12-2016 07:41","4.863","03-12-2016 14:29","145.5","34.18","684.9","03-12-2016 11:55","-6.849","03-12-2016 00:08","152.3","03-12-2016 12:22","-0.258","03-12-2016 00:08","229.3","174.6","423.8","256.7","8.86","03-12-2016 16:42","0","03-12-2016 13:17","3.38","3.264","NaN","-4.584","19.98","03-12-2016 13:31","-15.38","03-12-2016 06:59","NaN","NaN","NaN","NaN","NaN"
"414","2016-05-11 18:30:00+00","8.83","04-12-2016 14:43","-8.68","04-12-2016 06:31","-1.127","53.24","04-12-2016 06:47","9.02","04-12-2016 14:00","143.7","33.34","666.3","04-12-2016 11:50","-7.98","04-12-2016 18:08","146.1","04-12-2016 11:42","-0.258","04-12-2016 04:13","237.8","193.3","426","266.6","12.45","04-12-2016 13:57","0","04-12-2016 11:42","4.167","12.08","NaN","-3.139","21.83","04-12-2016 12:43","-12.87","04-12-2016 06:46","NaN","NaN","NaN","NaN","NaN"
"415","2016-06-11 18:30:00+00","8.97","05-12-2016 14:55","-9.15","05-12-2016 08:02","-1.47","54.33","05-12-2016 07:48","5.7410000000000005","05-12-2016 14:13","142.6","33.63","668.5","05-12-2016 12:11","-7.6960000000000015","05-12-2016 18:26","148.4","05-12-2016 12:22","0","05-12-2016 19:13","227","187.3","415.5","264.5","12.58","05-12-2016 14:00","0","05-12-2016 11:26","3.404","358.9","NaN","-3.67","20.7","05-12-2016 12:30","-13.42","05-12-2016 06:59","NaN","NaN","NaN","NaN","NaN"
"416","2016-07-11 18:30:00+00","7.7879999999999985","06-12-2016 14:38","-9.69","06-12-2016 07:30","-1.695","46.92","06-12-2016 08:38","6.822","06-12-2016 13:57","142.7","33.52","667.1","06-12-2016 12:15","-8.55","06-12-2016 19:15","147.6","06-12-2016 12:29","-0.772","06-12-2016 19:15","226.8","183","416.3","261.8","13.45","06-12-2016 14:54","0","06-12-2016 00:04","4.1110000000000015","1.381","NaN","-3.889","19.98","06-12-2016 12:05","-14.05","06-12-2016 07:02","NaN","NaN","NaN","NaN","NaN"
"417","2016-08-11 18:30:00+00","9.13","07-12-2016 14:28","-8.34","07-12-2016 07:12","-1.2819999999999998","49.72","07-12-2016 07:14","7.598","07-12-2016 13:45","143.1","33.82","674.3","07-12-2016 11:50","-8.55","07-12-2016 17:49","151.2","07-12-2016 11:50","-0.258","07-12-2016 04:59","233.4","187.3","435.4","266.9","11.27","07-12-2016 14:10","0","07-12-2016 12:41","3.442","1.817","NaN","-3.318","22.09","07-12-2016 12:47","-12.83","07-12-2016 06:57","NaN","NaN","NaN","NaN","NaN"
"418","2016-09-11 18:30:00+00","6.877000000000002","08-12-2016 13:47","-10.67","08-12-2016 07:20","-2.902","46.96","08-12-2016 06:18","3.715","08-12-2016 13:09","144.1","34.47","679.2","08-12-2016 12:03","-7.4129999999999985","08-12-2016 18:31","152.8","08-12-2016 12:12","-0.258","08-12-2016 01:42","212.5","170.6","413.1","257","12.86","08-12-2016 14:03","0","08-12-2016 18:30","3.613","356.8","NaN","-5.214","19.75","08-12-2016 12:16","-15.16","08-12-2016 07:20","NaN","NaN","NaN","NaN","NaN"
"419","2016-10-11 18:30:00+00","5.642","09-12-2016 13:48","-10.74","09-12-2016 07:08","-3.726","46.94","09-12-2016 23:45","7.872000000000001","09-12-2016 13:45","140.6","33.47","676.4","09-12-2016 12:13","-6.845","09-12-2016 20:54","151.8","09-12-2016 12:25","-0.258","09-12-2016 06:09","215.9","175.1","391.8","256.4","15.25","09-12-2016 12:43","0","09-12-2016 20:26","4.3660000000000005","11.49","NaN","-5.7360000000000015","15.28","09-12-2016 11:47","-15.4","09-12-2016 07:00","NaN","NaN","NaN","NaN","NaN"
"420","2016-11-11 18:30:00+00","3.716","10-12-2016 12:16","-11.58","10-12-2016 07:51","-4.794","93.2","10-12-2016 23:12","5.574","10-12-2016 13:29","138.4","32.59","706.7","10-12-2016 11:31","-6.843","10-12-2016 18:30","155.9","10-12-2016 12:45","-1.544","10-12-2016 20:39","286.4","175.2","386.1","253","20.03","10-12-2016 12:47","0","10-12-2016 00:48","4.0710000000000015","327.2","NaN","-5.774","14.47","10-12-2016 11:24","-16.19","10-12-2016 07:06","NaN","NaN","NaN","NaN","NaN"
"421","2016-12-11 18:30:00+00","-0.799","11-12-2016 14:57","-14.55","11-12-2016 23:55","-7.956","90.6","11-12-2016 00:00","26.39","11-12-2016 15:34","149.2","107.3","695.8","11-12-2016 12:07","-6.849","11-12-2016 22:29","523","11-12-2016 11:20","-1.288","11-12-2016 22:29","282.6","167.5","319.2","241.2","10.98","11-12-2016 01:36","0","11-12-2016 00:02","2.6180000000000003","354.1","NaN","-10.99","-2.13","11-12-2016 12:45","-19.66","11-12-2016 08:53","NaN","NaN","NaN","NaN","NaN"
"422","2016-12-12 18:30:00+00","2.008","12-12-2016 14:43","-16.34","12-12-2016 05:37","-9.11","64.9","12-12-2016 23:36","3.954","12-12-2016 14:49","101.3","49.82","586.2","12-12-2016 14:00","-7.415","12-12-2016 18:12","294.4","12-12-2016 14:43","-1.287","12-12-2016 18:13","232.7","161.5","316.7","237.3","16.33","12-12-2016 14:50","0","12-12-2016 11:59","3.863","355.4","NaN","-13.49","-1.269","12-12-2016 14:01","-20.47","12-12-2016 05:47","NaN","NaN","NaN","NaN","NaN"
"423","2016-12-13 18:30:00+00","0.882","13-12-2016 15:04","-17.32","13-12-2016 08:35","-9.48","68.14","13-12-2016 05:14","12.47","13-12-2016 15:02","145.9","59.22","688.4","13-12-2016 12:06","-7.416","13-12-2016 18:17","283.7","13-12-2016 11:25","-0.773","13-12-2016 04:43","197.4","155.4","350.8","233.9","11.64","13-12-2016 15:21","0","13-12-2016 12:27","3.24","354.6","NaN","-12.45","4.794","13-12-2016 13:26","-21.08","13-12-2016 08:15","NaN","NaN","NaN","NaN","NaN"
"424","2016-12-14 18:30:00+00","2.1630000000000003","14-12-2016 14:14","-17.39","14-12-2016 07:00","-9.44","67.82","14-12-2016 02:05","7.872000000000001","14-12-2016 14:07","146.1","45.4","696.2","14-12-2016 12:10","-9.42","14-12-2016 21:15","208.5","14-12-2016 11:42","-3.09","14-12-2016 21:15","194","151.7","375.4","233.1","6.35","14-12-2016 23:46","0","14-12-2016 13:42","3.155","359.6","NaN","-11.46","8.41","14-12-2016 13:44","-21.05","14-12-2016 07:09","NaN","NaN","NaN","NaN","NaN"
"425","2016-12-15 18:30:00+00","3.793","15-12-2016 14:41","-14.75","15-12-2016 05:07","-6.145","57.12","15-12-2016 02:48","10.88","15-12-2016 15:21","106","27.6","820","15-12-2016 11:22","-6.851","15-12-2016 03:52","209.5","15-12-2016 11:22","-1.803","15-12-2016 03:52","284.5","166.2","357","244.4","12.37","15-12-2016 14:42","0","15-12-2016 13:06","3.594","6.808","NaN","-8.76","8.01","15-12-2016 11:44","-18.46","15-12-2016 04:08","NaN","NaN","NaN","NaN","NaN"
"426","2016-12-16 18:30:00+00","2.779","16-12-2016 14:32","-11.21","16-12-2016 02:47","-3.851","50.07","16-12-2016 08:06","7.57","16-12-2016 13:42","77","18.45","617.9","16-12-2016 12:58","-6.277","16-12-2016 02:46","144.1","16-12-2016 12:58","-1.801","16-12-2016 20:43","270","179.4","345.4","256.4","13.74","16-12-2016 14:01","0","16-12-2016 00:25","3.695","354.6","NaN","-6.672999999999999","5.215","16-12-2016 14:31","-15.67","16-12-2016 03:41","NaN","NaN","NaN","NaN","NaN"
"427","2016-12-17 18:30:00+00","4.527","17-12-2016 14:16","-12.26","17-12-2016 07:22","-3.88","46.15","17-12-2016 07:23","3.446","17-12-2016 13:59","141.6","35.37","682.8","17-12-2016 12:09","-7.9860000000000015","17-12-2016 19:42","161","17-12-2016 12:09","-1.287","17-12-2016 19:43","218.2","169.7","380.9","251.1","15.7","17-12-2016 12:58","0","17-12-2016 00:23","3.596","299.2","NaN","-7.115","13.22","17-12-2016 11:31","-16.98","17-12-2016 07:18","NaN","NaN","NaN","NaN","NaN"
"428","2016-12-18 18:30:00+00","2.446","18-12-2016 12:34","-10.84","18-12-2016 01:40","-5.022","50.13","18-12-2016 07:11","5.473","18-12-2016 13:38","108.7","24.74","896","18-12-2016 12:05","-7.9860000000000015","18-12-2016 18:47","196.1","18-12-2016 12:05","-0.258","18-12-2016 07:10","251.2","174.4","388.5","259.4","12.96","18-12-2016 14:20","0","18-12-2016 01:18","3.135","328.6","NaN","-7.047999999999999","14.04","18-12-2016 12:50","-14.77","18-12-2016 23:59","NaN","NaN","NaN","NaN","NaN"
"429","2016-12-19 18:30:00+00","2.107","19-12-2016 13:24","-11.45","19-12-2016 01:43","-5.081","51.01","19-12-2016 04:08","6.489","19-12-2016 12:05","129.7","29.69","892","19-12-2016 11:26","-6.278","19-12-2016 00:41","194","19-12-2016 11:26","-0.773","19-12-2016 01:41","244.8","172.7","371.2","256.6","16.25","19-12-2016 14:19","0","19-12-2016 01:06","4.838","169.1","NaN","-6.789","12.32","19-12-2016 11:26","-15.55","19-12-2016 00:55","NaN","NaN","NaN","NaN","NaN"
"430","2016-12-20 18:30:00+00","6.351","20-12-2016 14:30","-13.17","20-12-2016 07:29","-5.024","48.76","20-12-2016 03:56","3.074","20-12-2016 15:21","140.6","33.49","664.7","20-12-2016 12:30","-9.12","20-12-2016 17:38","149.2","20-12-2016 11:57","-0.773","20-12-2016 23:04","200.6","161.2","395.3","246.8","14.05","20-12-2016 14:16","0","20-12-2016 00:48","3.573","340.6","NaN","-7.593","16.22","20-12-2016 12:24","-17.75","20-12-2016 07:13","NaN","NaN","NaN","NaN","NaN"
"431","2016-12-21 18:30:00+00","6.7410000000000005","21-12-2016 14:25","-11.58","21-12-2016 07:19","-3.618","39.04","21-12-2016 06:07","5.811","21-12-2016 12:39","137.7","32.37","700.5","21-12-2016 12:36","-8.55","21-12-2016 18:15","152.3","21-12-2016 11:47","-0.773","21-12-2016 04:50","220.9","173","407.9","252.5","12.78","21-12-2016 14:49","0","21-12-2016 19:11","4.2810000000000015","353.8","NaN","-6.352","17.67","21-12-2016 12:19","-16.4","21-12-2016 07:26","NaN","NaN","NaN","NaN","NaN"
"432","2016-12-22 18:30:00+00","7.331","22-12-2016 12:03","-9.86","22-12-2016 03:02","-1.7990000000000002","42.29","22-12-2016 03:02","4.628","22-12-2016 12:02","105.6","23.3","835","22-12-2016 12:14","-5.707000000000002","22-12-2016 00:20","179.2","22-12-2016 12:14","-0.773","22-12-2016 02:51","275.3","180.6","386.6","258.4","15.99","22-12-2016 12:55","0","22-12-2016 07:26","3.775","4.364","NaN","-4.216","15.98","22-12-2016 11:20","-15.04","22-12-2016 06:47","NaN","NaN","NaN","NaN","NaN"
"433","2016-12-23 18:30:00+00","2.366","23-12-2016 12:46","-7.968","23-12-2016 07:38","-2.356","37.74","23-12-2016 08:46","10.58","23-12-2016 22:38","113","24.72","792.6","23-12-2016 12:28","-5.135","23-12-2016 02:46","170.3","23-12-2016 12:28","0","23-12-2016 00:17","267.1","189.9","369.2","266.5","15.35","23-12-2016 12:34","0","23-12-2016 00:40","4.665","200.2","NaN","-4.194","12","23-12-2016 10:32","-13.46","23-12-2016 05:11","NaN","NaN","NaN","NaN","NaN"
"434","2016-12-24 18:30:00+00","-0.324","24-12-2016 12:17","-9.97","24-12-2016 23:58","-4.422","88.3","24-12-2016 23:56","12.54","24-12-2016 10:19","123.2","27.81","731.6","24-12-2016 12:26","-6.274","24-12-2016 01:28","162.1","24-12-2016 12:54","-0.772","24-12-2016 19:41","273.2","184","366.5","276.3","20.54","24-12-2016 13:08","0","24-12-2016 01:28","5.425","191.7","NaN","-4.605","10.87","24-12-2016 12:17","-10.05","24-12-2016 08:42","NaN","NaN","NaN","NaN","NaN"
"435","2016-12-25 18:30:00+00","-1.968","25-12-2016 12:49","-16.65","25-12-2016 22:55","-10.35","89.9","25-12-2016 01:00","36","25-12-2016 12:51","45.66","90.3","245.8","25-12-2016 14:34","-6.849","25-12-2016 19:49","480.6","25-12-2016 12:22","-2.834","25-12-2016 22:18","325.9","246","302.4","229.4","5.645","25-12-2016 18:05","0","25-12-2016 01:34","1.781","336.4","NaN","-13.7","-5.931","25-12-2016 13:05","-22.06","25-12-2016 23:59","NaN","NaN","NaN","NaN","NaN"
"436","2016-12-26 18:30:00+00","-1.44","26-12-2016 14:12","-19.08","26-12-2016 06:02","-11.52","74.2","26-12-2016 06:03","21.9","26-12-2016 14:49","155.5","123.8","741","26-12-2016 11:50","-6.279","26-12-2016 22:58","567.4","26-12-2016 12:27","-3.092","26-12-2016 01:28","278.3","171.1","300.3","223.3","7.742000000000001","26-12-2016 08:20","0","26-12-2016 14:02","3.494","356.7","NaN","-16.78","-6.275","26-12-2016 12:49","-23.59","26-12-2016 06:59","NaN","NaN","NaN","NaN","NaN"
"437","2016-12-27 18:30:00+00","4.324","27-12-2016 14:20","-13.88","27-12-2016 00:57","-6.369","65.61","27-12-2016 00:58","19.56","27-12-2016 14:20","138.6","107.2","799","27-12-2016 11:41","-6.8439999999999985","27-12-2016 18:08","610.6","27-12-2016 11:41","-1.803","27-12-2016 02:38","245.9","176.5","324.8","240.8","11.8","27-12-2016 16:53","0","27-12-2016 12:24","3.865","0.087","NaN","-11.93","-0.775","27-12-2016 12:55","-19.21","27-12-2016 01:16","NaN","NaN","NaN","NaN","NaN"
"438","2016-12-28 18:30:00+00","3.446","28-12-2016 14:23","-12.43","28-12-2016 07:37","-4.637","68.94","28-12-2016 07:38","21.82","28-12-2016 14:28","141.4","88.4","698.1","28-12-2016 12:06","-6.843","28-12-2016 18:11","433.7","28-12-2016 12:06","-0.773","28-12-2016 00:09","224.5","182.9","333.9","247.9","12.62","28-12-2016 13:52","0","28-12-2016 00:34","3.616","340.2","NaN","-10.1","1.653","28-12-2016 13:01","-17.3","28-12-2016 05:41","NaN","NaN","NaN","NaN","NaN"
"439","2016-12-29 18:30:00+00","4.73","29-12-2016 13:51","-11.75","29-12-2016 05:25","-4.335","69.42","29-12-2016 02:43","13.21","29-12-2016 13:49","126.9","53.66","784.6","29-12-2016 12:43","-7.419","29-12-2016 01:17","323.7","29-12-2016 11:37","-2.318","29-12-2016 02:40","240.5","185.5","352.4","252.4","12.9","29-12-2016 14:01","0","29-12-2016 11:14","3.609","346.6","NaN","-8.41","7.12","29-12-2016 13:13","-15.85","29-12-2016 06:03","NaN","NaN","NaN","NaN","NaN"
"440","2016-12-30 18:30:00+00","1.631","30-12-2016 15:02","-13.57","30-12-2016 08:13","-5.92","68.12","30-12-2016 08:14","14.02","30-12-2016 15:01","143.5","44.97","670.3","30-12-2016 12:16","-6.845","30-12-2016 21:04","204.9","30-12-2016 11:35","-0.515","30-12-2016 21:03","222.1","173.2","369.6","247.9","13.15","30-12-2016 15:40","0","30-12-2016 11:51","3.995","345.9","NaN","-7.963999999999999","11.77","30-12-2016 13:01","-17.25","30-12-2016 07:38","NaN","NaN","NaN","NaN","NaN"
"441","2016-12-31 18:30:00+00","-1.136","31-12-2016 13:49","-13.77","31-12-2016 07:44","-7.657999999999999","71.7","31-12-2016 06:29","17.84","31-12-2016 14:09","128.3","33.95","798.1","31-12-2016 12:42","-5.707000000000002","31-12-2016 21:27","199.2","31-12-2016 12:46","0.257","31-12-2016 20:22","240.6","173.6","350.5","249.1","13.47","31-12-2016 13:05","0","31-12-2016 00:00","3.5010000000000003","343.6","NaN","-9.18","9.08","31-12-2016 11:52","-17.16","31-12-2016 07:18","NaN","NaN","NaN","NaN","NaN"
"442","2017-01-31 18:30:00+00","-3.4960000000000004","01-01-2017 13:09","-14.42","01-01-2017 08:25","-9.52","81.6","01-01-2017 20:28","34.84","01-01-2017 12:58","116.9","28.32","757.6","01-01-2017 12:12","-5.707000000000002","01-01-2017 20:26","172.4","01-01-2017 13:11","0.258","01-01-2017 21:29","246.3","173.5","362.8","246.2","11.23","01-01-2017 15:07","0","01-01-2017 00:37","3.237","349","NaN","-10.06","11.25","01-01-2017 12:12","-17.95","01-01-2017 07:30","NaN","NaN","NaN","NaN","NaN"
"443","2017-02-28 18:30:00+00","-3.556","02-01-2017 14:47","-14.75","02-01-2017 07:51","-9.22","77.77","02-01-2017 00:59","27.18","02-01-2017 14:27","142.1","34.52","680.3","02-01-2017 12:28","-5.4220000000000015","02-01-2017 20:46","158.5","02-01-2017 12:56","0.257","02-01-2017 17:56","251.2","167.4","347.3","244.7","13.01","02-01-2017 14:23","0","02-01-2017 00:00","4.154","333.9","NaN","-9.24","9.15","02-01-2017 11:51","-18.21","02-01-2017 07:44","NaN","NaN","NaN","NaN","NaN"
"444","2017-03-31 18:30:00+00","-1.541","03-01-2017 13:45","-15.49","03-01-2017 08:36","-9.02","89.7","03-01-2017 23:39","23.08","03-01-2017 13:08","142.7","32.79","688.6","03-01-2017 13:55","-5.1370000000000005","03-01-2017 00:27","157.7","03-01-2017 14:18","-0.257","03-01-2017 20:49","274.7","166.8","368","240.7","12.94","03-01-2017 17:33","0","03-01-2017 11:52","4.812","68.47","NaN","-8.35","12.48","03-01-2017 12:41","-19.35","03-01-2017 07:36","NaN","NaN","NaN","NaN","NaN"
"445","2017-04-30 18:30:00+00","-5.341","04-01-2017 09:48","-11.85","04-01-2017 23:48","-7.635","93.2","04-01-2017 03:02","40.38","04-01-2017 18:59","65.76","31.94","546.6","04-01-2017 09:47","-6.278","04-01-2017 22:26","255.4","04-01-2017 09:47","-0.258","04-01-2017 22:27","277.1","176.6","299.3","253.3","13.13","04-01-2017 16:40","0","04-01-2017 00:49","5.8260000000000005","169.1","NaN","-9.06","-3.153","04-01-2017 10:17","-16.37","04-01-2017 23:32","NaN","NaN","NaN","NaN","NaN"
"446","2017-05-31 18:30:00+00","-6.462999999999999","05-01-2017 14:44","-16.34","05-01-2017 08:59","-10.97","81.8","05-01-2017 21:05","43.81","05-01-2017 12:48","125.8","39.63","870","05-01-2017 13:35","-5.138","05-01-2017 03:14","246.6","05-01-2017 13:35","-0.773","05-01-2017 20:44","247.8","164.5","329.5","240.1","12.23","05-01-2017 15:12","0","05-01-2017 00:03","4.114","159.3","NaN","-11.59","3.853","05-01-2017 11:56","-19.68","05-01-2017 07:51","NaN","NaN","NaN","NaN","NaN"
"447","2017-06-30 18:30:00+00","-9.59","06-01-2017 00:06","-13.67","06-01-2017 05:57","-10.89","91.1","06-01-2017 22:59","47.94","06-01-2017 02:23","57.63","25.23","316.7","06-01-2017 12:04","-5.138","06-01-2017 01:55","141.1","06-01-2017 13:51","-0.258","06-01-2017 21:03","268.9","178.8","290.4","250.6","8.19","06-01-2017 23:28","0","06-01-2017 01:39","3.185","160.6","NaN","-10.85","-5.003","06-01-2017 11:37","-16.52","06-01-2017 05:54","NaN","NaN","NaN","NaN","NaN"
"448","2017-07-31 18:30:00+00","-9.23","07-01-2017 15:06","-11.18","07-01-2017 22:17","-10.27","91.3","07-01-2017 00:43","77.88","07-01-2017 23:58","88","72.91","388","07-01-2017 12:00","-1.4269999999999998","07-01-2017 23:46","318.2","07-01-2017 11:09","-0.258","07-01-2017 00:46","268.8","239.1","276.9","264.4","10.37","07-01-2017 15:58","2.352","07-01-2017 23:51","5.653","166.8","NaN","-10.29","-9.12","07-01-2017 14:05","-12.26","07-01-2017 23:49","NaN","NaN","NaN","NaN","NaN"
"449","2017-08-31 18:30:00+00","-7.472","08-01-2017 11:40","-25.77","08-01-2017 23:25","-13.38","83.6","08-01-2017 08:25","22.69","08-01-2017 15:15","137.2","110.4","863","08-01-2017 12:04","-6.2860000000000005","08-01-2017 23:22","665.7","08-01-2017 12:04","-2.5780000000000003","08-01-2017 23:22","262.8","142.7","280.5","210.5","12.35","08-01-2017 11:57","0","08-01-2017 05:43","3.569","201.2","NaN","-16.38","-7.654","08-01-2017 11:39","-27.66","08-01-2017 23:26","NaN","NaN","NaN","NaN","NaN"
"450","2017-09-30 18:30:00+00","-9.46","09-01-2017 14:39","-28.65","09-01-2017 08:35","-20.1","76.63","09-01-2017 02:56","13.19","09-01-2017 15:12","167.5","123.5","769.6","09-01-2017 12:19","-6.856","09-01-2017 23:59","550.8","09-01-2017 12:17","-2.5780000000000003","09-01-2017 23:59","208.9","128.3","275.7","198.9","16.13","09-01-2017 15:07","0","09-01-2017 00:26","3.2030000000000003","356.8","NaN","-22.89","-11.14","09-01-2017 13:08","-31.03","09-01-2017 08:13","NaN","NaN","NaN","NaN","NaN"
"451","2017-10-31 18:30:00+00","-9.5","10-01-2017 14:09","-24.29","10-01-2017 00:00","-16.94","82.7","10-01-2017 21:14","37.77","10-01-2017 14:09","138.3","88.8","829","10-01-2017 12:29","-6.856","10-01-2017 00:00","524.3","10-01-2017 12:29","-2.5780000000000003","10-01-2017 00:00","238.5","149.2","284.6","216.1","6.331","10-01-2017 11:18","0","10-01-2017 01:45","2.251","1.928","NaN","-17.44","-8.36","10-01-2017 12:41","-26.1","10-01-2017 09:24","NaN","NaN","NaN","NaN","NaN"
"452","2017-11-30 18:30:00+00","-12.78","11-01-2017 15:35","-27.33","11-01-2017 06:59","-21.3","74.87","11-01-2017 02:10","39.23","11-01-2017 14:45","165.3","109","759.8","11-01-2017 12:22","-8.28","11-01-2017 19:17","481.7","11-01-2017 12:20","-3.3510000000000004","11-01-2017 19:17","178.2","138.4","280.6","204.4","7.683","11-01-2017 08:45","0","11-01-2017 15:33","3.957","1.052","NaN","-22.97","-10.89","11-01-2017 13:20","-29.24","11-01-2017 08:42","NaN","NaN","NaN","NaN","NaN"
"453","2017-01-12 18:30:00+00","-13.49","12-01-2017 15:31","-29.77","12-01-2017 08:01","-22.35","69.09","12-01-2017 04:05","33.62","12-01-2017 15:24","167.2","104.8","767.6","12-01-2017 12:19","-7.431","12-01-2017 03:57","463.6","12-01-2017 12:43","-3.095","12-01-2017 03:57","165.4","131.1","283.1","196.4","7.37","12-01-2017 02:53","0","12-01-2017 15:26","3.626","2.069","NaN","-24.08","-10.13","12-01-2017 13:45","-31.6","12-01-2017 08:00","NaN","NaN","NaN","NaN","NaN"
"454","2017-01-13 18:30:00+00","-11.52","13-01-2017 15:41","-28.89","13-01-2017 06:48","-20.5","84.3","13-01-2017 19:25","37.08","13-01-2017 13:32","123.7","72.79","891","13-01-2017 13:27","-6.573","13-01-2017 02:10","507.9","13-01-2017 13:27","-2.579","13-01-2017 02:10","248.7","134.4","277.4","198.4","7.33","13-01-2017 09:19","0","13-01-2017 12:23","3.215","6.426","NaN","-22.17","-10.65","13-01-2017 14:51","-31.08","13-01-2017 06:48","NaN","NaN","NaN","NaN","NaN"
"455","2017-01-14 18:30:00+00","-13.75","14-01-2017 15:48","-28.34","14-01-2017 08:11","-19.6","84.7","14-01-2017 23:53","29.16","14-01-2017 14:06","146.6","100.8","766.2","14-01-2017 12:09","-6.573","14-01-2017 03:36","526.1","14-01-2017 12:09","-2.579","14-01-2017 02:09","245.4","135","264.2","199","8.29","14-01-2017 06:11","0","14-01-2017 19:07","3.657","13.13","NaN","-20.81","-12.85","14-01-2017 14:04","-30.85","14-01-2017 08:10","NaN","NaN","NaN","NaN","NaN"
"456","2017-01-15 18:30:00+00","-7.072","15-01-2017 13:45","-15.3","15-01-2017 07:17","-13.29","87.9","15-01-2017 23:54","60.72","15-01-2017 13:47","104.9","92.2","655.4","15-01-2017 13:32","-1.998","15-01-2017 05:29","566.8","15-01-2017 13:32","-0.773","15-01-2017 18:01","309.7","238.9","275.8","248.1","5.7429999999999986","15-01-2017 11:05","0","15-01-2017 00:00","1.854","8.9","NaN","-14.13","-8.79","15-01-2017 13:43","-16.7","15-01-2017 05:27","NaN","NaN","NaN","NaN","NaN"
"457","2017-01-16 18:30:00+00","-7.71","16-01-2017 13:36","-26.56","16-01-2017 22:10","-13.5","90","16-01-2017 07:52","25.19","16-01-2017 15:25","65.42","98.7","982","16-01-2017 13:44","-6.568","16-01-2017 20:39","888","16-01-2017 13:43","-3.093","16-01-2017 20:39","298.9","152","276.9","196","14.72","16-01-2017 13:44","0","16-01-2017 00:49","2.798","347","NaN","-16.5","-9.32","16-01-2017 13:27","-32.99","16-01-2017 23:31","NaN","NaN","NaN","NaN","NaN"
"458","2017-01-17 18:30:00+00","-9.56","17-01-2017 12:04","-27.4","17-01-2017 01:07","-16.59","88","17-01-2017 23:14","43.47","18-01-2017 00:00","127.2","110.4","650.7","17-01-2017 11:31","-5.707999999999998","17-01-2017 23:54","558.6","17-01-2017 11:31","-3.611","17-01-2017 02:13","261.6","150.1","263.9","197.2","10.58","17-01-2017 23:58","0","17-01-2017 11:57","3.158","10.4","NaN","-17.88","-10.4","17-01-2017 12:00","-32.38","17-01-2017 00:13","NaN","NaN","NaN","NaN","NaN"
"459","2017-01-18 18:30:00+00","-8.35","18-01-2017 12:25","-13.95","18-01-2017 07:11","-11.78","86.3","18-01-2017 06:53","27.59","18-01-2017 12:17","104.3","94.7","627.6","18-01-2017 12:06","-4.852","18-01-2017 00:21","540.2","18-01-2017 12:06","-0.258","18-01-2017 06:51","291.9","225.4","268.5","246","14.33","18-01-2017 12:40","0","18-01-2017 00:28","2.814","349","NaN","-13.9","-11.16","18-01-2017 11:55","-16.83","18-01-2017 09:08","NaN","NaN","NaN","NaN","NaN"
"460","2017-01-19 18:30:00+00","-9.98","19-01-2017 13:13","-27.13","19-01-2017 23:32","-15.46","74.64","19-01-2017 22:23","24.49","19-01-2017 00:55","175","150.3","783.4","19-01-2017 12:33","-8.57","19-01-2017 23:14","659.3","19-01-2017 12:33","-4.641","19-01-2017 23:14","235.6","143.4","276.8","199","15.97","19-01-2017 01:36","0","19-01-2017 00:08","2.281","349.7","NaN","-21.47","-9.61","19-01-2017 13:11","-31.97","19-01-2017 23:45","NaN","NaN","NaN","NaN","NaN"
"461","2017-01-20 18:30:00+00","-11.46","20-01-2017 14:17","-30.21","20-01-2017 07:39","-20.56","71.48","20-01-2017 02:04","30.14","20-01-2017 13:38","179.1","150.6","834","20-01-2017 12:20","-8","20-01-2017 04:45","679.8","20-01-2017 12:20","-4.901","20-01-2017 04:45","229.7","133.8","264.9","190","8.82","20-01-2017 05:38","0","20-01-2017 18:04","4.9289999999999985","8.88","NaN","-24.95","-13.21","20-01-2017 13:47","-34.26","20-01-2017 08:44","NaN","NaN","NaN","NaN","NaN"
"462","2017-01-21 18:30:00+00","-8.32","21-01-2017 13:59","-20.06","21-01-2017 01:49","-12.62","90.7","21-01-2017 21:03","42.04","21-01-2017 01:16","105.4","89.9","470.7","21-01-2017 13:15","-4.283","21-01-2017 01:26","406.2","21-01-2017 13:32","-2.577","21-01-2017 02:17","269.9","188.7","272.6","227.5","8.74","21-01-2017 00:41","0","21-01-2017 13:57","3.1910000000000003","13.09","NaN","-13.71","-8.98","21-01-2017 13:33","-22.66","21-01-2017 01:47","NaN","NaN","NaN","NaN","NaN"
"463","2017-01-22 18:30:00+00","-4.4030000000000005","22-01-2017 11:44","-22.87","22-01-2017 22:50","-11.37","90.5","22-01-2017 01:49","63.89","22-01-2017 23:37","127.9","126.1","989","22-01-2017 12:58","-6.282","22-01-2017 20:43","800","22-01-2017 12:58","-5.669","22-01-2017 20:40","310.2","227.9","288.7","212.7","8.08","22-01-2017 14:11","0","22-01-2017 00:05","1.864","4.537","NaN","-14.41","-5.269","22-01-2017 12:59","-26.99","22-01-2017 22:51","NaN","NaN","NaN","NaN","NaN"
"464","2017-01-23 18:30:00+00","-9.05","23-01-2017 21:10","-25.51","23-01-2017 08:02","-15.17","84.4","23-01-2017 23:19","41.08","23-01-2017 13:42","175.3","146.8","903","23-01-2017 12:37","-5.141","23-01-2017 06:01","753.5","23-01-2017 12:37","-4.381","23-01-2017 06:01","264.9","194","270.6","205.5","9.06","23-01-2017 08:04","0","23-01-2017 21:49","4.913","11.29","NaN","-18.15","-10.76","23-01-2017 13:40","-29.67","23-01-2017 08:01","NaN","NaN","NaN","NaN","NaN"
"465","2017-01-24 18:30:00+00","-5.275","24-01-2017 23:26","-11.45","24-01-2017 00:00","-8.45","95.7","24-01-2017 23:25","73.55","24-01-2017 01:29","76.47","72.69","334","24-01-2017 12:25","-1.712","24-01-2017 01:54","319.7","24-01-2017 11:20","-1.288","24-01-2017 01:54","301.9","259","290.8","264","9.96","24-01-2017 23:57","0","24-01-2017 00:35","2.107","22.56","NaN","-9.05","-5.715","24-01-2017 23:26","-12.23","24-01-2017 00:00","NaN","NaN","NaN","NaN","NaN"
"466","2017-01-25 18:30:00+00","-5.112","25-01-2017 11:40","-7.872999999999998","25-01-2017 23:36","-6.466","95.2","25-01-2017 08:37","86.5","25-01-2017 13:26","56.89","55.91","276.7","25-01-2017 12:47","-0.856","25-01-2017 01:33","257.9","25-01-2017 12:47","-0.257","25-01-2017 06:02","293.9","279.1","290.2","280","9.8","25-01-2017 00:04","0","25-01-2017 01:42","2.971","166.3","NaN","-6.928","-5.851","25-01-2017 10:04","-8.23","25-01-2017 23:45","NaN","NaN","NaN","NaN","NaN"
"467","2017-01-26 18:30:00+00","-5.112","26-01-2017 11:23","-8.48","26-01-2017 23:23","-7.263","95.6","26-01-2017 10:14","93.3","26-01-2017 23:52","64.41","62.52","323.4","26-01-2017 13:24","-0.285","26-01-2017 23:55","309.4","26-01-2017 13:24","-0.257","26-01-2017 23:54","289.5","274.3","288.7","277.5","10.62","26-01-2017 15:08","0","26-01-2017 05:43","4.81","166.4","NaN","-7.694","-5.51","26-01-2017 10:12","-8.88","26-01-2017 23:56","NaN","NaN","NaN","NaN","NaN"
"468","2017-01-27 18:30:00+00","-1.783","27-01-2017 11:36","-24.19","27-01-2017 23:47","-9.91","93.5","27-01-2017 02:57","66.8","27-01-2017 21:06","159.6","144.6","995","27-01-2017 12:04","-5.997000000000001","27-01-2017 23:00","855","27-01-2017 12:04","-3.608","27-01-2017 23:47","275.7","154.5","314","206.5","9.13","27-01-2017 14:39","0","27-01-2017 06:49","3.387","119","NaN","-12.32","-1.482","27-01-2017 12:05","-28.63","27-01-2017 23:52","NaN","NaN","NaN","NaN","NaN"
"469","2017-01-28 18:30:00+00","-8.11","28-01-2017 14:41","-26.48","28-01-2017 06:27","-16.62","88.9","28-01-2017 21:07","33.55","28-01-2017 13:25","160.3","142","887","28-01-2017 12:05","-8.57","28-01-2017 05:50","775.3","28-01-2017 12:05","-5.157","28-01-2017 05:50","262","151.3","270.2","200.2","9.86","28-01-2017 03:40","0","28-01-2017 14:37","5.359","12.42","NaN","-19.27","-10.03","28-01-2017 14:41","-30.93","28-01-2017 07:43","NaN","NaN","NaN","NaN","NaN"
"470","2017-01-29 18:30:00+00","-3.603","29-01-2017 13:07","-13.71","29-01-2017 03:14","-8.02","90.4","29-01-2017 16:17","61.83","29-01-2017 23:05","123.6","111.7","575.8","29-01-2017 13:04","-2.854","29-01-2017 01:32","516.8","29-01-2017 13:04","-2.318","29-01-2017 03:02","296.7","217","296.4","249.6","12.33","29-01-2017 17:48","0","29-01-2017 06:10","4.502","358.1","NaN","-9.6","-5.408","29-01-2017 13:06","-16.34","29-01-2017 03:11","NaN","NaN","NaN","NaN","NaN"
"471","2017-01-30 18:30:00+00","-1.541","30-01-2017 12:35","-12.94","30-01-2017 08:38","-7.3610000000000015","94","30-01-2017 22:36","47.25","30-01-2017 12:36","128.2","113.5","734.4","30-01-2017 11:25","-4.279","30-01-2017 05:44","629.6","30-01-2017 11:25","-1.288","30-01-2017 06:33","298.5","189.8","292.1","245.6","12.86","30-01-2017 02:08","0","30-01-2017 03:59","3.304","152.8","NaN","-9.38","-5.311","30-01-2017 12:53","-17.98","30-01-2017 08:04","NaN","NaN","NaN","NaN","NaN"
"472","2017-01-01 18:30:00+00","-5.2810000000000015","31-01-2017 11:37","-24.56","31-01-2017 23:59","-10.46","93.1","31-01-2017 03:07","56.33","31-01-2017 16:21","197.9","177.6","887","31-01-2017 12:55","-7.711","31-01-2017 21:39","780.4","31-01-2017 12:55","-5.155","31-01-2017 21:39","284.7","152.2","288","203.7","12.31","31-01-2017 11:58","0","31-01-2017 04:20","5.779","168.6","NaN","-13.6","-6.521","31-01-2017 12:23","-29.34","31-01-2017 23:59","NaN","NaN","NaN","NaN","NaN"
"473","2017-02-01 18:30:00+00","-7.41","01-02-2017 15:33","-29.16","01-02-2017 05:56","-19.89","75.56","01-02-2017 00:38","26.75","01-02-2017 14:56","202","179.6","868","01-02-2017 12:31","-8.86","01-02-2017 00:33","754","01-02-2017 12:35","-5.417000000000002","01-02-2017 05:55","185.3","142.1","269.5","193.4","9.78","01-02-2017 06:13","0","01-02-2017 15:24","5.455","9.4","NaN","-24.41","-12.05","01-02-2017 13:34","-33.12","01-02-2017 05:57","NaN","NaN","NaN","NaN","NaN"
"474","2017-03-01 18:30:00+00","-5.551","02-02-2017 14:39","-24.02","02-02-2017 07:47","-13.22","63.45","02-02-2017 08:28","30.43","02-02-2017 13:08","182.5","159.3","880","02-02-2017 12:23","-5.14","02-02-2017 07:08","762.1","02-02-2017 12:23","-3.35","02-02-2017 07:08","254.5","162.3","278.4","210.6","9.6","02-02-2017 09:20","0","02-02-2017 02:21","3.887","2.171","NaN","-17.33","-8.55","02-02-2017 14:27","-28","02-02-2017 07:08","NaN","NaN","NaN","NaN","NaN"
"475","2017-04-01 18:30:00+00","-3.028","03-02-2017 13:48","-11.96","03-02-2017 21:59","-7.699","69.92","03-02-2017 18:03","43.53","03-02-2017 13:11","159","137.3","755.3","03-02-2017 12:18","-4.565","03-02-2017 21:59","640.2","03-02-2017 12:18","-2.575","03-02-2017 21:59","254.4","218.7","286.2","252.5","8.47","03-02-2017 00:00","0","03-02-2017 00:09","2.852","354.2","NaN","-11.61","-6.4860000000000015","03-02-2017 12:18","-15.96","03-02-2017 23:45","NaN","NaN","NaN","NaN","NaN"
"476","2017-05-01 18:30:00+00","-0.5479999999999999","04-02-2017 11:46","-13.41","04-02-2017 03:32","-6.325","88.4","04-02-2017 23:59","12.98","04-02-2017 11:45","126.7","111.3","508.4","04-02-2017 12:02","-4.2810000000000015","04-02-2017 01:42","443.6","04-02-2017 12:02","-2.576","04-02-2017 03:31","276.7","213.3","283.2","248","23.38","04-02-2017 21:38","0","04-02-2017 00:17","4.553","228.2","NaN","-11.59","-7.7120000000000015","04-02-2017 13:17","-16.99","04-02-2017 02:39","NaN","NaN","NaN","NaN","NaN"
"477","2017-06-01 18:30:00+00","-3.387","05-02-2017 06:26","-9.26","05-02-2017 21:30","-7.086","92.8","05-02-2017 01:51","49.86","05-02-2017 14:04","60.3","54.17","483.8","05-02-2017 13:44","-1.997","05-02-2017 04:36","420.6","05-02-2017 13:44","-2.317","05-02-2017 06:34","290.4","261.1","292.1","272.4","24.93","05-02-2017 04:29","0","05-02-2017 01:25","5.165","175.8","NaN","-8.03","-5.44","05-02-2017 04:06","-10.28","05-02-2017 23:46","NaN","NaN","NaN","NaN","NaN"
"478","2017-07-01 18:30:00+00","-4.673","06-02-2017 14:47","-23.58","06-02-2017 23:44","-11.98","92.1","06-02-2017 00:34","42.75","06-02-2017 15:48","213.6","190.9","959","06-02-2017 11:06","-6.2810000000000015","06-02-2017 19:18","790.2","06-02-2017 12:41","-4.638","06-02-2017 19:18","300.9","155.5","290.1","207.2","13.11","06-02-2017 00:52","0","06-02-2017 00:12","3.111","37.83","NaN","-15.13","-7.422999999999999","06-02-2017 12:34","-28.81","06-02-2017 23:15","NaN","NaN","NaN","NaN","NaN"
"479","2017-08-01 18:30:00+00","-2.374","07-02-2017 15:13","-24.39","07-02-2017 00:36","-12.37","90.9","07-02-2017 20:37","27.28","07-02-2017 13:41","181.6","157.7","984","07-02-2017 11:02","-5.712999999999999","07-02-2017 00:15","847","07-02-2017 10:52","-3.609","07-02-2017 00:36","268.6","154","284.6","205.7","8.62","07-02-2017 00:37","0","07-02-2017 03:22","3.305","14.06","NaN","-14.43","-6.023","07-02-2017 12:03","-29.26","07-02-2017 00:15","NaN","NaN","NaN","NaN","NaN"
"480","2017-09-01 18:30:00+00","-4.841","08-02-2017 13:01","-10.77","08-02-2017 00:56","-8.11","92.7","08-02-2017 04:07","71.37","08-02-2017 15:21","101.9","94.1","441.5","08-02-2017 12:29","-1.426","08-02-2017 20:02","402.6","08-02-2017 12:29","-0.773","08-02-2017 03:55","292.1","263.4","287.4","268.1","12.29","08-02-2017 12:26","0","08-02-2017 00:23","3.418","196.2","NaN","-9.03","-6.8820000000000014","08-02-2017 13:00","-11.13","08-02-2017 01:24","NaN","NaN","NaN","NaN","NaN"
"481","2017-10-01 18:30:00+00","-7.941","09-02-2017 16:04","-28.62","09-02-2017 22:25","-13.72","89.3","09-02-2017 06:40","54.51","09-02-2017 16:05","165","148.3","947","09-02-2017 14:13","-9.43","09-02-2017 23:10","824","09-02-2017 14:13","-6.447","09-02-2017 23:10","272.3","140.8","278.5","192.8","8.92","09-02-2017 09:36","0","09-02-2017 00:30","3.59","61.07","NaN","-16.53","-7.439","09-02-2017 14:18","-32.77","09-02-2017 23:59","NaN","NaN","NaN","NaN","NaN"
"482","2017-11-01 18:30:00+00","-12.74","10-02-2017 15:34","-32.95","10-02-2017 07:25","-22.94","74.57","10-02-2017 00:06","28.08","10-02-2017 13:36","223.3","197","922","10-02-2017 12:28","-7.718","10-02-2017 01:41","793.5","10-02-2017 12:22","-6.19","10-02-2017 22:31","160.4","128.8","265.6","180.9","8.74","10-02-2017 23:52","0.823","10-02-2017 16:16","5.659","10.6","NaN","-27.61","-13.2","10-02-2017 13:13","-36.66","10-02-2017 07:49","NaN","NaN","NaN","NaN","NaN"
"483","2017-12-01 18:30:00+00","-10.31","11-02-2017 15:50","-32.48","11-02-2017 08:36","-21.24","64.61","11-02-2017 20:05","23.23","11-02-2017 16:16","222.9","193.7","923","11-02-2017 12:20","-8.86","11-02-2017 05:50","784.8","11-02-2017 12:58","-6.191","11-02-2017 05:50","224.9","131.4","266.1","183.5","10.11","11-02-2017 06:46","0","11-02-2017 17:47","5.774","6.847","NaN","-25.49","-11.37","11-02-2017 13:22","-35.79","11-02-2017 05:25","NaN","NaN","NaN","NaN","NaN"
"484","2017-02-12 18:30:00+00","-7.579","12-02-2017 14:41","-24.35","12-02-2017 07:41","-16.13","71.04","12-02-2017 23:11","29.21","12-02-2017 14:15","224.6","194.3","921","12-02-2017 12:43","-7.426","12-02-2017 23:09","780.1","12-02-2017 12:43","-4.382","12-02-2017 23:09","228.6","148.7","270.3","203.5","9.04","12-02-2017 01:16","0","12-02-2017 04:48","4.26","6.636","NaN","-20.91","-8.93","12-02-2017 13:29","-29.75","12-02-2017 05:44","NaN","NaN","NaN","NaN","NaN"
"485","2017-02-13 18:30:00+00","-8.63","13-02-2017 15:53","-29.33","13-02-2017 08:20","-19.18","73.36","13-02-2017 01:57","27.52","13-02-2017 14:31","228.9","196.9","931","13-02-2017 12:43","-9.14","13-02-2017 23:55","782.4","13-02-2017 12:48","-5.672999999999999","13-02-2017 23:55","170.1","140","271.4","190.9","9.51","13-02-2017 23:37","0.588","13-02-2017 16:25","5.778","12.7","NaN","-23.9","-9.84","13-02-2017 13:20","-33.3","13-02-2017 08:20","NaN","NaN","NaN","NaN","NaN"
"486","2017-02-14 18:30:00+00","-6.971","14-02-2017 14:00","-27.53","14-02-2017 04:07","-16.64","58.82","14-02-2017 22:26","20.52","14-02-2017 14:00","217.3","183.9","1061","14-02-2017 13:22","-7.715","14-02-2017 06:33","886","14-02-2017 13:22","-5.674","14-02-2017 05:23","246.9","141.9","285.7","194.3","9.43","14-02-2017 00:22","0","14-02-2017 18:09","5.858","9.66","NaN","-20.87","-7.4529999999999985","14-02-2017 13:39","-32.39","14-02-2017 08:23","NaN","NaN","NaN","NaN","NaN"
"487","2017-02-15 18:30:00+00","0.081","15-02-2017 15:18","-18.82","15-02-2017 06:21","-9.45","70.92","15-02-2017 23:54","31.19","15-02-2017 14:20","195.7","163.8","1371","15-02-2017 12:37","-6.852","15-02-2017 06:21","1090","15-02-2017 12:37","-5.41","15-02-2017 06:21","269.7","178.4","300.4","227.7","9.43","15-02-2017 06:24","0","15-02-2017 13:07","3.898","6.901","NaN","-13.17","-2.524","15-02-2017 12:28","-22.94","15-02-2017 06:20","NaN","NaN","NaN","NaN","NaN"
"488","2017-02-16 18:30:00+00","1.6909999999999998","16-02-2017 14:54","-15.77","16-02-2017 07:24","-8.19","91.4","16-02-2017 05:24","43.89","16-02-2017 14:55","218.1","182.6","1007","16-02-2017 12:56","-7.991","16-02-2017 06:28","842","16-02-2017 13:54","-4.636","16-02-2017 06:28","271","187.3","303.1","241.7","7.82","16-02-2017 20:26","0","16-02-2017 00:19","3.63","5.032","NaN","-11.62","-2.371","16-02-2017 12:58","-19.25","16-02-2017 07:21","NaN","NaN","NaN","NaN","NaN"
"489","2017-02-17 18:30:00+00","6.959","17-02-2017 13:07","-13.61","17-02-2017 23:52","-5.973","93","17-02-2017 04:13","41.39","17-02-2017 13:09","200.2","172.1","1330","17-02-2017 13:13","-7.419","17-02-2017 20:29","1101","17-02-2017 13:13","-4.378","17-02-2017 20:30","309","198","328.2","249.1","8.49","17-02-2017 01:34","0","17-02-2017 00:30","2.763","2.813","NaN","-8.61","2.031","17-02-2017 13:13","-17.09","17-02-2017 21:00","NaN","NaN","NaN","NaN","NaN"
"490","2017-02-18 18:30:00+00","1.385","18-02-2017 13:37","-12.8","18-02-2017 00:06","-4.142","95","18-02-2017 18:21","61.01","18-02-2017 13:38","184.3","159.1","1214","18-02-2017 11:26","-4.2810000000000015","18-02-2017 00:41","1023","18-02-2017 11:26","-2.318","18-02-2017 01:08","304.7","207.7","314.2","251.1","13.35","18-02-2017 23:46","0","18-02-2017 02:41","4.166","20.37","NaN","-5.384","0.44","18-02-2017 12:48","-16.25","18-02-2017 00:47","NaN","NaN","NaN","NaN","NaN"
"491","2017-02-19 18:30:00+00","1.398","19-02-2017 13:56","-7.237","19-02-2017 23:34","-2.823","93.9","19-02-2017 23:43","36.26","19-02-2017 13:56","156.4","131.6","1249","19-02-2017 13:49","-2.853","19-02-2017 21:19","1001","19-02-2017 13:49","-2.574","19-02-2017 19:50","299.3","232.5","308.5","278","23.38","19-02-2017 12:44","0.647","19-02-2017 22:45","9.61","183.4","NaN","-4.4910000000000005","-0.878","19-02-2017 13:22","-9.64","19-02-2017 21:18","NaN","NaN","NaN","NaN","NaN"
"492","2017-02-20 18:30:00+00","-2.205","20-02-2017 13:58","-10.74","20-02-2017 19:49","-7.127000000000002","93.8","20-02-2017 02:08","63.64","20-02-2017 01:23","149.7","130.1","892","20-02-2017 10:14","-5.706","20-02-2017 19:07","745.5","20-02-2017 10:14","-1.802","20-02-2017 19:09","297.1","188.3","297.6","248.1","12.99","20-02-2017 00:53","0","20-02-2017 09:16","4.9460000000000015","167.5","NaN","-8.19","-2.991","20-02-2017 10:15","-18.2","20-02-2017 19:46","NaN","NaN","NaN","NaN","NaN"
"493","2017-02-21 18:30:00+00","-2.61","21-02-2017 10:52","-15.64","21-02-2017 23:50","-8.99","92.6","21-02-2017 02:47","41.84","21-02-2017 12:49","168.6","150.4","1089","21-02-2017 10:51","-6.848","21-02-2017 22:30","937","21-02-2017 10:51","-2.318","21-02-2017 22:25","285.9","199","288.2","225.1","11.33","21-02-2017 07:00","0","21-02-2017 00:32","2.752","141.9","NaN","-10.34","-3.09","21-02-2017 11:01","-23.62","21-02-2017 23:50","NaN","NaN","NaN","NaN","NaN"
"494","2017-02-22 18:30:00+00","-7.005","22-02-2017 15:24","-29.3","22-02-2017 23:46","-18.82","82","22-02-2017 01:55","30.86","22-02-2017 16:01","220.8","224.5","1218","22-02-2017 13:30","-8.57","22-02-2017 23:15","860","22-02-2017 12:35","-5.93","22-02-2017 23:15","281.5","150.2","272.6","187","8.31","22-02-2017 07:52","0","22-02-2017 00:44","3.741","358.5","NaN","-24.69","-9.91","22-02-2017 12:38","-34.44","22-02-2017 08:25","NaN","NaN","NaN","NaN","NaN"
"495","2017-02-23 18:30:00+00","-7.309","23-02-2017 15:26","-31.63","23-02-2017 07:25","-19.14","89.2","23-02-2017 19:00","25.79","23-02-2017 14:54","253.1","219.5","1001","23-02-2017 12:28","-8.58","23-02-2017 02:45","847","23-02-2017 12:38","-5.417999999999998","23-02-2017 02:45","262.2","131.3","272.4","181.6","9.37","23-02-2017 08:18","0","23-02-2017 15:49","4.862","6.489","NaN","-22.9","-9.89","23-02-2017 13:31","-36.95","23-02-2017 05:00","NaN","NaN","NaN","NaN","NaN"
"496","2017-02-24 18:30:00+00","-4.435","24-02-2017 14:15","-26.52","24-02-2017 07:37","-16.2","84.5","24-02-2017 00:39","30.56","24-02-2017 14:34","252.2","215","1011","24-02-2017 13:19","-8.28","24-02-2017 02:54","863","24-02-2017 13:19","-3.865","24-02-2017 21:22","229.2","144.8","288.8","198.9","10.82","24-02-2017 08:55","0","24-02-2017 00:02","4.31","3.014","NaN","-20.62","-6.1110000000000015","24-02-2017 13:31","-31.46","24-02-2017 07:25","NaN","NaN","NaN","NaN","NaN"
"497","2017-02-25 18:30:00+00","-1.099","25-02-2017 12:23","-24.63","25-02-2017 02:17","-12.5","82.4","25-02-2017 18:24","25.9","25-02-2017 12:04","218.6","185.8","1356","25-02-2017 11:42","-7.997000000000001","25-02-2017 00:52","1114","25-02-2017 11:42","-5.928","25-02-2017 02:16","268.3","157.7","298.3","207","19.09","25-02-2017 11:28","0","25-02-2017 10:34","4.944","350.5","NaN","-16.98","-1.927","25-02-2017 12:20","-28.93","25-02-2017 02:55","NaN","NaN","NaN","NaN","NaN"
"498","2017-02-26 18:30:00+00","-5.72","26-02-2017 16:10","-26.12","26-02-2017 04:52","-17.02","85","26-02-2017 01:47","36.24","26-02-2017 15:28","261.3","218.6","999","26-02-2017 12:37","-9.71","26-02-2017 04:51","817","26-02-2017 12:44","-6.185","26-02-2017 20:30","174.8","147.8","278.2","200.4","7.272","26-02-2017 08:05","0","26-02-2017 16:05","4.243","5.72","NaN","-21.24","-8.11","26-02-2017 13:11","-30.53","26-02-2017 08:38","NaN","NaN","NaN","NaN","NaN"
"499","2017-02-27 18:30:00+00","-8.12","27-02-2017 14:34","-28.55","27-02-2017 08:01","-18.44","67.52","27-02-2017 00:02","22.95","27-02-2017 14:32","265.5","221.5","1009","27-02-2017 12:31","-8.86","27-02-2017 01:17","822","27-02-2017 12:29","-5.415","27-02-2017 02:44","184.4","136.6","280.1","191.9","8.33","27-02-2017 05:42","0.274","27-02-2017 18:49","5.2","10.98","NaN","-22.75","-8.57","27-02-2017 13:30","-32.92","27-02-2017 08:01","NaN","NaN","NaN","NaN","NaN"
"500","2017-01-02 18:30:00+00","-5.9110000000000005","28-02-2017 21:41","-23.47","28-02-2017 02:37","-12.63","94","28-02-2017 23:49","36.81","28-02-2017 09:30","155.5","137.6","707","28-02-2017 11:15","-6.855","28-02-2017 01:02","611.2","28-02-2017 11:16","-4.124","28-02-2017 01:03","280.9","163","282.6","211.8","12.8","28-02-2017 22:10","0","28-02-2017 13:42","4.244","15.38","NaN","-14.7","-7.726","28-02-2017 21:30","-27.15","28-02-2017 02:07","NaN","NaN","NaN","NaN","NaN"
"501","2017-02-02 18:30:00+00","-4.165","01-03-2017 13:46","-22.06","01-03-2017 07:16","-11.79","93.4","01-03-2017 00:00","40.47","01-03-2017 13:50","220.5","188.4","1339","01-03-2017 12:33","-6.848","01-03-2017 21:44","1131","01-03-2017 12:33","-3.606","01-03-2017 03:11","286.9","158.9","290.5","223.5","8.29","01-03-2017 00:38","0","01-03-2017 01:00","3.265","11.65","NaN","-14.4","-4.725","01-03-2017 12:50","-26.84","01-03-2017 07:15","NaN","NaN","NaN","NaN","NaN"
"502","2017-03-02 18:30:00+00","-4.7810000000000015","02-03-2017 13:51","-22.56","02-03-2017 08:27","-12.94","90","02-03-2017 02:09","36.81","02-03-2017 13:53","277.4","219.7","1097","02-03-2017 11:41","-7.995","02-03-2017 05:37","862","02-03-2017 12:31","-2.319","02-03-2017 04:03","301","228.6","285.8","204.1","7.7810000000000015","02-03-2017 08:29","0","02-03-2017 00:00","2.416","4.342","NaN","-15.27","-4.854","02-03-2017 13:08","-29.45","02-03-2017 07:25","NaN","NaN","NaN","NaN","NaN"
"503","2017-04-02 18:30:00+00","-6.971","03-03-2017 13:42","-25.61","03-03-2017 06:56","-13.96","89.3","03-03-2017 21:38","38.88","03-03-2017 13:43","257.1","214.5","1288","03-03-2017 13:44","-6.85","03-03-2017 00:42","1085","03-03-2017 13:44","-1.803","03-03-2017 01:24","287.7","202.6","284.5","200.5","7.0760000000000005","03-03-2017 09:08","0","03-03-2017 02:18","2.6910000000000003","1.955","NaN","-16.9","-5.233","03-03-2017 13:43","-32.19","03-03-2017 06:24","NaN","NaN","NaN","NaN","NaN"
"504","2017-05-02 18:30:00+00","-0.672","04-03-2017 11:49","-23.95","04-03-2017 23:56","-10.91","89.9","04-03-2017 03:19","24.12","04-03-2017 11:49","225","202.9","1189","04-03-2017 11:19","-7.425","04-03-2017 23:29","1084","04-03-2017 11:19","-4.124","04-03-2017 23:29","315.2","161.7","311.8","207.7","12.29","04-03-2017 12:44","0","04-03-2017 00:39","2.501","326.1","NaN","-14.73","-2.29","04-03-2017 11:35","-29.23","04-03-2017 23:56","NaN","NaN","NaN","NaN","NaN"
"505","2017-06-02 18:30:00+00","-6.734","05-03-2017 16:16","-29.97","05-03-2017 08:14","-18.45","81.5","05-03-2017 00:10","28.06","05-03-2017 15:42","278.1","235.7","1034","05-03-2017 12:33","-7.431","05-03-2017 05:53","869","05-03-2017 12:34","-4.385","05-03-2017 05:53","240.3","140.9","272","188.1","8.45","05-03-2017 06:37","0","05-03-2017 16:13","4.275","10.15","NaN","-22.25","-9.15","05-03-2017 13:13","-34.01","05-03-2017 08:16","NaN","NaN","NaN","NaN","NaN"
"506","2017-07-02 18:30:00+00","-7.005","06-03-2017 16:22","-30.04","06-03-2017 06:28","-18.14","80.4","06-03-2017 03:37","25.05","06-03-2017 14:55","269.8","228","1222","06-03-2017 13:06","-8.57","06-03-2017 04:18","1014","06-03-2017 13:06","-6.707000000000002","06-03-2017 06:27","234.3","141.6","280.9","191.3","8.8","06-03-2017 08:14","0","06-03-2017 16:19","4.424","10.12","NaN","-22.17","-7.83","06-03-2017 13:23","-33.93","06-03-2017 06:27","NaN","NaN","NaN","NaN","NaN"
"507","2017-08-02 18:30:00+00","-8.18","07-03-2017 22:44","-22.29","07-03-2017 00:09","-13.4","93.2","07-03-2017 23:41","55.03","07-03-2017 08:49","144.6","133","633.3","07-03-2017 12:09","-3.999","07-03-2017 01:15","574.9","07-03-2017 12:09","-3.093","07-03-2017 01:15","296.3","179.2","278.2","214.6","7.84","07-03-2017 07:14","0","07-03-2017 14:33","3.559","12.45","NaN","-14.66","-8.66","07-03-2017 22:49","-26.28","07-03-2017 00:08","NaN","NaN","NaN","NaN","NaN"
"508","2017-09-02 18:30:00+00","-3.556","08-03-2017 10:28","-10.2","08-03-2017 07:39","-7.915","93.2","08-03-2017 00:00","60.11","08-03-2017 10:29","188.5","175.2","1007","08-03-2017 13:34","-2.853","08-03-2017 01:56","900","08-03-2017 13:09","-0.773","08-03-2017 05:53","312.4","246.7","293.6","261.6","13.64","08-03-2017 23:29","0","08-03-2017 00:57","5.136","154.5","NaN","-9.07","-3.338","08-03-2017 10:57","-13.1","08-03-2017 06:57","NaN","NaN","NaN","NaN","NaN"
"509","2017-10-02 18:30:00+00","-4.515","09-03-2017 12:43","-19.42","09-03-2017 07:40","-11.71","90.4","09-03-2017 22:37","38.14","09-03-2017 11:10","213.3","189.7","1087","09-03-2017 11:14","-6.279","09-03-2017 04:12","926","09-03-2017 11:14","-1.803","09-03-2017 04:12","286","208.4","278.1","225","13.01","09-03-2017 22:54","0","09-03-2017 01:05","2.91","353.4","NaN","-13.4","-6.825","09-03-2017 12:59","-23.01","09-03-2017 07:17","NaN","NaN","NaN","NaN","NaN"
"510","2017-11-02 18:30:00+00","1.481","10-03-2017 10:50","-19.76","10-03-2017 20:30","-12.2","87.7","10-03-2017 03:34","33.94","10-03-2017 10:51","256.6","223","1308","10-03-2017 13:19","-5.1370000000000005","10-03-2017 18:51","1111","10-03-2017 13:19","-2.319","10-03-2017 20:30","297.4","165.6","287.9","223.4","13.17","10-03-2017 14:59","0","10-03-2017 02:45","3.275","45.27","NaN","-14.16","-2.26","10-03-2017 11:11","-24.18","10-03-2017 19:55","NaN","NaN","NaN","NaN","NaN"
"511","2017-12-02 18:30:00+00","-7.241","11-03-2017 14:10","-17.93","11-03-2017 23:59","-13.17","89","11-03-2017 18:53","40.64","11-03-2017 14:11","257.7","222","1470","11-03-2017 11:30","-5.424","11-03-2017 23:14","1231","11-03-2017 11:30","-1.546","11-03-2017 00:46","263","167.2","287.9","223","11.96","11-03-2017 19:42","0","11-03-2017 06:56","4.9689999999999985","129.9","NaN","-13.9","-5.966","11-03-2017 13:38","-24.01","11-03-2017 23:59","NaN","NaN","NaN","NaN","NaN"
"512","2017-03-12 18:30:00+00","-8.76","12-03-2017 15:38","-30.24","12-03-2017 08:22","-19.2","82.1","12-03-2017 03:06","31.51","12-03-2017 15:39","301.8","249.3","1076","12-03-2017 12:26","-5.999","12-03-2017 03:01","880","12-03-2017 12:30","-2.835","12-03-2017 19:34","224.9","128.4","285.8","189.1","8.98","12-03-2017 22:30","0","12-03-2017 01:01","3.636","357.4","NaN","-22.11","-7.391","12-03-2017 13:38","-34.4","12-03-2017 07:20","NaN","NaN","NaN","NaN","NaN"
"513","2017-03-13 18:30:00+00","-3.129","13-03-2017 12:48","-25.88","13-03-2017 03:33","-15.47","82","13-03-2017 20:41","31.06","13-03-2017 09:15","230.5","197.2","1255","13-03-2017 13:12","-7.995","13-03-2017 20:37","1027","13-03-2017 13:12","-4.638","13-03-2017 20:37","257.5","158.2","285.5","207.1","13.48","13-03-2017 13:43","0","13-03-2017 07:18","4.401","355","NaN","-18.59","-5.1370000000000005","13-03-2017 12:48","-28.19","13-03-2017 03:33","NaN","NaN","NaN","NaN","NaN"
"514","2017-03-14 18:30:00+00","-3.221","14-03-2017 16:42","-23.64","14-03-2017 23:41","-15.03","82.3","14-03-2017 08:17","35.49","14-03-2017 16:42","298.6","243.1","1064","14-03-2017 11:42","-7.707999999999998","14-03-2017 19:32","856","14-03-2017 12:20","-4.637","14-03-2017 19:32","228.2","132.8","294.2","210.5","8.41","14-03-2017 08:42","0","14-03-2017 04:57","3.204","3.39","NaN","-17.63","-2.713","14-03-2017 13:22","-27.08","14-03-2017 23:35","NaN","NaN","NaN","NaN","NaN"
"515","2017-03-15 18:30:00+00","-6.434","15-03-2017 15:27","-26.35","15-03-2017 05:36","-14.84","91.5","15-03-2017 22:55","35.43","15-03-2017 13:14","280.3","229.3","1138","15-03-2017 12:34","-7.142","15-03-2017 01:28","915","15-03-2017 12:34","-5.1560000000000015","15-03-2017 01:29","270.6","153.8","285.8","202.7","8.78","15-03-2017 07:25","0","15-03-2017 18:20","4.312","13.92","NaN","-16.54","-6.282","15-03-2017 12:59","-29.28","15-03-2017 05:31","NaN","NaN","NaN","NaN","NaN"
"516","2017-03-16 18:30:00+00","4.647","16-03-2017 13:43","-11.45","16-03-2017 23:17","-7.459","93.9","16-03-2017 20:24","37.42","16-03-2017 13:44","209.9","189.6","864","16-03-2017 13:38","-4.565","16-03-2017 23:13","755.8","16-03-2017 13:38","-2.317","16-03-2017 23:15","296.2","199.4","302.7","246.5","9.33","16-03-2017 15:59","0","16-03-2017 02:51","2.305","20.03","NaN","-9.18","-2.21","16-03-2017 13:51","-18.6","16-03-2017 22:15","NaN","NaN","NaN","NaN","NaN"
"517","2017-03-17 18:30:00+00","-1.149","17-03-2017 14:47","-18.55","17-03-2017 23:23","-10.23","91.8","17-03-2017 01:49","36.99","17-03-2017 14:48","279.4","237.4","1284","17-03-2017 13:16","-7.991","17-03-2017 23:05","1063","17-03-2017 13:16","-4.121","17-03-2017 23:05","277.7","149.1","292.9","227.4","7.428","17-03-2017 15:19","0","17-03-2017 00:39","2.556","4.194","NaN","-12.11","-0.926","17-03-2017 14:04","-22.32","17-03-2017 08:16","NaN","NaN","NaN","NaN","NaN"
"518","2017-03-18 18:30:00+00","-3.025","18-03-2017 16:30","-27.57","18-03-2017 06:28","-15.85","80.4","18-03-2017 01:12","25.9","18-03-2017 14:24","306.8","258.7","1122","18-03-2017 13:00","-8.57","18-03-2017 01:05","929","18-03-2017 13:00","-4.64","18-03-2017 03:31","268.8","143.4","287.2","198","8.62","18-03-2017 07:02","0","18-03-2017 00:51","4.267","6.059","NaN","-20.29","-6.835","18-03-2017 12:58","-31.53","18-03-2017 06:26","NaN","NaN","NaN","NaN","NaN"
"519","2017-03-19 18:30:00+00","1.4240000000000002","19-03-2017 14:11","-25.06","19-03-2017 05:56","-14.57","73.97","19-03-2017 05:59","18.35","19-03-2017 14:11","308","254.9","1123","19-03-2017 12:40","-6.854","19-03-2017 00:04","911","19-03-2017 12:40","-5.155","19-03-2017 00:04","201.2","132.5","305.1","205.5","9.15","19-03-2017 07:51","0","19-03-2017 12:54","3.865","6.507999999999999","NaN","-18.78","-2.1790000000000003","19-03-2017 13:48","-29.09","19-03-2017 05:51","NaN","NaN","NaN","NaN","NaN"
"520","2017-03-20 18:30:00+00","-2.048","20-03-2017 16:09","-26.32","20-03-2017 06:08","-14.47","73.21","20-03-2017 01:28","27.59","20-03-2017 11:44","312.8","256.9","1168","20-03-2017 11:49","-9.13","20-03-2017 19:17","932","20-03-2017 11:49","-5.153","20-03-2017 20:42","197.8","148","295.8","199.7","8.92","20-03-2017 02:39","0","20-03-2017 16:08","4.817","6.199","NaN","-19.08","-2.56","20-03-2017 12:13","-30.55","20-03-2017 06:09","NaN","NaN","NaN","NaN","NaN"
"521","2017-03-21 18:30:00+00","2.297","21-03-2017 15:40","-19.42","21-03-2017 05:35","-8.82","72.25","21-03-2017 22:55","27.53","21-03-2017 15:40","282.7","233","1681","21-03-2017 12:55","-6.28","21-03-2017 05:28","1334","21-03-2017 12:55","-4.122","21-03-2017 05:29","276.3","175.8","316.1","224.3","8.66","21-03-2017 06:59","0","21-03-2017 13:19","3.735","7.466","NaN","-12.01","0.981","21-03-2017 14:01","-23.37","21-03-2017 05:35","NaN","NaN","NaN","NaN","NaN"
"522","2017-03-22 18:30:00+00","10.69","22-03-2017 13:06","-8.48","22-03-2017 00:33","-3.141","96.4","22-03-2017 22:56","35.59","22-03-2017 13:06","244.2","201.7","1244","22-03-2017 13:42","-3.422","22-03-2017 21:50","955","22-03-2017 13:42","-2.316","22-03-2017 22:47","300","229.8","320.4","266.8","13.05","22-03-2017 18:59","0","22-03-2017 01:15","2.998","31.87","NaN","-4.995","1.805","22-03-2017 13:04","-12.42","22-03-2017 03:23","NaN","NaN","NaN","NaN","NaN"
"523","2017-03-23 18:30:00+00","1.432","23-03-2017 11:18","-11.99","24-03-2017 00:00","-3.1180000000000003","95.8","23-03-2017 18:48","54.43","23-03-2017 06:23","150.1","140.5","1069","23-03-2017 11:09","-7.99","23-03-2017 23:59","845","23-03-2017 11:09","-3.3480000000000003","23-03-2017 23:59","327.1","242.2","311.2","246.6","16.9","23-03-2017 06:39","0","23-03-2017 11:16","4.703","212.4","NaN","-5.165","0.091","23-03-2017 11:12","-17.4","23-03-2017 23:57","NaN","NaN","NaN","NaN","NaN"
"524","2017-03-24 18:30:00+00","-0.642","24-03-2017 16:17","-17.66","24-03-2017 07:23","-8.29","91.2","24-03-2017 00:23","37.5","24-03-2017 15:35","326.5","263.3","1198","24-03-2017 11:56","-7.99","24-03-2017 00:00","901","24-03-2017 12:32","-4.121","24-03-2017 00:00","315.5","177.9","326.5","230.7","9.31","24-03-2017 17:53","0","24-03-2017 00:26","3.952","6.246","NaN","-12.2","-1.474","24-03-2017 12:26","-21.3","24-03-2017 07:23","NaN","NaN","NaN","NaN","NaN"
"525","2017-03-25 18:30:00+00","2.128","25-03-2017 15:33","-19.55","25-03-2017 07:52","-8.44","72.29","25-03-2017 23:10","20.47","25-03-2017 14:57","320.4","257.1","1422","25-03-2017 14:06","-6.853","25-03-2017 02:32","1099","25-03-2017 14:06","-3.092","25-03-2017 02:31","276.7","169.5","312.4","223.4","9.17","25-03-2017 05:21","0","25-03-2017 15:33","4.317","8.9","NaN","-12.14","-0.585","25-03-2017 15:32","-23.57","25-03-2017 07:51","NaN","NaN","NaN","NaN","NaN"
"526","2017-03-26 18:30:00+00","5.897","26-03-2017 15:56","-16.51","26-03-2017 06:57","-6.301","78.98","26-03-2017 06:42","31.68","26-03-2017 15:56","320.1","250","1116","26-03-2017 12:15","-6.849","26-03-2017 23:48","849","26-03-2017 12:21","-3.349","26-03-2017 04:40","235","181.3","330.6","235.3","8.19","26-03-2017 08:17","0","26-03-2017 14:43","4.133","3.964","NaN","-10.51","0.07","26-03-2017 14:46","-20.64","26-03-2017 06:57","NaN","NaN","NaN","NaN","NaN"
"527","2017-03-27 18:30:00+00","6.132999999999999","27-03-2017 15:39","-14.32","27-03-2017 04:59","-4.708","75.37","27-03-2017 21:53","31.04","27-03-2017 13:44","317.5","238.7","1109","27-03-2017 11:50","-6.279","27-03-2017 04:02","809","27-03-2017 11:50","-3.606","27-03-2017 04:59","254.2","169.8","314.4","244.1","9.09","27-03-2017 07:28","0","27-03-2017 13:09","4","6.687","NaN","-8.99","0.907","27-03-2017 13:47","-18.32","27-03-2017 06:12","NaN","NaN","NaN","NaN","NaN"
"528","2017-03-28 18:30:00+00","8.53","28-03-2017 13:50","-13.92","28-03-2017 07:32","-3.863","78.63","28-03-2017 21:54","25.87","28-03-2017 13:51","323.1","237.5","1322","28-03-2017 11:49","-7.42","28-03-2017 01:53","957","28-03-2017 11:49","-3.09","28-03-2017 01:53","280.9","188.4","331.9","245.4","12.07","28-03-2017 15:20","0","28-03-2017 02:51","3.375","349.6","NaN","-7.89","1.422","28-03-2017 13:51","-17.64","28-03-2017 07:31","NaN","NaN","NaN","NaN","NaN"
"529","2017-03-29 18:30:00+00","6.977","29-03-2017 14:42","-8.24","29-03-2017 03:15","-2.212","81.4","29-03-2017 00:35","43.63","29-03-2017 14:42","306.4","217.8","1152","29-03-2017 10:06","-6.274","29-03-2017 20:23","823","29-03-2017 10:06","-1.287","29-03-2017 04:14","293.4","184.6","326.1","267.5","7.35","29-03-2017 04:25","0","29-03-2017 00:12","2.345","355.3","NaN","-5.779","1.0759999999999998","29-03-2017 11:29","-12.08","29-03-2017 00:56","NaN","NaN","NaN","NaN","NaN"
"530","2017-03-30 18:30:00+00","2.365","30-03-2017 16:12","-14.28","30-03-2017 07:31","-5.434","73.31","30-03-2017 22:07","29.12","30-03-2017 14:17","324.1","229.6","1154","30-03-2017 12:23","-7.417999999999998","30-03-2017 23:28","783.6","30-03-2017 12:23","-2.317","30-03-2017 23:27","247","177.5","315.2","243.2","7.428","30-03-2017 08:08","0","30-03-2017 16:49","3.92","6.224","NaN","-9.24","-1.266","30-03-2017 14:07","-18.08","30-03-2017 07:31","NaN","NaN","NaN","NaN","NaN"
"531","2017-01-03 18:30:00+00","6.245","31-03-2017 13:24","-11.35","31-03-2017 06:11","-4.0710000000000015","96.6","31-03-2017 18:45","26.41","31-03-2017 14:22","283.4","199.2","1266","31-03-2017 12:40","-5.707000000000002","31-03-2017 01:19","852","31-03-2017 12:40","-2.318","31-03-2017 04:04","311.2","188.4","313.2","254.4","14.78","31-03-2017 15:53","0","31-03-2017 13:16","4.112","8.55","NaN","-6.692","0.86","31-03-2017 13:24","-15.36","31-03-2017 06:11","NaN","NaN","NaN","NaN","NaN"
"532","2017-02-03 18:30:00+00","4.3580000000000005","01-04-2017 12:58","-12.98","01-04-2017 04:57","-4.686","94.3","01-04-2017 00:54","34.8","01-04-2017 12:58","202.9","227.8","1295","01-04-2017 12:34","-6.276","01-04-2017 22:33","960","01-04-2017 11:40","-6.438","01-04-2017 04:57","316.4","186.3","330.3","248.1","12.8","01-04-2017 14:52","0","01-04-2017 12:54","3.389","353.3","NaN","-7.735","0.632","01-04-2017 13:45","-16.88","01-04-2017 06:15","NaN","NaN","NaN","NaN","NaN"
"533","2017-03-03 18:30:00+00","2.823","02-04-2017 15:30","-14.69","02-04-2017 07:32","-6.5139999999999985","96.7","02-04-2017 18:38","23.04","02-04-2017 14:39","318.8","227.4","1318","02-04-2017 12:46","-5.71","02-04-2017 05:23","894","02-04-2017 12:53","-1.803","02-04-2017 04:12","294.4","170.9","312.1","241.5","13.11","02-04-2017 16:53","0","02-04-2017 15:28","4.471","14.07","NaN","-8.35","0.197","02-04-2017 15:05","-18.47","02-04-2017 07:31","NaN","NaN","NaN","NaN","NaN"
"534","2017-04-03 18:30:00+00","4.107","03-04-2017 15:49","-13.24","03-04-2017 07:17","-5.407","92","03-04-2017 00:00","38.31","03-04-2017 13:17","326.2","238.5","1198","03-04-2017 12:17","-6.847","03-04-2017 01:42","838","03-04-2017 12:17","-2.574","03-04-2017 01:41","276.4","165.4","314.7","246.8","6.997000000000001","03-04-2017 06:40","0","03-04-2017 00:26","2.68","358","NaN","-8.49","-0.325","03-04-2017 11:30","-16.63","03-04-2017 07:45","NaN","NaN","NaN","NaN","NaN"
"535","2017-05-03 18:30:00+00","4.581","04-04-2017 13:41","-12.02","04-04-2017 04:05","-3.914","98","04-04-2017 23:58","44.98","04-04-2017 08:08","260.1","191.9","1462","04-04-2017 12:24","-6.278","04-04-2017 00:00","1019","04-04-2017 12:24","-1.803","04-04-2017 05:34","303.6","188.1","317.7","253.5","14.68","04-04-2017 18:29","0","04-04-2017 06:22","4.205","22.27","NaN","-5.79","1.05","04-04-2017 10:41","-15.4","04-04-2017 03:49","NaN","NaN","NaN","NaN","NaN"
"536","2017-06-03 18:30:00+00","1.567","05-04-2017 14:10","-3.354","05-04-2017 02:36","-1.99","98.8","05-04-2017 23:57","49.48","05-04-2017 18:57","156.1","144.4","881","05-04-2017 14:01","-1.996","05-04-2017 19:07","773.5","05-04-2017 11:57","-1.801","05-04-2017 20:27","308.9","267.3","321.2","295.7","16.58","05-04-2017 12:32","0","05-04-2017 01:24","5.73","170.4","NaN","-3.141","-0.6809999999999999","05-04-2017 14:00","-3.975","05-04-2017 19:15","NaN","NaN","NaN","NaN","NaN"
"537","2017-07-03 18:30:00+00","1.298","06-04-2017 11:47","-4.774","06-04-2017 23:57","-2.342","99.3","06-04-2017 02:09","30.82","06-04-2017 12:02","114.4","100.3","584.5","06-04-2017 11:44","-1.426","06-04-2017 22:27","510.8","06-04-2017 11:44","-1.287","06-04-2017 21:59","303.4","269.4","304.9","287.3","23.46","06-04-2017 18:43","0","06-04-2017 17:47","7.087999999999999","179.6","NaN","-4.243","-2.617","06-04-2017 00:15","-6.122000000000001","06-04-2017 12:08","NaN","NaN","NaN","NaN","NaN"
"538","2017-08-03 18:30:00+00","1.602","07-04-2017 09:38","-10.97","07-04-2017 23:59","-4.78","94.4","07-04-2017 06:19","48.22","07-04-2017 04:04","198","171.7","1216","07-04-2017 11:20","-5.706","07-04-2017 22:17","959","07-04-2017 11:20","-1.288","07-04-2017 23:05","313.2","185.5","328","242.6","11.66","07-04-2017 13:36","0","07-04-2017 00:22","3.337","248.4","NaN","-6.541","0.02","07-04-2017 10:36","-18.8","07-04-2017 23:57","NaN","NaN","NaN","NaN","NaN"
"539","2017-09-03 18:30:00+00","0.42","08-04-2017 12:00","-19.82","08-04-2017 06:19","-8.54","89.8","08-04-2017 21:29","20.55","08-04-2017 11:48","264.7","203.9","1479","08-04-2017 11:59","-6.565","08-04-2017 02:57","1082","08-04-2017 11:59","-2.576","08-04-2017 02:57","283.1","160.7","310.3","219.1","14.58","08-04-2017 14:44","0","08-04-2017 00:03","3.769","338.1","NaN","-11.86","-0.455","08-04-2017 11:35","-25.09","08-04-2017 06:18","NaN","NaN","NaN","NaN","NaN"
"540","2017-10-03 18:30:00+00","0.078","09-04-2017 14:53","-19.49","09-04-2017 07:32","-9.78","93.6","09-04-2017 19:17","31.26","09-04-2017 14:53","321.3","220.1","1169","09-04-2017 12:27","-7.99","09-04-2017 23:03","770.4","09-04-2017 11:21","-2.577","09-04-2017 03:52","292.6","155.2","316.3","220.5","10.96","09-04-2017 15:55","0","09-04-2017 00:16","3.145","357.4","NaN","-11.25","-0.767","09-04-2017 11:36","-24.25","09-04-2017 07:19","NaN","NaN","NaN","NaN","NaN"
"541","2017-11-03 18:30:00+00","-0.461","10-04-2017 15:00","-21.07","10-04-2017 06:27","-10.71","78.62","10-04-2017 00:21","24.43","10-04-2017 16:26","364.7","275.4","1185","10-04-2017 12:10","-7.417000000000002","10-04-2017 19:23","866","10-04-2017 12:06","-3.091","10-04-2017 01:06","261.8","155.4","303.3","216.1","7.33","10-04-2017 10:57","0","10-04-2017 16:34","3.873","1.37","NaN","-14.32","-3.536","10-04-2017 11:58","-25.46","10-04-2017 06:26","NaN","NaN","NaN","NaN","NaN"
"542","2017-12-03 18:30:00+00","-1.008","11-04-2017 15:23","-19.15","11-04-2017 07:04","-9.46","69.4","11-04-2017 20:33","20.51","11-04-2017 15:09","362.9","252.5","1174","11-04-2017 12:12","-6.846","11-04-2017 19:01","781.5","11-04-2017 11:51","-2.577","11-04-2017 04:40","199.9","161","307.5","223.6","8.08","11-04-2017 06:36","0.745","11-04-2017 22:39","4.478","8.75","NaN","-13.1","-2.852","11-04-2017 12:18","-23.61","11-04-2017 06:41","NaN","NaN","NaN","NaN","NaN"
"543","2017-04-12 18:30:00+00","0.541","12-04-2017 15:28","-18.06","12-04-2017 07:18","-7.904","71.99","12-04-2017 23:49","24.19","12-04-2017 15:48","360.6","233.5","1168","12-04-2017 12:18","-9.13","12-04-2017 22:55","719.3","12-04-2017 11:28","-4.121","12-04-2017 22:55","208.7","166.4","310.7","229.8","6.801","12-04-2017 21:06","0.451","12-04-2017 20:11","4.243","7.319","NaN","-11.46","-1.421","12-04-2017 13:00","-21.56","12-04-2017 05:58","NaN","NaN","NaN","NaN","NaN"
"544","2017-04-13 18:30:00+00","1.588","13-04-2017 17:06","-15.84","13-04-2017 06:50","-5.91","72.61","13-04-2017 22:53","24.63","13-04-2017 14:46","358.7","217.8","1174","13-04-2017 14:11","-9.42","13-04-2017 03:40","679.5","13-04-2017 14:11","-4.636","13-04-2017 03:42","222.3","170.8","312","237.6","7.722","13-04-2017 00:53","0","13-04-2017 17:09","3.634","3.869","NaN","-9.55","-0.823","13-04-2017 13:27","-19.84","13-04-2017 06:50","NaN","NaN","NaN","NaN","NaN"
"545","2017-04-14 18:30:00+00","7.7879999999999985","14-04-2017 13:54","-12.33","14-04-2017 05:30","-4.098","82.6","14-04-2017 04:06","30.24","14-04-2017 13:16","351.5","200","1139","14-04-2017 12:23","-7.419","14-04-2017 03:14","603.5","14-04-2017 11:19","-3.09","14-04-2017 03:14","231.7","165.5","327.1","254.4","6.5070000000000014","14-04-2017 06:40","0","14-04-2017 02:02","2.867","3.0410000000000004","NaN","-7.32","0.8","14-04-2017 13:57","-15.18","14-04-2017 05:29","NaN","NaN","NaN","NaN","NaN"
"546","2017-04-15 18:30:00+00","5.634","15-04-2017 16:33","-13.41","15-04-2017 05:51","-4.012","77.33","15-04-2017 05:52","32.91","15-04-2017 14:21","356.7","200.1","1143","15-04-2017 12:07","-8.56","15-04-2017 22:24","606.4","15-04-2017 12:00","-3.604","15-04-2017 22:24","229.3","183.4","322.8","251.6","8.41","15-04-2017 07:42","0","15-04-2017 16:01","3.797","4.89","NaN","-7.327000000000001","-0.279","15-04-2017 14:42","-15.54","15-04-2017 05:51","NaN","NaN","NaN","NaN","NaN"
"547","2017-04-16 18:30:00+00","4.0539999999999985","16-04-2017 16:41","-11.92","16-04-2017 06:03","-3.26","77.71","16-04-2017 06:04","31.35","16-04-2017 16:40","357.5","192.6","1143","16-04-2017 12:17","-7.7029999999999985","16-04-2017 02:04","575.6","16-04-2017 12:09","-3.605","16-04-2017 02:03","229.5","190.6","322.2","258","6.997000000000001","16-04-2017 06:53","0.529","16-04-2017 19:25","4.209","11.59","NaN","-6.283","0.399","16-04-2017 14:19","-14.26","16-04-2017 06:03","NaN","NaN","NaN","NaN","NaN"
"548","2017-04-17 18:30:00+00","5.502999999999999","17-04-2017 16:48","-10.3","17-04-2017 06:03","-2.714","78.55","17-04-2017 04:12","35.23","17-04-2017 14:34","358.6","183.9","1146","17-04-2017 12:24","-7.417000000000002","17-04-2017 02:09","546.8","17-04-2017 12:23","-3.089","17-04-2017 02:09","238.2","197.4","329.6","263.9","7.35","17-04-2017 06:07","0.039","17-04-2017 19:31","4.418","10.28","NaN","-5.565","0.422","17-04-2017 14:21","-12.43","17-04-2017 06:03","NaN","NaN","NaN","NaN","NaN"
"549","2017-04-18 18:30:00+00","4.2780000000000005","18-04-2017 15:47","-11.58","18-04-2017 06:11","-2.907","81.7","18-04-2017 22:29","32.77","18-04-2017 13:49","363.3","172.1","1157","18-04-2017 12:19","-7.9860000000000015","18-04-2017 22:09","514.1","18-04-2017 11:50","-3.09","18-04-2017 04:31","230.6","186","332.3","260.1","7.605","18-04-2017 09:57","0","18-04-2017 18:35","3.949","7.52","NaN","-5.78","0.45","18-04-2017 14:04","-13.5","18-04-2017 06:11","NaN","NaN","NaN","NaN","NaN"
"550","2017-04-19 18:30:00+00","6.572","19-04-2017 15:46","-10.24","19-04-2017 05:45","-1.822","83.9","19-04-2017 22:37","35","19-04-2017 11:55","348.7","141.8","1126","19-04-2017 12:26","-8.56","19-04-2017 05:28","427.9","19-04-2017 11:37","-3.09","19-04-2017 05:28","261.4","199.1","342.2","269.9","8.27","19-04-2017 03:08","0","19-04-2017 10:34","3.35","7.097","NaN","-4.291","2.108","19-04-2017 11:59","-11.53","19-04-2017 05:52","NaN","NaN","NaN","NaN","NaN"
"551","2017-04-20 18:30:00+00","7.727","20-04-2017 15:58","-5.1789999999999985","20-04-2017 03:36","0.292","87.5","20-04-2017 03:43","51.11","20-04-2017 15:59","321.2","109.7","1370","20-04-2017 13:15","-5.134","20-04-2017 01:36","433.8","20-04-2017 13:03","-1.287","20-04-2017 03:31","284.1","223.7","352.7","290.4","6.174","20-04-2017 03:25","0","20-04-2017 03:20","2.708","7.252999999999999","NaN","-1.49","5.535","20-04-2017 12:13","-6.872000000000001","20-04-2017 04:15","NaN","NaN","NaN","NaN","NaN"
"552","2017-04-21 18:30:00+00","9.58","21-04-2017 15:37","-4.74","21-04-2017 01:19","-0.002","97.3","21-04-2017 09:57","45.39","21-04-2017 15:37","269.3","133.6","1372","21-04-2017 11:19","-6.273","21-04-2017 22:05","1021","21-04-2017 11:19","-1.802","21-04-2017 04:20","338.5","223.4","369.5","294.4","11.94","21-04-2017 18:33","0","21-04-2017 00:31","2.8280000000000003","7.691","NaN","-1.557","5.2570000000000014","21-04-2017 15:31","-5.985","21-04-2017 03:50","NaN","NaN","NaN","NaN","NaN"
"553","2017-04-22 18:30:00+00","5.9460000000000015","22-04-2017 10:01","-4.638","22-04-2017 00:43","-0.067","100","22-04-2017 19:23","61.28","22-04-2017 10:02","207","158.7","1331","22-04-2017 13:14","-5.134","22-04-2017 00:23","919","22-04-2017 11:30","-1.801","22-04-2017 19:19","316.1","223.6","333.3","293.3","10.98","22-04-2017 15:52","0","22-04-2017 00:31","2.636","11.51","NaN","-1.463","2.373","22-04-2017 14:01","-6.007999999999999","22-04-2017 21:31","NaN","NaN","NaN","NaN","NaN"
"554","2017-04-23 18:30:00+00","11.77","23-04-2017 10:11","-6.193","23-04-2017 23:44","-1.038","100","23-04-2017 01:31","41.94","23-04-2017 10:12","172","139.2","1436","23-04-2017 12:26","-5.134","23-04-2017 23:44","1072","23-04-2017 10:07","-1.802","23-04-2017 20:13","316.6","217.4","330.6","283.9","13.8","23-04-2017 14:00","0","23-04-2017 00:31","2.843","358.5","NaN","-2.714","1.148","23-04-2017 12:23","-9.16","23-04-2017 23:51","NaN","NaN","NaN","NaN","NaN"
"555","2017-04-24 18:30:00+00","7.756","24-04-2017 11:17","-6.6960000000000015","24-04-2017 00:14","-1.829","98.7","24-04-2017 20:04","48.23","24-04-2017 11:17","273.6","173.3","1423","24-04-2017 12:23","-4.564","24-04-2017 22:44","963","24-04-2017 11:22","-1.287","24-04-2017 00:51","325.9","215.3","346","285.5","11.92","24-04-2017 14:01","0","24-04-2017 02:41","3.111","40.52","NaN","-2.656","2.1590000000000003","24-04-2017 15:30","-8.5","24-04-2017 00:13","NaN","NaN","NaN","NaN","NaN"
"556","2017-04-25 18:30:00+00","3.615","25-04-2017 13:53","-7.974","25-04-2017 07:08","-3.071","94.1","25-04-2017 21:43","40.27","25-04-2017 13:43","367.3","151.9","1231","25-04-2017 13:29","-4.849","25-04-2017 21:56","441.9","25-04-2017 13:29","-1.287","25-04-2017 04:18","295.6","190.6","374.8","274.2","13.19","25-04-2017 14:37","0","25-04-2017 04:04","3.842","13.89","NaN","-2.169","9.07","25-04-2017 13:53","-10.89","25-04-2017 07:18","NaN","NaN","NaN","NaN","NaN"
"557","2017-04-26 18:30:00+00","5.27","26-04-2017 16:17","-8.08","26-04-2017 07:06","-2.481","80.7","26-04-2017 23:25","32.3","26-04-2017 14:11","342.8","107.2","1397","26-04-2017 14:33","-5.704","26-04-2017 21:31","383","26-04-2017 11:52","-1.544","26-04-2017 01:17","276.4","194.8","370.5","282.1","8.02","26-04-2017 01:17","0","26-04-2017 00:00","3.055","25.3","NaN","-0.275","12.28","26-04-2017 13:49","-8.65","26-04-2017 06:48","NaN","NaN","NaN","NaN","NaN"
"558","2017-04-27 18:30:00+00","4.426","27-04-2017 13:02","-9.26","27-04-2017 05:53","-2.33","83.8","27-04-2017 00:51","33.85","27-04-2017 13:11","348.7","97.8","1318","27-04-2017 11:43","-5.988","27-04-2017 21:33","346.2","27-04-2017 11:43","0","27-04-2017 02:23","277.5","194.7","378.8","280.4","9.92","27-04-2017 18:19","0","27-04-2017 00:08","4.202","23.48","NaN","-0.241","14.61","27-04-2017 13:10","-8.75","27-04-2017 05:58","NaN","NaN","NaN","NaN","NaN"
"559","2017-04-28 18:30:00+00","4.715","28-04-2017 15:48","-10.03","28-04-2017 06:49","-2.244","92.9","28-04-2017 20:52","37.03","28-04-2017 11:44","360","86.6","1151","28-04-2017 12:23","-5.706","28-04-2017 04:24","257.2","28-04-2017 11:36","-0.772","28-04-2017 03:26","296.2","191.7","398.6","280.2","11.21","28-04-2017 16:38","0","28-04-2017 11:41","3.38","25.08","NaN","1.178","17.37","28-04-2017 13:14","-8.41","28-04-2017 07:06","NaN","NaN","NaN","NaN","NaN"
"560","2017-04-29 18:30:00+00","5.405","29-04-2017 11:45","-7.872999999999998","29-04-2017 06:33","-2.172","97","29-04-2017 20:47","32.97","29-04-2017 13:58","276.2","65.81","1450","29-04-2017 12:01","-5.705","29-04-2017 03:34","310.1","29-04-2017 13:37","-0.772","29-04-2017 23:13","311.8","200.8","407.9","286.9","17.03","29-04-2017 14:32","0","29-04-2017 00:18","3.62","15.51","NaN","1.241","20.94","29-04-2017 12:20","-6.896","29-04-2017 06:05","NaN","NaN","NaN","NaN","NaN"
"561","2017-01-04 18:30:00+00","1.838","30-04-2017 11:21","-7.268","30-04-2017 23:58","-3.114","97.7","30-04-2017 05:53","41.63","30-04-2017 14:16","259","209.8","1401","30-04-2017 13:40","-7.416","30-04-2017 00:46","1079","30-04-2017 13:22","-0.772","30-04-2017 01:53","338.3","205.9","317","280.8","11.82","30-04-2017 13:34","0","30-04-2017 01:12","4.291","164.5","NaN","-4.585","-0.239","30-04-2017 13:37","-10.02","30-04-2017 22:17","NaN","NaN","NaN","NaN","NaN"
"562","2017-02-04 18:30:00+00","1.5590000000000002","01-05-2017 17:21","-14.56","01-05-2017 06:47","-5.14","87.3","01-05-2017 04:38","29.09","01-05-2017 17:24","386.8","181.2","1180","01-05-2017 12:09","-6.279","01-05-2017 04:29","633.5","01-05-2017 10:35","-2.318","01-05-2017 04:30","263.9","162.1","356","253.8","9.96","01-05-2017 17:53","0","01-05-2017 02:01","3.393","348.6","NaN","-6.459","2.735","01-05-2017 14:39","-17.24","01-05-2017 06:42","NaN","NaN","NaN","NaN","NaN"
"563","2017-03-04 18:30:00+00","6.066","02-05-2017 14:21","-10.97","02-05-2017 04:59","-3.007","97.1","02-05-2017 22:18","23.78","02-05-2017 16:59","376.3","102.6","1178","02-05-2017 12:10","-6.278","02-05-2017 01:17","300.5","02-05-2017 11:35","-0.772","02-05-2017 19:41","293.9","174.5","396.1","273.4","9.82","02-05-2017 19:14","0","02-05-2017 12:53","3.3960000000000004","29.06","NaN","-0.326","14.29","02-05-2017 14:19","-10.65","02-05-2017 06:12","NaN","NaN","NaN","NaN","NaN"
"564","2017-04-04 18:30:00+00","4.681","03-05-2017 13:32","-5.078","03-05-2017 05:59","-1.064","100","03-05-2017 21:12","49.52","03-05-2017 11:57","288.7","73.34","1420","03-05-2017 10:48","-3.423","03-05-2017 03:12","335.9","03-05-2017 10:49","-1.029","03-05-2017 20:09","310.7","213.4","405.3","296.5","10.8","03-05-2017 20:59","0","03-05-2017 00:33","4.353","106.4","NaN","3.036","19.75","03-05-2017 13:30","-4.799","03-05-2017 07:09","NaN","NaN","NaN","NaN","NaN"
"565","2017-05-04 18:30:00+00","4.257","04-05-2017 16:05","-3.725","04-05-2017 23:53","-0.485","100","04-05-2017 00:00","58.31","04-05-2017 16:05","347.3","245.3","1787","04-05-2017 11:52","-5.704","04-05-2017 23:50","1253","04-05-2017 11:52","-0.257","04-05-2017 00:01","307.6","213.4","335.8","291","11.66","04-05-2017 12:40","0","04-05-2017 07:58","4.4","165.4","NaN","-2.13","1.386","04-05-2017 11:53","-7.483","04-05-2017 23:53","NaN","NaN","NaN","NaN","NaN"
"566","2017-06-04 18:30:00+00","4.6960000000000015","05-05-2017 16:26","-8.99","05-05-2017 06:22","-1.539","88.3","05-05-2017 00:16","38.95","05-05-2017 12:19","387.7","139.1","1383","05-05-2017 11:30","-7.417999999999998","05-05-2017 02:44","535.5","05-05-2017 11:04","-1.802","05-05-2017 02:43","269.7","200.8","369","276.6","11.98","05-05-2017 17:29","0","05-05-2017 11:56","4.293","16.38","NaN","-1.905","10.16","05-05-2017 13:56","-10.21","05-05-2017 06:21","NaN","NaN","NaN","NaN","NaN"
"567","2017-07-04 18:30:00+00","7.7879999999999985","06-05-2017 16:42","-8.24","06-05-2017 06:44","-0.409","79.51","06-05-2017 00:18","24.38","06-05-2017 14:47","370.9","86.4","1393","06-05-2017 12:39","-6.845","06-05-2017 23:59","306","06-05-2017 12:39","-2.316","06-05-2017 22:46","266.5","196.9","406.8","283.8","6.86","06-05-2017 06:48","0","06-05-2017 13:45","3.135","16.5","NaN","2.338","18.94","06-05-2017 13:52","-7.838999999999999","06-05-2017 05:52","NaN","NaN","NaN","NaN","NaN"
"568","2017-08-04 18:30:00+00","9.73","07-05-2017 14:12","-7.13","07-05-2017 05:54","0.848","97.3","07-05-2017 21:36","23.13","07-05-2017 13:48","349.9","72.87","1171","07-05-2017 12:12","-7.9860000000000015","07-05-2017 02:14","230.2","07-05-2017 11:28","-2.317","07-05-2017 02:13","316.2","191.5","424.8","290","11.68","07-05-2017 19:21","0","07-05-2017 00:38","4.058","25.35","NaN","4.022","22.69","07-05-2017 13:16","-6.4620000000000015","07-05-2017 05:01","NaN","NaN","NaN","NaN","NaN"
"569","2017-09-04 18:30:00+00","10.27","08-05-2017 14:30","-4.706","08-05-2017 06:15","2.392","93.3","08-05-2017 00:01","36.64","08-05-2017 12:45","373.5","74.26","1134","08-05-2017 12:06","-6.27","08-05-2017 19:49","215.5","08-05-2017 11:22","-0.772","08-05-2017 23:13","260.4","208.8","435.9","298.1","8.43","08-05-2017 15:03","0","08-05-2017 11:25","3.017","13.87","NaN","5.688","25.52","08-05-2017 12:45","-4.666","08-05-2017 06:15","NaN","NaN","NaN","NaN","NaN"
"570","2017-10-04 18:30:00+00","8.13","09-05-2017 13:46","-2.745","09-05-2017 05:15","1.5319999999999998","99.2","09-05-2017 04:15","32.49","09-05-2017 14:51","313.5","63.3","1171","09-05-2017 13:54","-6.273","09-05-2017 05:03","225.7","09-05-2017 13:54","-0.257","09-05-2017 05:03","306.2","222.4","424.9","302.7","17.4","09-05-2017 16:55","0","09-05-2017 01:17","4.209","57.18","NaN","4.899","25.05","09-05-2017 12:33","-3.661","09-05-2017 05:22","NaN","NaN","NaN","NaN","NaN"
"571","2017-11-04 18:30:00+00","7.72","10-05-2017 15:09","-4.368","10-05-2017 06:39","1.781","88.8","10-05-2017 01:57","36.27","10-05-2017 12:02","352.1","68.59","1153","10-05-2017 12:24","-6.271","10-05-2017 19:44","213.7","10-05-2017 12:43","-0.257","10-05-2017 01:52","278.7","213.7","426.2","297.1","9.88","10-05-2017 12:43","0","10-05-2017 00:17","3.715","29.49","NaN","4.331","24.79","10-05-2017 12:02","-5.105","10-05-2017 06:18","NaN","NaN","NaN","NaN","NaN"
"572","2017-12-04 18:30:00+00","8.19","11-05-2017 14:26","-1.731","11-05-2017 03:46","3.136","82.1","11-05-2017 23:55","41.95","11-05-2017 09:53","266.3","49.57","1510","11-05-2017 10:41","-5.7029999999999985","11-05-2017 00:24","268.4","11-05-2017 10:27","-0.772","11-05-2017 00:24","318.7","226.9","430.1","305.9","11.43","11-05-2017 15:45","0","11-05-2017 05:15","4.126","95.3","NaN","5.019","23.96","11-05-2017 12:02","-3.5610000000000004","11-05-2017 01:16","NaN","NaN","NaN","NaN","NaN"
"573","2017-05-12 18:30:00+00","9.88","12-05-2017 12:07","-2.205","12-05-2017 05:45","3.403","85.3","12-05-2017 02:03","39.14","12-05-2017 12:10","343.4","61.08","1477","12-05-2017 12:33","-5.7010000000000005","12-05-2017 21:52","259.4","12-05-2017 12:33","0.257","12-05-2017 19:48","309.6","222.3","466.2","302.1","10.58","12-05-2017 12:29","0","12-05-2017 07:12","4.023","72.92","NaN","6.62","32.88","12-05-2017 12:07","-4.3580000000000005","12-05-2017 05:45","NaN","NaN","NaN","NaN","NaN"
"574","2017-05-13 18:30:00+00","10.61","13-05-2017 14:40","-1.5619999999999998","13-05-2017 05:33","3.259","97","13-05-2017 23:17","33.46","13-05-2017 15:00","350.5","59.73","1145","13-05-2017 12:21","-5.417999999999998","13-05-2017 03:17","194.4","13-05-2017 12:24","0.257","13-05-2017 03:17","301.1","223.2","453.2","303.3","16.17","13-05-2017 15:54","0","13-05-2017 00:05","4.767","95.5","NaN","7.295","30.12","13-05-2017 11:25","-4.209","13-05-2017 05:22","NaN","NaN","NaN","NaN","NaN"
"575","2017-05-14 18:30:00+00","10.05","14-05-2017 13:45","-1.19","14-05-2017 06:37","3.407","95.8","14-05-2017 00:18","36.74","14-05-2017 13:52","346.8","58.34","1339","14-05-2017 13:43","-6.843","14-05-2017 02:45","221.1","14-05-2017 13:43","0.257","14-05-2017 19:39","301.4","226.7","452.5","304.9","14.72","14-05-2017 15:06","0","14-05-2017 00:02","4.965","95","NaN","7.087999999999999","29.12","14-05-2017 11:02","-3.93","14-05-2017 05:40","NaN","NaN","NaN","NaN","NaN"
"576","2017-05-15 18:30:00+00","10.61","15-05-2017 13:51","-1.089","15-05-2017 06:04","3.834","86.1","15-05-2017 02:31","33.76","15-05-2017 14:38","347.3","57.29","1573","15-05-2017 12:56","-5.7010000000000005","15-05-2017 22:34","251.5","15-05-2017 12:56","0.772","15-05-2017 20:35","323","227.6","470","304.9","12.98","15-05-2017 16:09","0","15-05-2017 00:00","4.312","148.8","NaN","8.07","31.99","15-05-2017 12:54","-4.167","15-05-2017 05:23","NaN","NaN","NaN","NaN","NaN"
"577","2017-05-16 18:30:00+00","10.37","16-05-2017 11:45","-0.181","16-05-2017 06:14","3.063","97.3","16-05-2017 21:43","32.82","16-05-2017 11:47","291.3","46.99","1546","16-05-2017 12:29","-5.1320000000000014","16-05-2017 23:26","253","16-05-2017 12:22","-0.772","16-05-2017 20:24","325.8","228.4","479.6","306.9","14.82","16-05-2017 14:23","0","16-05-2017 00:00","3.758","104.7","NaN","7.614","34.91","16-05-2017 11:45","-3.681","16-05-2017 05:25","NaN","NaN","NaN","NaN","NaN"
"578","2017-05-17 18:30:00+00","8.5","17-05-2017 13:26","-0.221","17-05-2017 04:30","3.5010000000000003","91.3","17-05-2017 00:29","32.89","17-05-2017 12:30","347.4","56.96","1485","17-05-2017 12:55","-5.131","17-05-2017 21:37","237.8","17-05-2017 12:55","0.772","17-05-2017 19:28","298.4","227.6","446.7","313","13.97","17-05-2017 17:47","0","17-05-2017 00:33","4.97","139","NaN","8.25","29.33","17-05-2017 12:38","-1.962","17-05-2017 03:38","NaN","NaN","NaN","NaN","NaN"
"579","2017-05-18 18:30:00+00","9.81","18-05-2017 13:37","-0.649","18-05-2017 05:38","3.75","90.7","18-05-2017 21:30","32.93","18-05-2017 13:16","328.1","53.68","1501","18-05-2017 12:57","-5.1320000000000014","18-05-2017 22:58","249.6","18-05-2017 13:05","-0.257","18-05-2017 19:52","309.7","227.6","455.7","305.1","14.84","18-05-2017 12:55","0","18-05-2017 00:03","5.121","147.2","NaN","8.18","31.38","18-05-2017 10:31","-3.949","18-05-2017 05:22","NaN","NaN","NaN","NaN","NaN"
"580","2017-05-19 18:30:00+00","11.25","19-05-2017 15:12","0.424","19-05-2017 04:02","5.275","91.6","19-05-2017 02:55","24.51","19-05-2017 16:10","376","61.68","1313","19-05-2017 13:15","-5.132999999999999","19-05-2017 02:48","210.3","19-05-2017 13:22","-0.257","19-05-2017 23:02","297.3","234","456.7","310.4","13.84","19-05-2017 13:53","0","19-05-2017 00:40","4.913","164.4","NaN","10.26","30.23","19-05-2017 11:50","-2.8160000000000003","19-05-2017 03:28","NaN","NaN","NaN","NaN","NaN"
"581","2017-05-20 18:30:00+00","8.94","20-05-2017 14:53","0.419","20-05-2017 05:16","3.857","90.6","20-05-2017 07:33","35.73","20-05-2017 14:58","261.8","43.79","1491","20-05-2017 12:30","-5.416","20-05-2017 21:54","248.9","20-05-2017 12:30","-1.801","20-05-2017 04:22","317.5","234.8","435.7","314.6","17.35","20-05-2017 16:13","0","20-05-2017 00:40","5.148","155.4","NaN","7.491","27.15","20-05-2017 12:37","-2.102","20-05-2017 23:58","NaN","NaN","NaN","NaN","NaN"
"582","2017-05-21 18:30:00+00","10.88","21-05-2017 14:39","-0.722","21-05-2017 05:24","3.411","97.6","21-05-2017 19:24","17.76","21-05-2017 14:44","297.2","49.17","1279","21-05-2017 12:51","-5.132999999999999","21-05-2017 01:10","211.9","21-05-2017 12:51","-0.7709999999999999","21-05-2017 16:09","320.4","223.1","483.5","304.4","16.84","21-05-2017 15:52","0","21-05-2017 01:31","3.515","40.42","NaN","8.53","36.74","21-05-2017 11:14","-4.322","21-05-2017 05:15","NaN","NaN","NaN","NaN","NaN"
"583","2017-05-22 18:30:00+00","7.72","22-05-2017 12:31","0.385","22-05-2017 01:28","2.798","94.8","22-05-2017 01:29","45.69","22-05-2017 12:29","237.4","38.63","1355","22-05-2017 12:08","-5.1320000000000014","22-05-2017 00:43","223.2","22-05-2017 12:08","0.772","22-05-2017 19:13","319.6","257.1","435.4","315.2","13.05","22-05-2017 14:01","0","22-05-2017 00:42","4.226","153.2","NaN","7.45","26.42","22-05-2017 10:20","-1.1","22-05-2017 01:19","NaN","NaN","NaN","NaN","NaN"
"584","2017-05-23 18:30:00+00","9.44","23-05-2017 15:47","0.417","23-05-2017 00:45","4.828","91.6","23-05-2017 01:11","37.21","23-05-2017 16:20","343.7","56.99","1492","23-05-2017 13:25","-5.13","23-05-2017 21:21","250.4","23-05-2017 13:25","-0.257","23-05-2017 00:40","324.1","238","449.3","316.3","14.56","23-05-2017 13:36","0","23-05-2017 04:02","4.794","135","NaN","9.71","29.99","23-05-2017 10:55","-1.3159999999999998","23-05-2017 05:48","NaN","NaN","NaN","NaN","NaN"
"585","2017-05-24 18:30:00+00","12.63","24-05-2017 13:08","1.602","24-05-2017 03:39","6.379","90","24-05-2017 22:57","26.94","24-05-2017 13:17","333.4","55.39","1452","24-05-2017 11:14","-5.131","24-05-2017 00:05","239.1","24-05-2017 11:25","0.257","24-05-2017 20:36","305.7","238.2","494.3","314.2","13.43","24-05-2017 13:50","0","24-05-2017 04:25","5.269","134.6","NaN","11.16","39.29","24-05-2017 10:49","-2.175","24-05-2017 03:42","NaN","NaN","NaN","NaN","NaN"
"586","2017-05-25 18:30:00+00","13.54","25-05-2017 16:01","0.858","25-05-2017 06:37","6.874","90.1","25-05-2017 02:06","26.91","25-05-2017 14:39","380","63.87","1282","25-05-2017 13:44","-5.13","25-05-2017 23:28","216.7","25-05-2017 13:44","0.257","25-05-2017 22:02","289.7","236.7","494.9","313.1","13.66","25-05-2017 13:54","0","25-05-2017 00:19","5.268","119.4","NaN","11.91","39.21","25-05-2017 11:23","-2.271","25-05-2017 05:38","NaN","NaN","NaN","NaN","NaN"
"587","2017-05-26 18:30:00+00","13.58","26-05-2017 14:27","2.278","26-05-2017 05:23","6.565","83.1","26-05-2017 06:01","21.51","26-05-2017 13:57","289.4","48.92","1530","26-05-2017 12:05","-5.131","26-05-2017 23:25","252.9","26-05-2017 12:05","0.257","26-05-2017 19:34","313.3","241.1","497.2","321.3","18.35","26-05-2017 17:28","0","26-05-2017 00:02","5.3610000000000015","171","NaN","11.03","39.48","26-05-2017 10:46","-0.402","26-05-2017 03:58","NaN","NaN","NaN","NaN","NaN"
"588","2017-05-27 18:30:00+00","13","27-05-2017 14:13","0.128","27-05-2017 05:31","6.346","86.7","27-05-2017 05:32","18.06","27-05-2017 14:10","374.4","64.26","1252","27-05-2017 11:37","-6.27","27-05-2017 23:15","209.8","27-05-2017 11:37","1.029","27-05-2017 22:49","269.3","228.7","481.8","307.8","15.33","27-05-2017 13:40","0","27-05-2017 00:41","4.22","159.7","NaN","11.29","33.35","27-05-2017 10:32","-3.448","27-05-2017 05:21","NaN","NaN","NaN","NaN","NaN"
"589","2017-05-28 18:30:00+00","13.34","28-05-2017 14:58","0.858","28-05-2017 06:24","6.968","74.35","28-05-2017 06:22","14.52","28-05-2017 16:58","360.9","62.17","1429","28-05-2017 12:06","-6.271","28-05-2017 00:44","239.6","28-05-2017 12:26","0.7709999999999999","28-05-2017 19:38","289.5","230.6","519.6","312.5","13.62","28-05-2017 14:28","0","28-05-2017 00:00","4.4430000000000005","146","NaN","12.51","40.83","28-05-2017 12:00","-2.403","28-05-2017 05:16","NaN","NaN","NaN","NaN","NaN"
"590","2017-05-29 18:30:00+00","11.99","29-05-2017 11:47","1.974","29-05-2017 06:24","6.185","79.12","29-05-2017 19:00","23.84","29-05-2017 10:14","259.9","45.43","1509","29-05-2017 12:37","-5.13","29-05-2017 00:43","259.6","29-05-2017 12:37","-1.286","29-05-2017 18:30","331.2","235.8","504.6","318.2","16.54","29-05-2017 18:20","0","29-05-2017 01:00","4.238","10.49","NaN","9.6","39.81","29-05-2017 12:45","-1.3","29-05-2017 05:23","NaN","NaN","NaN","NaN","NaN"
"591","2017-05-30 18:30:00+00","13.44","30-05-2017 13:38","1.399","30-05-2017 06:06","6.811","80.6","30-05-2017 06:06","18.33","30-05-2017 13:31","351.3","59.65","1399","30-05-2017 11:53","-5.131","30-05-2017 01:13","232.1","30-05-2017 13:35","0","30-05-2017 02:13","299.7","239.2","513.1","313.9","15.05","30-05-2017 18:05","0","30-05-2017 10:37","5.854","142.7","NaN","11.54","39.88","30-05-2017 10:41","-2.285","30-05-2017 04:38","NaN","NaN","NaN","NaN","NaN"
"592","2017-01-05 18:30:00+00","9","31-05-2017 13:25","0.6759999999999999","31-05-2017 21:05","4.355","94.3","31-05-2017 21:22","40.19","31-05-2017 15:14","222.1","37.4","1148","31-05-2017 10:50","-4.561","31-05-2017 01:31","194.1","31-05-2017 12:55","-2.315","31-05-2017 20:35","326.3","244.2","426.3","321.2","16.8","31-05-2017 14:07","0","31-05-2017 01:55","6.582999999999998","167.5","NaN","7.207999999999998","23.8","31-05-2017 11:42","-0.484","31-05-2017 02:06","NaN","NaN","NaN","NaN","NaN"
"593","2017-02-05 18:30:00+00","9.98","01-06-2017 13:10","-0.392","01-06-2017 06:06","4.136","94.6","01-06-2017 06:19","23.78","01-06-2017 13:10","324.8","55.62","1384","01-06-2017 13:20","-5.416","01-06-2017 22:01","236","01-06-2017 13:49","-0.772","01-06-2017 03:59","308.7","228.8","489.2","313.5","14.33","01-06-2017 14:38","0","01-06-2017 00:02","6.327000000000001","165.8","NaN","8.34","33.47","01-06-2017 13:51","-2.498","01-06-2017 23:57","NaN","NaN","NaN","NaN","NaN"
"594","2017-03-05 18:30:00+00","12.77","02-06-2017 14:29","-0.8859999999999999","02-06-2017 06:45","5.941","73.67","02-06-2017 00:00","5.604","02-06-2017 14:05","394.2","68.91","1169","02-06-2017 12:18","-6.555","02-06-2017 21:55","200.5","02-06-2017 12:29","0.257","02-06-2017 23:19","250.8","212","496.4","300.7","14.27","02-06-2017 12:23","0","02-06-2017 03:38","3.876","325.3","NaN","11.17","37.46","02-06-2017 11:32","-5.2189999999999985","02-06-2017 05:54","NaN","NaN","NaN","NaN","NaN"
"595","2017-04-05 18:30:00+00","16.34","03-06-2017 14:33","-0.085","03-06-2017 06:10","8.34","59.04","03-06-2017 06:01","8.85","03-06-2017 13:29","390.9","68.83","1145","03-06-2017 12:26","-7.977","03-06-2017 20:26","199","03-06-2017 12:34","0.257","03-06-2017 21:02","271.5","214.4","543.9","306.2","11.54","03-06-2017 14:10","0","03-06-2017 13:01","4.006","5.265","NaN","13.13","40.76","03-06-2017 13:07","-3.961","03-06-2017 05:14","NaN","NaN","NaN","NaN","NaN"
"596","2017-05-05 18:30:00+00","17.53","04-06-2017 12:34","1.5","04-06-2017 06:34","9.72","72.37","04-06-2017 22:41","8.64","04-06-2017 12:37","389.7","68.32","1136","04-06-2017 12:15","-6.271","04-06-2017 01:34","197.4","04-06-2017 12:24","0","04-06-2017 01:40","277.7","225.8","533.1","313.3","12.66","04-06-2017 13:20","0","04-06-2017 11:24","5.417999999999998","72.89","NaN","14.18","42.65","04-06-2017 12:25","-2.386","04-06-2017 05:31","NaN","NaN","NaN","NaN","NaN"
"597","2017-06-05 18:30:00+00","16.85","05-06-2017 13:34","2.582","05-06-2017 06:01","9.38","67.69","05-06-2017 05:45","16.81","05-06-2017 13:21","377.6","65.89","1178","05-06-2017 13:10","-5.699","05-06-2017 02:09","201","05-06-2017 12:17","-0.257","05-06-2017 02:09","342.3","234.9","516.3","319.5","15.21","05-06-2017 12:23","0","05-06-2017 01:08","5.4289999999999985","131.6","NaN","14.46","37.31","05-06-2017 10:39","-1.116","05-06-2017 05:25","NaN","NaN","NaN","NaN","NaN"
"598","2017-07-05 18:30:00+00","13.48","06-06-2017 12:59","2.874","06-06-2017 23:59","6.207000000000002","87.8","06-06-2017 19:26","24.78","06-06-2017 13:27","198.5","35.69","1428","06-06-2017 11:41","-5.7","06-06-2017 00:28","246.8","06-06-2017 11:45","1.286","06-06-2017 01:31","336.3","244.4","495.4","320.5","16.01","06-06-2017 14:59","0","06-06-2017 00:57","3.913","157.5","NaN","9.38","35","06-06-2017 13:08","-0.789","06-06-2017 05:10","NaN","NaN","NaN","NaN","NaN"
"599","2017-08-05 18:30:00+00","9.92","07-06-2017 16:34","-0.155","07-06-2017 03:07","3.631","100","07-06-2017 02:07","42.01","07-06-2017 16:31","223.9","34.23","1403","07-06-2017 13:11","-5.1320000000000014","07-06-2017 22:28","202.6","07-06-2017 13:18","-1.029","07-06-2017 19:03","326.4","235.3","412.3","314.3","14.72","07-06-2017 19:06","0","07-06-2017 00:48","4.873","159.2","NaN","5.222","17.85","07-06-2017 13:49","-1.231","07-06-2017 23:51","NaN","NaN","NaN","NaN","NaN"
"600","2017-09-05 18:30:00+00","11.39","08-06-2017 13:34","0.053","08-06-2017 05:56","5.327000000000001","94.5","08-06-2017 01:48","21.81","08-06-2017 13:50","316.7","51.77","1309","08-06-2017 12:40","-5.132999999999999","08-06-2017 02:01","217.3","08-06-2017 13:18","0.257","08-06-2017 19:50","317.6","227.3","457.1","310.5","15.09","08-06-2017 17:15","0","08-06-2017 00:52","5.026","112.2","NaN","8.05","30.96","08-06-2017 11:56","-2.853","08-06-2017 06:48","NaN","NaN","NaN","NaN","NaN"
"601","2017-10-05 18:30:00+00","8.5","09-06-2017 10:32","2.312","09-06-2017 03:47","4.707","83.2","09-06-2017 12:31","37.83","09-06-2017 15:39","218.5","36.99","1442","09-06-2017 13:48","-5.131","09-06-2017 22:51","242.8","09-06-2017 13:48","0.257","09-06-2017 22:20","324.3","239.6","435.6","319.9","14.92","09-06-2017 12:08","0","09-06-2017 00:40","5.182","163.7","NaN","6.689","27.09","09-06-2017 10:30","-0.948","09-06-2017 23:39","NaN","NaN","NaN","NaN","NaN"
"602","2017-11-05 18:30:00+00","8.94","10-06-2017 16:13","0.426","10-06-2017 05:12","3.673","94.5","10-06-2017 23:30","34.82","10-06-2017 16:15","290.4","49.78","1493","10-06-2017 12:13","-5.7029999999999985","10-06-2017 04:17","256.6","10-06-2017 12:13","-0.772","10-06-2017 20:42","316.5","229.2","438.7","308.7","20.58","10-06-2017 14:06","0","10-06-2017 01:40","5.784","169.8","NaN","6.4510000000000005","25.61","10-06-2017 12:30","-3.269","10-06-2017 05:17","NaN","NaN","NaN","NaN","NaN"
"603","2017-12-05 18:30:00+00","10.41","11-06-2017 15:08","0.42","11-06-2017 04:15","4.269","93.2","11-06-2017 00:51","34.3","11-06-2017 15:08","259.6","44.71","1363","11-06-2017 14:25","-4.561","11-06-2017 23:07","233.2","11-06-2017 14:25","0.514","11-06-2017 19:43","318.6","240.6","455.8","314.5","14.07","11-06-2017 19:42","0","11-06-2017 01:38","5.309","166.7","NaN","7.289","26.71","11-06-2017 14:25","-1.6230000000000002","11-06-2017 01:28","NaN","NaN","NaN","NaN","NaN"
"604","2017-06-12 18:30:00+00","11.96","12-06-2017 14:35","1.703","12-06-2017 06:02","5.964","82.4","12-06-2017 06:04","25.59","12-06-2017 11:47","345.5","59.24","1424","12-06-2017 11:38","-6.271","12-06-2017 22:23","245","12-06-2017 12:51","0.772","12-06-2017 20:28","314.9","242.1","493.2","318.1","16.56","12-06-2017 15:56","0","12-06-2017 01:44","5.114","163","NaN","10.88","36.32","12-06-2017 13:01","-1.404","12-06-2017 05:28","NaN","NaN","NaN","NaN","NaN"
"605","2017-06-13 18:30:00+00","13.09","13-06-2017 12:29","1.365","13-06-2017 06:24","5.6389999999999985","82.5","13-06-2017 04:47","24.65","13-06-2017 13:36","332.5","57.7","1335","13-06-2017 13:01","-5.1320000000000014","13-06-2017 00:41","228.1","13-06-2017 13:01","0.772","13-06-2017 22:20","316.5","239.8","505.3","315.1","16.7","13-06-2017 14:55","0","13-06-2017 00:41","5.2360000000000015","169.8","NaN","9.73","36.27","13-06-2017 13:21","-1.769","13-06-2017 05:24","NaN","NaN","NaN","NaN","NaN"
"606","2017-06-14 18:30:00+00","12.26","14-06-2017 12:59","0.96","14-06-2017 05:24","6.3279999999999985","84.9","14-06-2017 05:37","22.35","14-06-2017 13:13","332.6","57.8","1301","14-06-2017 13:07","-5.132999999999999","14-06-2017 02:57","221.3","14-06-2017 13:16","0.514","14-06-2017 19:53","294.5","237.4","497.9","314.4","13.23","14-06-2017 20:43","0","14-06-2017 01:03","5.146","165.9","NaN","10.16","34.61","14-06-2017 13:02","-1.977","14-06-2017 05:30","NaN","NaN","NaN","NaN","NaN"
"607","2017-06-15 18:30:00+00","13.17","15-06-2017 14:45","2.782","15-06-2017 05:39","7.113","84.1","15-06-2017 05:41","27.55","15-06-2017 13:28","361.1","62.79","1347","15-06-2017 11:16","-5.415","15-06-2017 23:11","225.9","15-06-2017 12:14","0.514","15-06-2017 19:57","312.5","245.7","513","325.5","14.01","15-06-2017 16:34","0","15-06-2017 01:31","5.441","177.3","NaN","12.38","40.71","15-06-2017 11:11","0.631","15-06-2017 05:02","NaN","NaN","NaN","NaN","NaN"
"608","2017-06-16 18:30:00+00","15.06","16-06-2017 13:35","3.425","16-06-2017 01:47","7.912000000000001","86.6","16-06-2017 04:46","25.15","16-06-2017 13:11","303.8","52.78","1497","16-06-2017 13:14","-11.4","16-06-2017 19:25","249.6","16-06-2017 13:12","-1.543","16-06-2017 19:23","339.1","251.3","504","328.6","18.44","16-06-2017 16:58","0","16-06-2017 01:17","4.9830000000000005","143.4","NaN","12.8","36.7","16-06-2017 12:06","1.179","16-06-2017 00:26","NaN","NaN","NaN","NaN","NaN"
"609","2017-06-17 18:30:00+00","16.54","17-06-2017 11:37","3.29","17-06-2017 06:36","9.34","87","17-06-2017 03:22","21.6","17-06-2017 12:49","361.4","61.48","1434","17-06-2017 12:20","-4.561","17-06-2017 04:35","240.8","17-06-2017 12:20","0.257","17-06-2017 19:44","317.2","244.7","526.3","323.5","14.66","17-06-2017 20:22","0","17-06-2017 00:00","5.564","99.4","NaN","13.95","42.45","17-06-2017 12:33","-0.08900000000000001","17-06-2017 05:12","NaN","NaN","NaN","NaN","NaN"
"610","2017-06-18 18:30:00+00","15","18-06-2017 15:37","5.27","18-06-2017 04:36","9.37","88.2","18-06-2017 04:36","30.86","18-06-2017 10:22","282.1","49.37","1325","18-06-2017 13:44","-5.414","18-06-2017 22:45","229.3","18-06-2017 13:44","0.514","18-06-2017 19:40","332.1","263.5","480","336","14.35","18-06-2017 12:45","0","18-06-2017 00:24","5.672999999999999","149.6","NaN","12.64","32.47","18-06-2017 10:24","2.797","18-06-2017 04:59","NaN","NaN","NaN","NaN","NaN"
"611","2017-06-19 18:30:00+00","14.19","19-06-2017 12:59","4.53","19-06-2017 06:34","8.22","82.2","19-06-2017 23:29","40.24","19-06-2017 13:53","227.1","38.49","1556","19-06-2017 11:59","-3.99","19-06-2017 22:45","259.1","19-06-2017 11:59","0.257","19-06-2017 19:37","346.3","257.1","493.8","332.5","16.62","19-06-2017 14:54","0","19-06-2017 00:05","5.1629999999999985","150.2","NaN","10.99","37","19-06-2017 11:54","1.83","19-06-2017 06:01","NaN","NaN","NaN","NaN","NaN"
"612","2017-06-20 18:30:00+00","12.16","20-06-2017 12:34","4.1610000000000005","20-06-2017 23:58","7.0920000000000005","92.4","20-06-2017 21:26","42.47","20-06-2017 13:34","165.2","29.1","1319","20-06-2017 10:46","-5.13","20-06-2017 00:23","247.1","20-06-2017 10:45","0.257","20-06-2017 19:54","341.8","252.5","432.1","328.3","13.47","20-06-2017 16:06","0","20-06-2017 00:23","6.065","164.7","NaN","8.71","25.04","20-06-2017 10:47","1.108","20-06-2017 23:57","NaN","NaN","NaN","NaN","NaN"
"613","2017-06-21 18:30:00+00","10.18","21-06-2017 10:55","2.582","21-06-2017 05:33","4.687","92.4","21-06-2017 06:53","37.79","21-06-2017 10:20","168","28.37","1020","21-06-2017 09:48","-4.276","21-06-2017 04:23","175.4","21-06-2017 09:48","0.257","21-06-2017 04:32","332.3","251.6","416.4","321.5","12.94","21-06-2017 12:57","0","21-06-2017 01:18","5.466","165.8","NaN","6.037000000000001","22.12","21-06-2017 09:49","-0.123","21-06-2017 04:23","NaN","NaN","NaN","NaN","NaN"
"614","2017-06-22 18:30:00+00","12.97","22-06-2017 16:10","1.163","22-06-2017 06:40","6.755","89.9","22-06-2017 05:32","24.71","22-06-2017 11:22","335.7","58.84","1672","22-06-2017 11:11","-5.13","22-06-2017 22:58","292.3","22-06-2017 11:11","0.257","22-06-2017 03:40","325.7","232.8","476.5","312.5","15.03","22-06-2017 13:07","0","22-06-2017 00:08","5.252000000000002","153.5","NaN","10.76","36.19","22-06-2017 10:30","-2.487","22-06-2017 06:38","NaN","NaN","NaN","NaN","NaN"
"615","2017-06-23 18:30:00+00","16.65","23-06-2017 13:59","1.838","23-06-2017 05:10","9.1","86.9","23-06-2017 06:19","26.16","23-06-2017 11:07","347.6","61.57","1483","23-06-2017 12:45","-5.699","23-06-2017 21:37","257.8","23-06-2017 12:45","0.772","23-06-2017 00:00","350.8","242.1","504.2","315.7","18.6","23-06-2017 17:07","0","23-06-2017 00:27","4.631","24.94","NaN","12.49","37.87","23-06-2017 11:04","-1.823","23-06-2017 05:08","NaN","NaN","NaN","NaN","NaN"
"616","2017-06-24 18:30:00+00","20.05","24-06-2017 14:06","3.595","24-06-2017 05:49","11.51","79.48","24-06-2017 04:11","15.25","24-06-2017 12:36","368.1","64.52","1485","24-06-2017 12:16","-5.415","24-06-2017 00:24","252.6","24-06-2017 12:17","0.514","24-06-2017 20:24","325.1","248","575","323.9","13.39","24-06-2017 20:23","0","24-06-2017 02:09","4.939","64.89","NaN","16.22","50.29","24-06-2017 12:03","-0.017","24-06-2017 05:18","NaN","NaN","NaN","NaN","NaN"
"617","2017-06-25 18:30:00+00","19.38","25-06-2017 15:59","5.069","25-06-2017 05:15","12.06","86.2","25-06-2017 04:13","20.83","25-06-2017 15:13","366.8","64.46","1169","25-06-2017 12:12","-5.983","25-06-2017 20:52","203.5","25-06-2017 12:24","0.7709999999999999","25-06-2017 20:49","308","262.1","511.7","333.6","14.52","25-06-2017 12:54","0","25-06-2017 01:25","4.537","156.2","NaN","16.49","40.21","25-06-2017 10:47","2.105","25-06-2017 04:52","NaN","NaN","NaN","NaN","NaN"
"618","2017-06-26 18:30:00+00","19.41","26-06-2017 14:51","6.081","26-06-2017 04:52","12.59","84.7","26-06-2017 03:09","25.93","26-06-2017 13:22","365.8","64.32","1131","26-06-2017 11:43","-6.269","26-06-2017 01:28","194","26-06-2017 11:42","0.257","26-06-2017 23:58","329.3","263.4","507.7","337.5","16.05","26-06-2017 15:11","0","26-06-2017 01:27","6.564","159.6","NaN","16.59","40.55","26-06-2017 10:48","2.949","26-06-2017 04:51","NaN","NaN","NaN","NaN","NaN"
"619","2017-06-27 18:30:00+00","17.39","27-06-2017 13:15","8.33","27-06-2017 06:12","12.15","92.1","27-06-2017 02:41","37.54","27-06-2017 13:31","252.8","44.17","1364","27-06-2017 12:57","-4.559","27-06-2017 23:26","234.9","27-06-2017 12:57","-0.514","27-06-2017 00:55","354","278.2","484.4","354.8","15.7","27-06-2017 14:13","0","27-06-2017 08:18","7.093","162.4","NaN","14.6","31.53","27-06-2017 13:19","6.448","27-06-2017 23:27","NaN","NaN","NaN","NaN","NaN"
"620","2017-06-28 18:30:00+00","11.38","28-06-2017 09:58","5.541","28-06-2017 18:59","7.7639999999999985","95.5","28-06-2017 23:01","60.2","28-06-2017 09:34","169.7","25.57","1126","28-06-2017 08:59","-6.5539999999999985","28-06-2017 02:32","164.8","28-06-2017 08:59","0","28-06-2017 01:25","348.3","275.4","411.3","342.3","12.6","28-06-2017 15:26","0","28-06-2017 04:50","5.731","156.4","NaN","9.43","22.55","28-06-2017 09:15","5.371","28-06-2017 21:40","NaN","NaN","NaN","NaN","NaN"
"621","2017-06-29 18:30:00+00","9.31","29-06-2017 11:26","5.405","29-06-2017 04:03","6.534","98.2","29-06-2017 02:28","75.52","29-06-2017 11:26","136.7","19.37","1063","29-06-2017 11:13","-2.85","29-06-2017 20:23","160","29-06-2017 11:13","-0.257","29-06-2017 23:38","341.4","313.7","388.5","341","13.76","29-06-2017 15:35","0","29-06-2017 05:20","7.143","161.9","NaN","7.447","15.7","29-06-2017 11:23","5.037","29-06-2017 05:29","NaN","NaN","NaN","NaN","NaN"
"622","2017-02-06 18:30:00+00","13.11","01-07-2017 18:47","7.7","01-07-2017 23:56","10.28","82.6","01-07-2017 23:59","45.24","01-07-2017 18:46","-2.224","1.5759999999999998","19.37","01-07-2017 18:44","-5.699","01-07-2017 23:22","4.115","01-07-2017 23:59","0.7709999999999999","01-07-2017 20:52","277.3","214.3","374.1","311.2","10.86","01-07-2017 19:23","0","01-07-2017 18:44","6.525","180","-2.408","NaN","9.21","01-07-2017 18:45","3.774","01-07-2017 23:56","NaN","NaN","NaN","NaN","NaN"
"623","2017-03-06 18:30:00+00","18.57","02-07-2017 14:28","6.351","02-07-2017 05:24","11.48","87.5","02-07-2017 06:03","28.73","02-07-2017 14:14","349.1","57.66","1370","02-07-2017 12:46","-4.843","02-07-2017 22:29","222.3","02-07-2017 12:53","0.257","02-07-2017 22:29","328.4","265","488.5","341.2","14.43","02-07-2017 20:23","0","02-07-2017 00:02","5.365","156.4","-2.413","NaN","31.82","02-07-2017 10:43","3.548","02-07-2017 03:02","NaN","NaN","NaN","NaN","NaN"
"624","2017-04-06 18:30:00+00","18.2","03-07-2017 13:16","7.789","03-07-2017 05:30","12.2","89.6","03-07-2017 02:42","28.52","03-07-2017 13:53","316.4","53.65","1437","03-07-2017 11:10","-4.8439999999999985","03-07-2017 23:35","239.6","03-07-2017 11:10","0.257","03-07-2017 04:38","341.9","271.2","497.9","349.6","13.15","03-07-2017 19:41","0","03-07-2017 01:04","5.785","160.7","-2.4","NaN","33.59","03-07-2017 12:59","5.318","03-07-2017 00:52","NaN","NaN","NaN","NaN","NaN"
"625","2017-05-06 18:30:00+00","16.82","04-07-2017 13:31","5.574","04-07-2017 05:44","11.01","85","04-07-2017 03:49","28.22","04-07-2017 13:38","315.4","54.77","1627","04-07-2017 11:47","-5.699","04-07-2017 01:41","279.2","04-07-2017 11:47","0.257","04-07-2017 22:04","339.3","258.2","481.4","335.6","15.62","04-07-2017 14:00","0","04-07-2017 01:39","6.496","149.1","-2.432","NaN","30.91","04-07-2017 12:42","2.542","04-07-2017 05:12","NaN","NaN","NaN","NaN","NaN"
"626","2017-06-06 18:30:00+00","17.69","05-07-2017 16:11","6.952000000000001","05-07-2017 06:38","11.04","88.2","05-07-2017 06:35","19.17","05-07-2017 16:03","346.8","59.68","1227","05-07-2017 11:10","-4.56","05-07-2017 00:13","211.3","05-07-2017 11:10","0.257","05-07-2017 20:07","329.8","266.4","500.2","348.5","14.29","05-07-2017 12:22","0","05-07-2017 02:09","6.572","167","-2.397","NaN","32.71","05-07-2017 14:04","5.271","05-07-2017 01:13","NaN","NaN","NaN","NaN","NaN"
"627","2017-07-06 18:30:00+00","17.29","06-07-2017 14:07","5.9460000000000015","06-07-2017 03:31","10.64","94.4","06-07-2017 22:45","32.88","06-07-2017 14:21","227","39.38","1545","06-07-2017 11:23","-6.553","06-07-2017 21:17","266.8","06-07-2017 11:23","-0.514","06-07-2017 20:59","351.1","264.2","493","338.7","13.13","06-07-2017 20:58","0","06-07-2017 02:41","5.629","164.5","-2.376","NaN","38.11","06-07-2017 10:53","3.449","06-07-2017 03:54","NaN","NaN","NaN","NaN","NaN"
"628","2017-08-06 18:30:00+00","14.79","07-07-2017 13:48","6.4529999999999985","07-07-2017 04:50","10.06","97.4","07-07-2017 03:50","50.64","07-07-2017 13:52","235.6","38.74","1582","07-07-2017 12:45","-5.13","07-07-2017 22:04","262","07-07-2017 12:48","0.514","07-07-2017 19:54","353.6","271.1","451.9","344","16.56","07-07-2017 15:23","0","07-07-2017 02:01","5.99","161.2","-2.363","NaN","29.05","07-07-2017 12:48","4.38","08-07-2017 00:00","NaN","NaN","NaN","NaN","NaN"
"629","2017-09-06 18:30:00+00","19.71","08-07-2017 14:09","4.803","08-07-2017 06:08","11.96","92.6","08-07-2017 03:16","25.52","08-07-2017 13:38","373.6","63.14","1281","08-07-2017 10:52","-5.129","08-07-2017 23:04","217.4","08-07-2017 14:35","0.7709999999999999","08-07-2017 19:46","336.5","262.4","502.1","332.2","13.37","08-07-2017 18:54","0","08-07-2017 00:06","5.069","160","-2.461","NaN","34.84","08-07-2017 13:02","2.158","08-07-2017 05:44","NaN","NaN","NaN","NaN","NaN"
"630","2017-10-06 18:30:00+00","20.69","09-07-2017 14:28","10.76","09-07-2017 23:40","16.33","74.37","09-07-2017 23:41","19.58","09-07-2017 12:39","483","81.8","1126","09-07-2017 12:30","-4.843","09-07-2017 23:12","190.4","09-07-2017 12:33","0.257","09-07-2017 23:14","316","181.9","509.2","362.6","13.58","09-07-2017 19:41","0","09-07-2017 10:33","8.07","172.3","-1.569","21.69","37.52","09-07-2017 10:53","8.03","09-07-2017 23:40","NaN","NaN","NaN","NaN","NaN"
"631","2017-11-06 18:30:00+00","20.29","10-07-2017 12:59","6.5539999999999985","10-07-2017 05:16","12.87","79.76","10-07-2017 02:44","26.53","10-07-2017 13:45","309.1","53.59","1267","10-07-2017 10:36","-5.698","10-07-2017 01:00","214.1","10-07-2017 10:36","-0.257","10-07-2017 23:34","338.3","266.6","507.4","341.4","14.07","10-07-2017 19:59","0","10-07-2017 00:59","6.2429999999999986","155.6","-4.132","15.91","35.72","10-07-2017 12:58","3.923","10-07-2017 05:28","NaN","NaN","NaN","NaN","NaN"
"632","2017-12-06 18:30:00+00","19.34","11-07-2017 14:50","8.57","11-07-2017 06:13","12.97","91.7","11-07-2017 06:16","34.26","11-07-2017 13:53","355.3","61.55","1239","11-07-2017 10:55","-4.558","11-07-2017 22:30","212.3","11-07-2017 10:51","-1.286","11-07-2017 21:27","340.3","277.7","500.1","356.5","16.64","11-07-2017 13:33","0","11-07-2017 06:09","7.1770000000000005","156.3","-5.511","17.29","33.85","11-07-2017 12:51","7.322999999999999","11-07-2017 04:55","NaN","NaN","NaN","NaN","NaN"
"633","2017-07-12 18:30:00+00","15.5","12-07-2017 11:47","8.4","12-07-2017 05:47","10.91","92.8","12-07-2017 01:52","47.94","12-07-2017 11:47","182.9","31.56","1286","12-07-2017 14:50","-3.99","12-07-2017 03:01","214.2","12-07-2017 15:04","-0.7709999999999999","12-07-2017 20:05","358.9","279.2","445.5","351.9","15.58","12-07-2017 13:20","0","12-07-2017 06:50","7.577000000000001","167.6","-5.518","12.4","26.57","12-07-2017 11:15","6.174","12-07-2017 03:13","NaN","NaN","NaN","NaN","NaN"
"634","2017-07-13 18:30:00+00","16.92","13-07-2017 15:25","8.03","13-07-2017 05:31","10.76","92.1","13-07-2017 05:36","41.32","13-07-2017 15:25","239.6","41","1527","13-07-2017 12:02","-4.56","13-07-2017 23:02","250.9","13-07-2017 12:03","-0.514","13-07-2017 00:38","351.8","273.9","467.7","349.2","14.92","13-07-2017 16:30","0","13-07-2017 23:29","7.991","162.8","-5.538","12.36","30.61","13-07-2017 11:40","5.114","13-07-2017 23:56","NaN","NaN","NaN","NaN","NaN"
"635","2017-07-14 18:30:00+00","19.17","14-07-2017 15:38","6.9929999999999986","14-07-2017 06:58","12.45","92","14-07-2017 06:58","26.53","14-07-2017 15:26","376.7","64.93","1122","14-07-2017 12:08","-4.56","14-07-2017 00:08","190.7","14-07-2017 12:43","-0.257","14-07-2017 04:14","343","267.4","491.1","346.1","16.54","14-07-2017 13:28","0","14-07-2017 00:46","6.5920000000000005","161.3","-5.565","16.82","34.62","14-07-2017 10:40","4.976","14-07-2017 06:49","NaN","NaN","NaN","NaN","NaN"
"636","2017-07-15 18:30:00+00","20.19","15-07-2017 13:10","6.25","15-07-2017 05:37","13.07","89.1","15-07-2017 04:06","22.65","15-07-2017 12:47","370.3","64.86","1098","15-07-2017 12:37","-5.699","15-07-2017 01:20","189.4","15-07-2017 12:43","0","15-07-2017 22:50","307.7","265.5","502.7","340.2","16.42","15-07-2017 19:40","0","15-07-2017 01:38","6.772","161.6","-5.566","16.86","38.25","15-07-2017 10:53","3.804","15-07-2017 05:20","NaN","NaN","NaN","NaN","NaN"
"637","2017-07-16 18:30:00+00","19.85","16-07-2017 14:33","8.11","16-07-2017 05:41","13.33","88.8","16-07-2017 01:30","33.86","16-07-2017 14:23","329.8","57.95","1672","16-07-2017 11:40","-4.8439999999999985","16-07-2017 01:02","288.1","16-07-2017 11:40","-0.514","16-07-2017 23:52","351.5","275.4","485.9","353.2","16.97","16-07-2017 16:29","0","16-07-2017 02:51","7.396","163.6","-5.542","16.66","34.15","16-07-2017 11:11","6.596","16-07-2017 04:48","NaN","NaN","NaN","NaN","NaN"
"638","2017-07-17 18:30:00+00","19.81","17-07-2017 14:14","8.94","17-07-2017 05:20","13.04","96.2","17-07-2017 05:14","36.35","17-07-2017 14:40","323.4","56.22","1492","17-07-2017 11:18","-3.989","17-07-2017 22:06","256.6","17-07-2017 11:18","-0.7709999999999999","17-07-2017 02:35","348.3","289.6","502.1","357.7","18.37","17-07-2017 16:01","3.0580000000000003","17-07-2017 23:31","9.26","162.6","-5.512","16.53","34.82","17-07-2017 11:20","7.775","17-07-2017 05:30","NaN","NaN","NaN","NaN","NaN"
"639","2017-07-18 18:30:00+00","14.02","18-07-2017 13:16","8.11","18-07-2017 23:54","10.74","94.5","18-07-2017 05:58","60.26","18-07-2017 15:04","185.1","32.75","1720","18-07-2017 12:27","-4.8439999999999985","18-07-2017 23:19","295.2","18-07-2017 12:27","-0.514","18-07-2017 00:01","352.8","276.2","461.2","347.5","15.99","18-07-2017 14:04","0","18-07-2017 23:10","8.25","162.6","-5.484","13","28.91","18-07-2017 13:12","5.1160000000000005","18-07-2017 23:45","NaN","NaN","NaN","NaN","NaN"
"640","2017-07-19 18:30:00+00","17.29","19-07-2017 14:50","7.49","19-07-2017 06:05","11.57","87.6","19-07-2017 04:47","36.97","19-07-2017 14:29","238.3","42.2","1596","19-07-2017 14:24","-4.274","19-07-2017 20:35","280.2","19-07-2017 11:47","-0.257","19-07-2017 03:04","353.2","280.5","478.5","350.3","15.76","19-07-2017 16:25","2.391","19-07-2017 00:00","8.66","166.4","-5.566","13.85","32.5","19-07-2017 11:48","5.973","19-07-2017 00:01","NaN","NaN","NaN","NaN","NaN"
"641","2017-07-20 18:30:00+00","18.64","20-07-2017 13:00","7.229","20-07-2017 04:31","12.25","88.1","20-07-2017 02:40","34.03","20-07-2017 13:00","312.7","55.49","1423","20-07-2017 11:52","-4.8439999999999985","20-07-2017 03:59","243.9","20-07-2017 11:52","-0.514","20-07-2017 23:12","341.2","274.2","492.4","345","17.54","20-07-2017 13:42","0","20-07-2017 03:53","8.15","165.4","-5.555","15.45","35.04","20-07-2017 11:34","4.343","20-07-2017 04:07","NaN","NaN","NaN","NaN","NaN"
"642","2017-07-21 18:30:00+00","19.14","21-07-2017 14:13","8.02","21-07-2017 05:17","12.74","93.2","21-07-2017 01:28","32.17","21-07-2017 14:05","357.4","62.82","1239","21-07-2017 13:20","-4.274","21-07-2017 20:10","213.8","21-07-2017 13:20","-0.514","21-07-2017 22:29","347.3","279.5","503.7","355.4","16.44","21-07-2017 13:42","0.353","21-07-2017 08:27","8.29","161.4","-5.532","17.34","34.29","21-07-2017 12:49","7.657","21-07-2017 05:53","NaN","NaN","NaN","NaN","NaN"
"643","2017-07-22 18:30:00+00","17.43","22-07-2017 13:53","8.87","22-07-2017 06:38","11.84","86.9","22-07-2017 05:42","40.78","22-07-2017 13:25","256.2","45.72","1557","22-07-2017 12:11","-5.127999999999999","22-07-2017 21:04","269.4","22-07-2017 12:11","-1.028","22-07-2017 22:14","356.8","279.2","500.1","354.5","17.39","22-07-2017 14:10","1.156","22-07-2017 03:35","8.9","164.4","-5.558","14.65","33.16","22-07-2017 13:42","6.565","22-07-2017 23:59","NaN","NaN","NaN","NaN","NaN"
"644","2017-07-23 18:30:00+00","17.93","23-07-2017 11:59","7.225","23-07-2017 04:29","11.9","90.3","23-07-2017 00:40","38.28","23-07-2017 12:00","262","47.15","1480","23-07-2017 11:26","-4.559","23-07-2017 00:04","259.4","23-07-2017 11:26","-0.7709999999999999","23-07-2017 21:52","355.1","272.9","493.4","349.4","15.99","23-07-2017 15:50","0","23-07-2017 02:46","7.124","160.4","-5.534","14.47","34.84","23-07-2017 12:01","5.691","23-07-2017 00:58","NaN","NaN","NaN","NaN","NaN"
"645","2017-07-24 18:30:00+00","16.35","24-07-2017 13:54","8.23","24-07-2017 23:51","11.04","91.9","24-07-2017 06:30","42.81","24-07-2017 13:54","181.9","31.73","1452","24-07-2017 11:36","-4.56","24-07-2017 04:53","251.9","24-07-2017 11:36","-0.514","24-07-2017 01:33","362","282.6","486.5","350.6","14.54","24-07-2017 13:34","0","24-07-2017 22:48","7.121","163.5","-5.489","12.59","33.79","24-07-2017 11:37","5.664","24-07-2017 22:43","NaN","NaN","NaN","NaN","NaN"
"646","2017-07-25 18:30:00+00","18.68","25-07-2017 14:14","6.4529999999999985","25-07-2017 06:24","11.92","89.9","25-07-2017 23:36","29.23","25-07-2017 14:57","333","57.83","1610","25-07-2017 11:51","-4.56","25-07-2017 05:02","277.6","25-07-2017 11:51","-0.514","25-07-2017 22:42","353.9","269.8","508.5","340.1","15.44","25-07-2017 17:36","0","25-07-2017 00:03","6.355","158.6","-5.536","16.01","36.36","25-07-2017 12:57","3.508","25-07-2017 06:23","NaN","NaN","NaN","NaN","NaN"
"647","2017-07-26 18:30:00+00","18.98","26-07-2017 12:51","7.432","26-07-2017 06:37","11.92","90.8","26-07-2017 02:28","30.79","26-07-2017 13:43","378.3","66.25","1214","26-07-2017 12:56","-4.559","26-07-2017 22:35","209.7","26-07-2017 12:57","-0.257","26-07-2017 00:09","330","277.2","505","347.5","16.99","26-07-2017 13:53","0","26-07-2017 05:46","7.779","162.3","-5.55","16.38","35.88","26-07-2017 12:51","5.1960000000000015","26-07-2017 06:02","NaN","NaN","NaN","NaN","NaN"
"648","2017-07-27 18:30:00+00","19.54","27-07-2017 13:25","8.33","27-07-2017 05:00","12.72","90.8","27-07-2017 04:29","33.76","27-07-2017 16:58","340.8","59.55","1215","27-07-2017 10:13","-4.559","27-07-2017 00:04","206.2","27-07-2017 10:13","-0.257","27-07-2017 04:14","342.7","278.6","505.5","355.9","17.21","27-07-2017 13:12","0","27-07-2017 09:29","7.068","164.1","-5.516","17.39","36.37","27-07-2017 10:01","6.62","27-07-2017 00:04","NaN","NaN","NaN","NaN","NaN"
"649","2017-07-28 18:30:00+00","19.21","28-07-2017 13:52","8.7","28-07-2017 05:37","11.76","93.6","28-07-2017 05:38","40.44","28-07-2017 13:52","238.6","42.44","1527","28-07-2017 12:34","-5.981","28-07-2017 17:06","261.4","28-07-2017 11:36","-1.285","28-07-2017 17:04","368","282.4","501.8","354.2","21.54","28-07-2017 16:50","0","28-07-2017 01:28","5.827000000000001","147.4","-5.439","15.05","34.7","28-07-2017 12:22","6.495","28-07-2017 01:20","NaN","NaN","NaN","NaN","NaN"
"650","2017-07-29 18:30:00+00","15.94","29-07-2017 16:43","7.694","29-07-2017 03:53","11.53","93","29-07-2017 00:21","54.69","29-07-2017 18:56","204.1","33.29","1454","29-07-2017 10:02","-4.843","29-07-2017 19:25","228.3","29-07-2017 10:02","-1.028","29-07-2017 22:33","358.3","286.3","432.9","353.2","14.37","29-07-2017 17:15","0","29-07-2017 07:33","6.749","141.6","-5.666","12.61","23.25","29-07-2017 10:12","6.479","29-07-2017 01:48","NaN","NaN","NaN","NaN","NaN"
"651","2017-07-30 18:30:00+00","19.11","30-07-2017 14:23","8.9","30-07-2017 06:19","12.97","97.4","30-07-2017 06:31","42.8","30-07-2017 14:36","270.4","45.47","1551","30-07-2017 13:46","-3.989","30-07-2017 21:14","265.5","30-07-2017 13:46","-0.7709999999999999","30-07-2017 22:20","367.9","297.6","505.3","361.9","14.58","30-07-2017 19:16","0","30-07-2017 05:13","6.907","159.8","-5.5","16.49","34.31","30-07-2017 14:35","9.4","30-07-2017 04:40","NaN","NaN","NaN","NaN","NaN"
"652","2017-01-07 18:30:00+00","20.08","31-07-2017 14:03","9.92","31-07-2017 04:13","13.42","93.2","31-07-2017 23:50","33.65","31-07-2017 13:45","358.5","62.08","1280","31-07-2017 10:40","-4.558","31-07-2017 20:30","215.2","31-07-2017 10:40","-0.7709999999999999","31-07-2017 21:49","356.8","292.1","493.5","363.7","18.99","31-07-2017 14:56","0","31-07-2017 05:01","8.45","161.6","-5.54","17.42","33.92","31-07-2017 12:37","9.25","31-07-2017 23:41","NaN","NaN","NaN","NaN","NaN"
"653","2017-02-07 18:30:00+00","20.08","01-08-2017 13:28","8.73","01-08-2017 06:06","12.91","95.3","01-08-2017 05:38","37.67","01-08-2017 13:01","245.2","41.64","1363","01-08-2017 11:44","-4.843","01-08-2017 19:17","227.7","01-08-2017 11:44","-0.257","01-08-2017 23:39","369.7","289.9","511.1","355.5","13.84","01-08-2017 18:14","0","01-08-2017 04:29","5.965","155.5","-5.572","16.27","37.33","01-08-2017 12:58","7.19","01-08-2017 06:17","NaN","NaN","NaN","NaN","NaN"
"654","2017-03-07 18:30:00+00","15.94","02-08-2017 10:47","7.431","02-08-2017 05:27","10.68","98.1","02-08-2017 05:38","49.7","02-08-2017 10:44","152.5","24.86","1041","02-08-2017 10:09","-4.56","02-08-2017 02:27","175.6","02-08-2017 10:09","-0.257","02-08-2017 23:27","358.7","282.3","461.9","352.1","13.6","02-08-2017 11:22","0","02-08-2017 00:53","4.988","163.5","-5.501","12.38","30.87","02-08-2017 10:09","6.35","02-08-2017 03:06","NaN","NaN","NaN","NaN","NaN"
"655","2017-04-07 18:30:00+00","19.14","03-08-2017 14:39","7.756","03-08-2017 06:27","12.21","97.2","03-08-2017 04:35","36.25","03-08-2017 14:37","293.3","50.96","1676","03-08-2017 11:20","-4.559","03-08-2017 20:51","278.1","03-08-2017 11:22","0","03-08-2017 00:14","352.9","277.6","488.6","351.1","17.11","03-08-2017 15:45","0","03-08-2017 01:29","6.733","156.8","-5.545","15.27","34.75","03-08-2017 11:23","5.888","03-08-2017 01:29","NaN","NaN","NaN","NaN","NaN"
"656","2017-05-07 18:30:00+00","18.67","04-08-2017 15:45","7.466","04-08-2017 05:40","12.1","87.8","04-08-2017 01:22","34.03","04-08-2017 15:42","223.9","39.69","1386","04-08-2017 11:33","-4.559","04-08-2017 22:18","234.7","04-08-2017 11:33","-0.514","04-08-2017 22:18","353","282","488.2","349.5","16.56","04-08-2017 17:17","0","04-08-2017 00:01","6.294","160.5","-5.549","13.73","31.29","04-08-2017 11:34","5.812","04-08-2017 04:20","NaN","NaN","NaN","NaN","NaN"
"657","2017-06-07 18:30:00+00","19.41","05-08-2017 12:36","7.89","05-08-2017 04:07","12.96","88.1","05-08-2017 01:22","31.36","05-08-2017 14:39","297.2","52.53","1433","05-08-2017 13:28","-4.8439999999999985","05-08-2017 00:45","247.7","05-08-2017 13:28","-0.514","05-08-2017 04:05","365.2","283.4","503.3","354.9","17.8","05-08-2017 14:35","0","05-08-2017 00:40","6.405","155.7","-5.539","15.98","37.44","05-08-2017 12:47","6.393","05-08-2017 00:56","NaN","NaN","NaN","NaN","NaN"
"658","2017-07-07 18:30:00+00","19.34","06-08-2017 13:20","7.836","06-08-2017 02:43","12.94","89.8","06-08-2017 23:48","37.1","06-08-2017 15:06","282.3","50.04","1272","06-08-2017 13:49","-5.129","06-08-2017 23:39","223.8","06-08-2017 13:49","-0.257","06-08-2017 21:06","358","283.4","503.7","351.3","15.56","06-08-2017 15:31","0","06-08-2017 00:08","5.943","157.3","-5.545","15.85","35.25","06-08-2017 11:57","6.026","06-08-2017 01:46","NaN","NaN","NaN","NaN","NaN"
"659","2017-08-07 18:30:00+00","15.33","07-08-2017 13:57","8.13","07-08-2017 05:50","11.72","91.4","07-08-2017 00:59","54.46","07-08-2017 13:57","161.9","29.09","673.8","07-08-2017 08:00","-4.273","07-08-2017 21:37","121.9","07-08-2017 08:00","0","07-08-2017 03:24","353.1","284.1","430.7","352.3","14.56","07-08-2017 12:50","0","07-08-2017 00:00","5.728","154.2","-5.557","13.27","23.45","07-08-2017 08:38","6.36","07-08-2017 05:43","NaN","NaN","NaN","NaN","NaN"
"660","2017-09-07 18:30:00+00","17.87","08-08-2017 13:28","8.56","08-08-2017 03:32","12.27","91.9","08-08-2017 06:59","38.72","08-08-2017 13:18","219.5","39.04","1082","08-08-2017 11:51","-5.127999999999999","08-08-2017 22:41","187.9","08-08-2017 11:51","0.257","08-08-2017 21:18","359.1","285.7","475.1","353.7","16.86","08-08-2017 16:19","0","08-08-2017 00:00","5.857","158.8","-5.532","14.65","31","08-08-2017 11:52","6.614","08-08-2017 00:19","NaN","NaN","NaN","NaN","NaN"
"661","2017-10-07 18:30:00+00","18.57","09-08-2017 15:57","8.33","09-08-2017 06:51","12.29","83.6","09-08-2017 00:57","31.6","09-08-2017 15:38","219.8","39.65","1524","09-08-2017 12:38","-5.127999999999999","09-08-2017 20:34","266.8","09-08-2017 12:38","-0.257","09-08-2017 21:53","358.1","280.9","489.4","351.2","16.72","09-08-2017 17:03","0","09-08-2017 00:01","6.195","163.5","-5.58","14.16","32.09","09-08-2017 13:41","6.011","09-08-2017 03:46","NaN","NaN","NaN","NaN","NaN"
"662","2017-11-07 18:30:00+00","18.17","10-08-2017 13:03","7.095","10-08-2017 06:55","12.34","87.5","10-08-2017 02:44","26.91","10-08-2017 13:18","251.1","45.72","1527","10-08-2017 12:37","-4.8439999999999985","10-08-2017 23:59","271.5","10-08-2017 12:37","-0.257","10-08-2017 00:01","351.9","272.6","487.8","345.9","17.89","10-08-2017 13:05","0","10-08-2017 04:33","7.356","159.8","-5.673","14.4","33.94","10-08-2017 12:55","4.9910000000000005","10-08-2017 06:22","NaN","NaN","NaN","NaN","NaN"
"663","2017-12-07 18:30:00+00","19.85","11-08-2017 15:25","6.5539999999999985","11-08-2017 06:14","12.21","88.7","11-08-2017 01:39","24.51","11-08-2017 15:25","325.6","59.47","1179","11-08-2017 13:12","-4.8439999999999985","11-08-2017 00:26","209.2","11-08-2017 12:22","0.257","11-08-2017 21:49","339.4","268.6","496.4","341.2","19.15","11-08-2017 15:45","0","11-08-2017 01:14","6.691","161.4","-5.645","15.36","32.52","11-08-2017 13:11","3.864","11-08-2017 05:38","NaN","NaN","NaN","NaN","NaN"
"664","2017-08-12 18:30:00+00","19.04","12-08-2017 14:12","6.216","12-08-2017 06:08","11.8","86","12-08-2017 02:59","18.7","12-08-2017 14:13","324.9","59.83","1099","12-08-2017 11:51","-5.13","12-08-2017 00:33","195.9","12-08-2017 11:51","0.514","12-08-2017 19:24","321.7","265.5","497.5","339.6","17.29","12-08-2017 16:50","0","12-08-2017 01:45","6.206","156.4","-5.661","14.87","32.52","12-08-2017 12:52","3.621","12-08-2017 05:58","NaN","NaN","NaN","NaN","NaN"
"665","2017-08-13 18:30:00+00","18.47","13-08-2017 14:36","4.769","13-08-2017 04:56","10.8","80.5","13-08-2017 01:04","16.71","13-08-2017 14:22","326.7","60.15","1237","13-08-2017 13:06","-17.1","13-08-2017 23:47","220.3","13-08-2017 13:06","-0.514","13-08-2017 23:00","345.1","255.2","514.2","333.3","18.25","13-08-2017 17:57","0","13-08-2017 00:17","5.886","165.1","-5.677","15.07","34.89","13-08-2017 13:45","2.414","13-08-2017 04:15","NaN","NaN","NaN","NaN","NaN"
"666","2017-08-14 18:30:00+00","16.99","14-08-2017 12:42","5.034","14-08-2017 02:37","9.97","90.1","14-08-2017 01:58","19.34","14-08-2017 14:13","244.9","43.63","1496","14-08-2017 12:14","-11.11","14-08-2017 00:14","265.5","14-08-2017 13:05","0.514","14-08-2017 21:22","343.2","260.9","491.8","341.1","16.64","14-08-2017 12:20","0","14-08-2017 00:30","5.437","166.2","-5.742","12.94","34.33","14-08-2017 12:42","3.5810000000000004","14-08-2017 23:58","NaN","NaN","NaN","NaN","NaN"
"667","2017-08-15 18:30:00+00","18.17","15-08-2017 16:07","5.877999999999999","15-08-2017 01:57","11.16","78.64","15-08-2017 23:52","20.89","15-08-2017 16:23","300.1","54.39","1340","15-08-2017 12:07","-5.4129999999999985","15-08-2017 19:29","233.7","15-08-2017 12:17","0.514","15-08-2017 19:49","321.4","261","495.5","338.2","12.41","15-08-2017 10:48","0","15-08-2017 00:11","4.729","170.2","-5.732","14.77","34.08","15-08-2017 12:19","2.882","15-08-2017 00:49","NaN","NaN","NaN","NaN","NaN"
"668","2017-08-16 18:30:00+00","19.68","16-08-2017 14:12","3.73","16-08-2017 05:56","10.95","82.3","16-08-2017 00:53","6.549","16-08-2017 13:20","342.4","62.77","1091","16-08-2017 12:34","-5.13","16-08-2017 01:49","194.8","16-08-2017 12:26","0.514","16-08-2017 19:45","310.4","250.1","530.3","326.3","12.47","16-08-2017 13:48","0","16-08-2017 00:44","4.767","163.6","-5.774","14.98","37.61","16-08-2017 13:12","0.6829999999999999","16-08-2017 05:51","NaN","NaN","NaN","NaN","NaN"
"669","2017-08-17 18:30:00+00","18.17","17-08-2017 13:51","4.669","17-08-2017 06:03","10.92","79.36","17-08-2017 01:05","12.83","17-08-2017 12:01","345.3","63.39","1088","17-08-2017 12:21","-5.699","17-08-2017 01:03","195.6","17-08-2017 12:43","0.257","17-08-2017 20:53","320","252.1","510.6","332.8","13.99","17-08-2017 19:44","0","17-08-2017 01:29","5.5710000000000015","150.1","-5.752","15.52","35.67","17-08-2017 12:03","2.525","17-08-2017 05:26","NaN","NaN","NaN","NaN","NaN"
"670","2017-08-18 18:30:00+00","18.47","18-08-2017 15:51","6.9929999999999986","18-08-2017 02:05","11.73","78.85","18-08-2017 02:06","14.75","18-08-2017 11:55","310.4","56.79","1072","18-08-2017 13:52","-5.13","18-08-2017 00:10","195.6","18-08-2017 14:47","0","18-08-2017 23:28","345.4","261.5","519","345.7","15.97","18-08-2017 16:27","0","18-08-2017 00:08","5.8","152.7","-5.748","16.04","35.98","18-08-2017 13:03","4.584","18-08-2017 07:01","NaN","NaN","NaN","NaN","NaN"
"671","2017-08-19 18:30:00+00","11.13","19-08-2017 12:49","5.9460000000000015","19-08-2017 05:51","8.72","91.1","19-08-2017 23:25","58.32","19-08-2017 09:07","105.6","18.19","790.6","19-08-2017 12:41","-4.56","19-08-2017 00:29","108.8","19-08-2017 12:41","0.257","19-08-2017 23:48","365.3","265","408.6","338.6","11.29","19-08-2017 15:46","0","19-08-2017 02:09","3.899","152.9","-5.66","8.91","18.79","19-08-2017 12:48","3.2030000000000003","19-08-2017 05:37","NaN","NaN","NaN","NaN","NaN"
"672","2017-08-20 18:30:00+00","13.18","20-08-2017 11:00","5.845","20-08-2017 05:41","8.98","90.6","20-08-2017 04:07","52.57","20-08-2017 11:01","132.3","23.6","1178","20-08-2017 10:45","-5.699","20-08-2017 21:28","196.7","20-08-2017 10:33","0.257","20-08-2017 20:00","347.4","256.9","431.4","332.8","13.35","20-08-2017 14:44","0","20-08-2017 00:00","4.618","152.6","-5.659","10.03","23.69","20-08-2017 10:45","1.969","21-08-2017 00:00","NaN","NaN","NaN","NaN","NaN"
"673","2017-08-21 18:30:00+00","17.53","21-08-2017 12:36","2.717","21-08-2017 06:53","10","88.7","21-08-2017 05:11","21.94","21-08-2017 16:18","303.8","55.75","1343","21-08-2017 12:08","-5.699","21-08-2017 23:11","234.9","21-08-2017 12:00","0.7709999999999999","21-08-2017 20:57","312.3","245.8","511.7","319.8","15.64","21-08-2017 13:40","0","21-08-2017 00:13","4.655","155.4","-5.729","13.04","37.84","21-08-2017 12:15","-0.602","21-08-2017 04:54","NaN","NaN","NaN","NaN","NaN"
"674","2017-08-22 18:30:00+00","17.56","22-08-2017 12:40","5.372000000000001","22-08-2017 02:27","11.17","81.3","22-08-2017 06:29","24.68","22-08-2017 15:46","279.7","51.12","1303","22-08-2017 13:18","-5.699","22-08-2017 01:25","232.1","22-08-2017 13:18","-0.257","22-08-2017 01:31","337.7","261.5","504.5","337.2","15.39","22-08-2017 19:41","0","22-08-2017 02:31","6.27","156.6","-5.738","14.56","36.29","22-08-2017 12:42","2.772","22-08-2017 02:17","NaN","NaN","NaN","NaN","NaN"
"675","2017-08-23 18:30:00+00","17.87","23-08-2017 14:00","5.069","23-08-2017 07:03","11.41","82.2","23-08-2017 07:03","22.62","23-08-2017 13:10","275.1","51.1","1264","23-08-2017 12:29","-5.699","23-08-2017 04:16","227.2","23-08-2017 12:29","0.257","23-08-2017 04:07","321.4","256.1","485.5","332.4","16.56","23-08-2017 13:16","0","23-08-2017 04:15","6.988","160.6","-5.75","13.46","32.59","23-08-2017 12:11","2.06","23-08-2017 06:33","NaN","NaN","NaN","NaN","NaN"
"676","2017-08-24 18:30:00+00","17.49","24-08-2017 12:45","7.162000000000001","24-08-2017 03:39","11.25","79.97","24-08-2017 02:02","27.85","24-08-2017 13:29","233.2","42.86","1368","24-08-2017 12:31","-4.56","24-08-2017 22:43","244.5","24-08-2017 12:31","0.514","24-08-2017 19:03","380.1","269.8","501.1","346.7","17.62","24-08-2017 13:00","0","24-08-2017 00:45","6.143","161.3","-5.766","13.26","35.25","24-08-2017 12:22","5.407","24-08-2017 22:44","NaN","NaN","NaN","NaN","NaN"
"677","2017-08-25 18:30:00+00","14.86","25-08-2017 12:29","5","25-08-2017 23:43","9.03","86.2","25-08-2017 04:21","33.56","25-08-2017 12:35","189.4","34.83","1509","25-08-2017 12:17","-4.845","25-08-2017 22:16","270.7","25-08-2017 12:17","0.257","25-08-2017 00:19","347.1","251.7","476.9","329.4","14.19","25-08-2017 14:26","0","25-08-2017 00:53","5.178","163.2","-5.811","10.81","32.14","25-08-2017 09:38","1.449","25-08-2017 23:54","NaN","NaN","NaN","NaN","NaN"
"678","2017-08-26 18:30:00+00","16.45","26-08-2017 15:26","2.649","26-08-2017 07:21","8.91","85.1","26-08-2017 01:59","17.22","26-08-2017 14:48","322.5","60.21","1220","26-08-2017 13:23","-5.7","26-08-2017 23:31","217.2","26-08-2017 13:23","0.257","26-08-2017 05:08","313.3","239.8","497.7","321.4","14.03","26-08-2017 13:34","0","26-08-2017 01:08","4.839","175.1","-5.769","13.19","35.56","26-08-2017 13:27","-0.34700000000000003","26-08-2017 07:08","NaN","NaN","NaN","NaN","NaN"
"679","2017-08-27 18:30:00+00","16.52","27-08-2017 14:16","2.041","27-08-2017 05:57","9.25","79.28","27-08-2017 07:30","10.77","27-08-2017 13:07","324.1","61.08","1095","27-08-2017 13:24","-5.983","27-08-2017 19:21","200.5","27-08-2017 13:24","0.7709999999999999","27-08-2017 20:52","294","240.4","507.3","316.9","12.25","27-08-2017 13:18","0","27-08-2017 00:06","4.392","163.1","-5.793","13.32","35.88","27-08-2017 10:54","-1.371","27-08-2017 05:46","NaN","NaN","NaN","NaN","NaN"
"680","2017-08-28 18:30:00+00","16.68","28-08-2017 13:12","2.785","28-08-2017 06:31","9.25","86.1","28-08-2017 23:49","13.44","28-08-2017 13:02","220.8","41.67","1527","28-08-2017 11:53","-8.55","28-08-2017 23:08","278.9","28-08-2017 13:07","-2.315","28-08-2017 23:06","345","243.9","517.2","320.6","15.74","28-08-2017 22:59","0","28-08-2017 01:37","5.56","148","-5.77","11.9","38.89","28-08-2017 12:56","-0.491","28-08-2017 05:57","NaN","NaN","NaN","NaN","NaN"
"681","2017-08-29 18:30:00+00","13.54","29-08-2017 13:30","4.73","29-08-2017 06:58","7.9289999999999985","98.9","29-08-2017 07:35","53.17","29-08-2017 13:30","208","37.09","1482","29-08-2017 12:11","-4.56","29-08-2017 18:58","263.3","29-08-2017 12:11","-0.257","29-08-2017 04:10","339.7","270.9","474.5","338.2","17.58","29-08-2017 16:51","0","29-08-2017 23:29","7.427","162.8","-5.76","10.51","31.91","29-08-2017 11:27","3.603","29-08-2017 03:55","NaN","NaN","NaN","NaN","NaN"
"682","2017-08-30 18:30:00+00","16.65","30-08-2017 13:05","6.115","30-08-2017 23:59","8.77","96.9","30-08-2017 05:06","40.11","30-08-2017 13:05","160.4","27.02","1419","30-08-2017 12:22","-4.559","30-08-2017 22:06","245.8","30-08-2017 12:22","0.514","30-08-2017 23:55","354.2","266","474.7","337.3","12.94","30-08-2017 13:50","0","30-08-2017 00:15","3.941","159","-5.713","9.81","32.2","30-08-2017 13:05","3.13","30-08-2017 23:35","NaN","NaN","NaN","NaN","NaN"
"683","2017-01-08 18:30:00+00","17.87","31-08-2017 13:17","6.0139999999999985","31-08-2017 00:18","10.21","95.1","31-08-2017 00:35","28.39","31-08-2017 13:02","247.1","42.86","1311","31-08-2017 12:15","-3.704","31-08-2017 20:50","227.2","31-08-2017 12:15","-0.257","31-08-2017 22:12","358","258.4","491.1","337.5","17.8","31-08-2017 15:48","0","31-08-2017 01:00","6.221","169.2","-5.729","13.27","31.69","31-08-2017 13:17","3.343","31-08-2017 00:00","NaN","NaN","NaN","NaN","NaN"
"684","2017-02-08 18:30:00+00","9.85","01-09-2017 13:24","5.337999999999999","01-09-2017 22:31","7.257999999999999","98.2","01-09-2017 04:05","71.77","01-09-2017 13:21","116","19.45","1319","01-09-2017 13:23","-3.42","01-09-2017 21:34","227.8","01-09-2017 13:23","0","01-09-2017 01:10","345","274.5","405.9","336.5","14.78","01-09-2017 15:41","0","01-09-2017 21:36","7.03","166.5","-5.669","7.987","19.39","01-09-2017 13:24","3.143","01-09-2017 22:00","NaN","NaN","NaN","NaN","NaN"
"685","2017-03-08 18:30:00+00","12.43","02-09-2017 13:09","2.582","02-09-2017 22:51","6.073","93.9","02-09-2017 05:46","41.06","02-09-2017 13:04","153.9","25.58","1533","02-09-2017 11:31","-5.985","02-09-2017 19:56","258.7","02-09-2017 11:31","0.772","02-09-2017 19:32","337.8","239.5","426.4","319.3","16.84","02-09-2017 13:47","0","02-09-2017 00:21","4.417","177.3","-5.749","6.2410000000000005","22.79","02-09-2017 11:37","-0.5760000000000001","02-09-2017 22:53","NaN","NaN","NaN","NaN","NaN"
"686","2017-04-08 18:30:00+00","13.54","03-09-2017 15:42","0.125","03-09-2017 07:27","6.285","93.4","03-09-2017 01:52","25.32","03-09-2017 13:59","290.9","51.44","1386","03-09-2017 13:11","-5.702000000000001","03-09-2017 01:43","242.7","03-09-2017 13:11","0.514","03-09-2017 19:00","318.7","231.7","460.8","309.5","15.29","03-09-2017 16:37","0","03-09-2017 00:00","5.435","149.9","-5.894","8.32","29.9","03-09-2017 13:05","-2.749","03-09-2017 06:42","NaN","NaN","NaN","NaN","NaN"
"687","2017-05-08 18:30:00+00","14.93","04-09-2017 14:08","1.771","04-09-2017 07:04","8.03","90","04-09-2017 05:06","23.8","04-09-2017 14:30","296.6","53.69","1114","04-09-2017 13:02","-5.129","04-09-2017 22:43","199","04-09-2017 13:02","-0.514","04-09-2017 20:59","318.3","240.6","473.4","317.3","16.5","04-09-2017 13:02","0","04-09-2017 01:08","5.319","155.4","-5.865","10.65","28.85","04-09-2017 11:14","-1.275","04-09-2017 06:18","NaN","NaN","NaN","NaN","NaN"
"688","2017-06-08 18:30:00+00","15.84","05-09-2017 12:57","2.278","05-09-2017 06:23","8.43","85.5","05-09-2017 07:26","26.87","05-09-2017 15:03","237.1","43.57","1356","05-09-2017 13:11","-5.415","05-09-2017 23:29","243.2","05-09-2017 13:11","0.257","05-09-2017 19:43","333.4","243.3","469.9","318.8","15.82","05-09-2017 18:19","0","05-09-2017 00:09","5.8679999999999986","150.9","-5.848","9.97","30.95","05-09-2017 12:49","-0.8759999999999999","05-09-2017 06:10","NaN","NaN","NaN","NaN","NaN"
"689","2017-07-08 18:30:00+00","14.49","06-09-2017 12:19","2.785","06-09-2017 07:00","7.745","84.5","06-09-2017 06:35","19.18","06-09-2017 10:33","228.6","41.72","1388","06-09-2017 12:10","-4.8439999999999985","06-09-2017 20:36","243.4","06-09-2017 12:10","-0.257","06-09-2017 21:41","329","242","479.6","318.7","15.39","06-09-2017 15:33","0","06-09-2017 00:02","4.727","161.9","-5.845","10.14","32.33","06-09-2017 11:04","-0.872","06-09-2017 06:09","NaN","NaN","NaN","NaN","NaN"
"690","2017-08-08 18:30:00+00","9.98","07-09-2017 11:14","1.838","07-09-2017 05:15","4.692","94.4","07-09-2017 21:35","48.83","07-09-2017 11:17","129.9","21.72","1390","07-09-2017 13:14","-4.56","07-09-2017 01:51","222.2","07-09-2017 11:18","0","07-09-2017 00:24","336.1","241.7","418.1","317.5","13.97","07-09-2017 11:46","0","07-09-2017 01:27","3.843","153.7","-5.774","5.832000000000002","22.98","07-09-2017 09:35","-0.932","07-09-2017 05:35","NaN","NaN","NaN","NaN","NaN"
"691","2017-09-08 18:30:00+00","12.16","08-09-2017 14:34","1.905","08-09-2017 08:06","6.18","93.6","08-09-2017 08:13","35.92","08-09-2017 14:35","279.7","45.59","1302","08-09-2017 12:23","-5.985","08-09-2017 21:57","210.3","08-09-2017 12:23","0.514","08-09-2017 19:00","334.6","248.3","437.1","328.4","13.47","08-09-2017 19:08","0","08-09-2017 00:30","4.7010000000000005","158.3","-5.791","8.09","23.81","08-09-2017 13:39","0.89","08-09-2017 23:56","NaN","NaN","NaN","NaN","NaN"
"692","2017-10-08 18:30:00+00","17.09","09-09-2017 15:05","1.399","09-09-2017 06:42","8.97","84.8","09-09-2017 02:04","21.54","09-09-2017 13:57","300.9","54.41","1018","09-09-2017 12:16","-5.699","09-09-2017 21:25","180.4","09-09-2017 12:22","0.515","09-09-2017 03:58","291.2","235.8","462.4","314.1","14.45","09-09-2017 15:24","0","09-09-2017 22:35","5.273","63.26","-5.809","10.13","30.29","09-09-2017 11:08","-2.077","09-09-2017 06:13","NaN","NaN","NaN","NaN","NaN"
"693","2017-11-08 18:30:00+00","9.71","10-09-2017 11:34","3.055","10-09-2017 05:27","6.428","77.81","10-09-2017 13:43","45.64","10-09-2017 08:39","141.4","25.1","1328","10-09-2017 11:34","-5.131","10-09-2017 02:37","230.9","10-09-2017 11:34","0.257","10-09-2017 19:03","335.8","245.3","420.7","321.8","14.07","10-09-2017 13:26","0","10-09-2017 00:04","5.518","167.5","-5.781","6.228","21.95","10-09-2017 11:34","-0.34600000000000003","10-09-2017 04:27","NaN","NaN","NaN","NaN","NaN"
"694","2017-12-08 18:30:00+00","13.07","11-09-2017 13:38","2.985","11-09-2017 06:09","6.421","80.8","11-09-2017 02:05","17.96","11-09-2017 11:48","260.2","47.28","1312","11-09-2017 13:16","-5.416","11-09-2017 22:43","236","11-09-2017 13:16","-0.772","11-09-2017 06:06","324.5","240.9","479.3","323.7","17.68","11-09-2017 15:31","0","11-09-2017 00:25","5.461","159.7","-5.733","9.3","31.51","11-09-2017 13:37","-0.175","11-09-2017 03:47","NaN","NaN","NaN","NaN","NaN"
"695","2017-09-12 18:30:00+00","13.24","12-09-2017 14:04","1.906","12-09-2017 06:05","6.832999999999998","83.9","12-09-2017 03:13","15.9","12-09-2017 13:25","305","56.8","1090","12-09-2017 12:40","-5.985","12-09-2017 23:06","194.9","12-09-2017 12:40","0.772","12-09-2017 18:58","308.4","235","457.9","315","15.19","12-09-2017 13:16","0","12-09-2017 00:39","5.377000000000002","167.6","-5.738","9.45","27.23","12-09-2017 12:37","-1.671","12-09-2017 06:06","NaN","NaN","NaN","NaN","NaN"
"696","2017-09-13 18:30:00+00","13.65","13-09-2017 13:20","0.662","13-09-2017 06:42","6.7410000000000005","79.43","13-09-2017 06:40","15.94","13-09-2017 13:02","266.6","50.2","1108","13-09-2017 13:09","-5.131","13-09-2017 00:34","197.4","13-09-2017 13:08","0.515","13-09-2017 05:58","286.4","232.5","465.6","310.3","13.25","13-09-2017 12:36","0","13-09-2017 00:32","5.189","159.1","-5.737","8.71","29.58","13-09-2017 12:59","-2.756","13-09-2017 06:03","NaN","NaN","NaN","NaN","NaN"
"697","2017-09-14 18:30:00+00","13.21","14-09-2017 12:45","1.4","14-09-2017 07:11","6.075","80.4","14-09-2017 23:05","11.75","14-09-2017 13:35","252.5","47.42","1141","14-09-2017 13:20","-5.7010000000000005","14-09-2017 21:44","204.4","14-09-2017 13:20","0","14-09-2017 18:43","326.8","231","464.7","313.6","16.68","14-09-2017 16:06","0","14-09-2017 03:20","4.902","160.5","-5.71","8.83","29.2","14-09-2017 12:29","-2.0580000000000003","14-09-2017 06:18","NaN","NaN","NaN","NaN","NaN"
"698","2017-09-15 18:30:00+00","13.31","15-09-2017 13:13","0.161","15-09-2017 06:30","4.508","90.4","15-09-2017 21:35","20.83","15-09-2017 13:13","163.1","30.69","1280","15-09-2017 11:38","-4.561","15-09-2017 20:37","231.4","15-09-2017 11:16","0.772","15-09-2017 04:32","330.7","232.5","471","308.7","15.05","15-09-2017 14:13","0","15-09-2017 00:00","2.385","346.7","-5.656","6.572","31.66","15-09-2017 13:14","-3.133","15-09-2017 06:14","NaN","NaN","NaN","NaN","NaN"
"699","2017-09-16 18:30:00+00","12.7","16-09-2017 13:37","1.805","16-09-2017 02:29","5.8679999999999986","90.9","16-09-2017 00:36","32.95","16-09-2017 13:22","204.2","35.87","1258","16-09-2017 12:51","-5.414","16-09-2017 19:54","226.3","16-09-2017 12:50","-1.286","16-09-2017 19:20","331.6","271.2","451.1","320.9","14.88","16-09-2017 15:45","0","16-09-2017 01:25","4.099","103","-5.599","8.38","27.15","16-09-2017 13:06","-0.153","16-09-2017 02:13","NaN","NaN","NaN","NaN","NaN"
"700","2017-09-17 18:30:00+00","10.25","17-09-2017 15:48","1.196","17-09-2017 05:14","5.061","96.1","17-09-2017 05:26","43.26","17-09-2017 15:33","147.8","21.17","1350","17-09-2017 11:45","-5.7","17-09-2017 21:06","181.8","17-09-2017 14:06","0.257","17-09-2017 04:48","331.1","236.6","397.6","318.8","10.84","17-09-2017 15:37","0","17-09-2017 05:58","3.837","155.7","-5.58","5.233","15.01","17-09-2017 14:07","-1.336","18-09-2017 00:00","NaN","NaN","NaN","NaN","NaN"
"701","2017-09-18 18:30:00+00","13.34","18-09-2017 14:34","0.021","18-09-2017 06:42","6.369","86.3","18-09-2017 05:03","19.24","18-09-2017 12:44","252.9","43.12","1057","18-09-2017 13:47","-5.7","18-09-2017 21:46","188.9","18-09-2017 13:48","0.514","18-09-2017 18:52","313.1","227.3","454.2","309","11.35","18-09-2017 13:59","0","18-09-2017 00:15","3.966","111.9","-5.726","6.8279999999999985","27.37","18-09-2017 12:11","-3.05","18-09-2017 06:14","NaN","NaN","NaN","NaN","NaN"
"702","2017-09-19 18:30:00+00","14.93","19-09-2017 15:12","0.258","19-09-2017 07:13","7.305","81","19-09-2017 04:47","9.28","19-09-2017 14:08","285.4","52.76","1001","19-09-2017 12:38","-6.269","19-09-2017 21:22","179.9","19-09-2017 12:55","0.7709999999999999","19-09-2017 19:06","266.8","223.7","468.1","308.2","14.29","19-09-2017 14:47","0","19-09-2017 11:05","4.212","50.51","-5.765","8.51","30.89","19-09-2017 11:52","-3.3110000000000004","19-09-2017 06:04","NaN","NaN","NaN","NaN","NaN"
"703","2017-09-20 18:30:00+00","15.27","20-09-2017 14:29","0.35700000000000004","20-09-2017 07:27","7.481","72.77","20-09-2017 07:26","8.54","20-09-2017 13:10","283","53.18","996","20-09-2017 12:23","-5.7","20-09-2017 22:10","182.2","20-09-2017 12:55","0.772","20-09-2017 02:32","274.8","226","467","309.1","12.58","20-09-2017 13:26","0","20-09-2017 00:02","4.2780000000000005","103.8","-5.758","9.19","30.78","20-09-2017 11:20","-3.112","20-09-2017 06:25","NaN","NaN","NaN","NaN","NaN"
"704","2017-09-21 18:30:00+00","15.67","21-09-2017 15:43","1.163","21-09-2017 06:52","7.95","79.49","21-09-2017 07:46","14.69","21-09-2017 14:58","277.9","51.92","978","21-09-2017 12:18","-5.698","21-09-2017 18:47","178.4","21-09-2017 12:52","0.772","21-09-2017 23:56","279.2","235.4","476.6","313.5","12.76","21-09-2017 13:53","0","21-09-2017 00:06","3.891","145.6","-5.761","10.4","31.55","21-09-2017 11:42","-2.141","21-09-2017 06:09","NaN","NaN","NaN","NaN","NaN"
"705","2017-09-22 18:30:00+00","12.09","22-09-2017 10:34","2.582","22-09-2017 06:29","6.431","97.7","22-09-2017 22:18","34.47","22-09-2017 10:34","140.7","25.26","1093","22-09-2017 10:28","-5.7","22-09-2017 01:58","193.6","22-09-2017 10:28","-0.772","22-09-2017 21:42","342","244.9","450.6","320.2","16.56","22-09-2017 12:11","0","22-09-2017 01:22","5.73","159.5","-5.646","7.636","29.14","22-09-2017 10:10","-0.539","22-09-2017 06:18","NaN","NaN","NaN","NaN","NaN"
"706","2017-09-23 18:30:00+00","6.182","23-09-2017 12:51","3.818","23-09-2017 19:11","4.753","95.9","23-09-2017 00:00","82.7","23-09-2017 14:47","48.27","5.352","363.4","23-09-2017 12:38","-2.28","23-09-2017 19:11","33.44","23-09-2017 14:25","0.257","23-09-2017 04:21","338.7","317.6","360.5","334.7","10.66","23-09-2017 00:54","0","23-09-2017 10:56","4.033","154.5","-5.655","5.448","9.75","23-09-2017 12:51","3.891","23-09-2017 05:43","NaN","NaN","NaN","NaN","NaN"
"707","2017-09-24 18:30:00+00","12.24","24-09-2017 12:40","3.853","24-09-2017 00:02","6.166","97.4","24-09-2017 07:02","44.19","24-09-2017 12:59","155","19.76","1286","24-09-2017 12:03","-5.13","24-09-2017 19:23","177.7","24-09-2017 12:03","0","24-09-2017 23:51","345.7","250.3","404.3","330.1","18.86","24-09-2017 13:06","0","24-09-2017 01:51","4.203","150.6","-5.936","6.231","19.94","24-09-2017 12:38","1.183","24-09-2017 21:41","NaN","NaN","NaN","NaN","NaN"
"708","2017-09-25 18:30:00+00","11.32","25-09-2017 13:01","1.365","25-09-2017 06:27","5.386","93.5","25-09-2017 02:47","38.3","25-09-2017 10:42","253.9","36.7","1182","25-09-2017 13:28","-5.416","25-09-2017 21:52","173","25-09-2017 13:20","0.257","25-09-2017 18:45","325.4","233.5","407.8","314","12.6","25-09-2017 18:49","0","25-09-2017 01:45","4.597","180","-6.114","5.257999999999999","18.86","25-09-2017 13:04","-1.812","25-09-2017 06:58","NaN","NaN","NaN","NaN","NaN"
"709","2017-09-26 18:30:00+00","12.7","26-09-2017 14:33","0.122","26-09-2017 06:10","5.891","89.6","26-09-2017 00:18","24.78","26-09-2017 14:15","261.5","40.19","961","26-09-2017 12:28","-5.132999999999999","26-09-2017 02:22","143.5","26-09-2017 12:38","0","26-09-2017 18:42","315.3","225.2","435.3","309.3","11.23","26-09-2017 19:03","0","26-09-2017 00:35","4.168","79.75","-6.15","5.577000000000001","23.23","26-09-2017 12:05","-2.863","26-09-2017 06:39","NaN","NaN","NaN","NaN","NaN"
"710","2017-09-27 18:30:00+00","13.51","27-09-2017 13:23","1.163","27-09-2017 06:55","6.895","86.9","27-09-2017 04:07","16.48","27-09-2017 13:12","261","41.59","965","27-09-2017 12:19","-4.562","27-09-2017 04:54","151.7","27-09-2017 12:55","0","27-09-2017 18:17","326.2","229.5","433.3","312.7","12.43","27-09-2017 14:20","0","27-09-2017 00:17","4.36","116.6","-6.157","6.5360000000000005","23.32","27-09-2017 11:39","-2.381","27-09-2017 07:03","NaN","NaN","NaN","NaN","NaN"
"711","2017-09-28 18:30:00+00","12.84","28-09-2017 15:14","3.19","28-09-2017 03:57","6.7879999999999985","87.9","28-09-2017 04:50","17.08","28-09-2017 13:04","267.4","44.79","974","28-09-2017 12:15","-5.985","28-09-2017 22:42","162.2","28-09-2017 12:14","-1.029","28-09-2017 18:42","324.9","240.2","437.3","322.1","17.07","28-09-2017 18:41","0","28-09-2017 00:46","4.416","174.5","-6.2","7.352","21.58","28-09-2017 13:21","-0.29600000000000004","29-09-2017 00:00","NaN","NaN","NaN","NaN","NaN"
"712","2017-09-29 18:30:00+00","12.13","29-09-2017 14:53","0.49","29-09-2017 07:59","5.746","82.8","29-09-2017 03:26","17.22","29-09-2017 11:07","256.5","45.63","1116","29-09-2017 13:07","-6.271","29-09-2017 22:53","199.8","29-09-2017 13:07","0.7709999999999999","29-09-2017 19:16","312.1","223.3","435.1","308.9","15.03","29-09-2017 16:50","0","29-09-2017 01:09","4.425","141.9","-6.269","5.87","22.35","29-09-2017 10:54","-3.119","29-09-2017 06:13","NaN","NaN","NaN","NaN","NaN"
"713","2017-01-09 18:30:00+00","14.22","30-09-2017 16:06","-0.785","30-09-2017 06:33","6.1320000000000014","69.5","30-09-2017 05:18","5.942","30-09-2017 15:18","265.6","49.61","965","30-09-2017 12:28","-6.555","30-09-2017 21:27","174.8","30-09-2017 12:43","0.7709999999999999","30-09-2017 18:55","256.4","213.7","442.2","303.9","14.01","30-09-2017 14:45","0","30-09-2017 00:47","4.3210000000000015","26.58","-6.304","6.13","26.17","30-09-2017 11:37","-4.325","30-09-2017 06:34","NaN","NaN","NaN","NaN","NaN"
"714","2017-02-09 18:30:00+00","13.61","01-10-2017 14:03","-0.7170000000000001","01-10-2017 07:03","6.0539999999999985","72.05","01-10-2017 23:54","5.739","01-10-2017 12:44","263.2","49.69","964","01-10-2017 12:20","-6.27","01-10-2017 22:50","176.1","01-10-2017 12:29","0.514","01-10-2017 19:52","262","212.9","446.8","303.3","14.45","01-10-2017 15:03","0","01-10-2017 01:23","4.6930000000000005","111.7","-6.285","6.44","25.71","01-10-2017 11:52","-4.453","01-10-2017 06:31","NaN","NaN","NaN","NaN","NaN"
"715","2017-03-09 18:30:00+00","12.16","02-10-2017 14:20","-0.581","02-10-2017 06:33","5.1960000000000015","79.28","02-10-2017 01:31","12.29","02-10-2017 14:13","256.8","48.5","947","02-10-2017 12:08","-6.839","02-10-2017 21:40","173.8","02-10-2017 12:13","0.515","02-10-2017 02:10","256.9","219","441.7","304.6","16.13","02-10-2017 13:35","0","02-10-2017 00:04","4.323","165","-6.271","6.317","25.01","02-10-2017 11:29","-4.243","02-10-2017 06:41","NaN","NaN","NaN","NaN","NaN"
"716","2017-04-09 18:30:00+00","13.92","03-10-2017 14:16","-1.224","03-10-2017 07:22","6.051","64.5","03-10-2017 04:53","5.03","03-10-2017 13:03","258.8","50","949","03-10-2017 12:24","-7.409","03-10-2017 20:38","176.4","03-10-2017 12:29","0.772","03-10-2017 21:06","254.5","210.7","472.4","301.3","13.35","03-10-2017 16:44","0","03-10-2017 05:24","4.459","26.8","-6.164","6.8370000000000015","30.41","03-10-2017 12:04","-4.846","03-10-2017 06:37","NaN","NaN","NaN","NaN","NaN"
"717","2017-05-09 18:30:00+00","14.25","04-10-2017 13:32","-1.19","04-10-2017 07:16","6.365","61.97","04-10-2017 06:01","4.119","04-10-2017 12:15","257","50.12","954","04-10-2017 12:14","-7.409","04-10-2017 18:45","178.4","04-10-2017 12:12","0.772","04-10-2017 21:21","253.3","208","470.7","300.4","15.72","04-10-2017 12:13","0","04-10-2017 10:06","3.829","358.9","-6.18","7.0120000000000005","30.75","04-10-2017 11:40","-4.942","04-10-2017 06:25","NaN","NaN","NaN","NaN","NaN"
"718","2017-06-09 18:30:00+00","14.19","05-10-2017 13:50","-1.596","05-10-2017 06:35","5.714","56.52","05-10-2017 06:21","2.633","05-10-2017 12:48","257","50.6","958","05-10-2017 12:07","-7.694","05-10-2017 18:29","181.5","05-10-2017 12:25","0.772","05-10-2017 20:50","247.8","202.3","454.7","298","15.68","05-10-2017 13:02","0","05-10-2017 02:01","4.062","331.3","-6.213","6.308","27.27","05-10-2017 11:20","-5.5760000000000005","05-10-2017 06:43","NaN","NaN","NaN","NaN","NaN"
"719","2017-07-09 18:30:00+00","14.29","06-10-2017 13:55","-2.17","06-10-2017 07:07","5.52","61.05","06-10-2017 07:04","2.971","06-10-2017 12:42","254.5","50.36","953","06-10-2017 12:08","-7.98","06-10-2017 21:05","182","06-10-2017 12:32","0.772","06-10-2017 03:45","244.7","203.7","459.7","296.8","14.31","06-10-2017 14:40","0","06-10-2017 00:24","3.894","11.58","-6.214","6.175","29.32","06-10-2017 11:36","-5.822","06-10-2017 06:14","NaN","NaN","NaN","NaN","NaN"
"720","2017-08-09 18:30:00+00","12.27","07-10-2017 12:41","-2.475","07-10-2017 07:47","4.768","61.3","07-10-2017 22:27","3.174","07-10-2017 11:47","251.5","49.93","944","07-10-2017 12:15","-7.41","07-10-2017 19:49","180.5","07-10-2017 12:20","0.772","07-10-2017 00:18","245","200.7","448.9","294.4","16.6","07-10-2017 12:27","0","07-10-2017 01:00","4.299","167","-6.203","5.167000000000002","25.62","07-10-2017 10:56","-6.334","07-10-2017 07:06","NaN","NaN","NaN","NaN","NaN"
"721","2017-09-09 18:30:00+00","10.48","08-10-2017 15:32","-2.81","08-10-2017 06:31","3.512","61.57","08-10-2017 23:24","6.349","08-10-2017 12:02","240.7","47.29","930","08-10-2017 12:09","-5.7029999999999985","08-10-2017 00:41","176.9","08-10-2017 12:21","0.772","08-10-2017 19:05","292.6","206","447.1","293.3","14.25","08-10-2017 13:24","0","08-10-2017 00:34","4.085","173.7","-6.13","5.266","26.55","08-10-2017 11:21","-6.519","08-10-2017 06:32","NaN","NaN","NaN","NaN","NaN"
"722","2017-10-09 18:30:00+00","10.59","09-10-2017 13:51","-2.542","09-10-2017 06:58","3.208","73.07","09-10-2017 22:52","6.8889999999999985","09-10-2017 13:41","243","48.19","920","09-10-2017 12:27","-5.702000000000001","09-10-2017 00:39","176.1","09-10-2017 12:44","0.257","09-10-2017 19:45","262.7","210.7","456.4","296.9","12.82","09-10-2017 14:19","0","09-10-2017 00:55","4.342","99.3","-6.087","5.34","28.69","09-10-2017 11:42","-5.812","09-10-2017 06:01","NaN","NaN","NaN","NaN","NaN"
"723","2017-11-09 18:30:00+00","10.08","10-10-2017 13:39","-2.61","10-10-2017 06:55","2.943","75.25","10-10-2017 02:04","5.539","10-10-2017 12:58","236.1","46.92","913","10-10-2017 12:28","-6.557","10-10-2017 23:02","174.3","10-10-2017 12:31","0","10-10-2017 18:12","261.9","209.2","464.9","295.4","13.58","10-10-2017 18:40","0","10-10-2017 01:48","4.186","83.5","-6.132","5.124","29.02","10-10-2017 11:43","-6.121","10-10-2017 06:19","NaN","NaN","NaN","NaN","NaN"
"724","2017-12-09 18:30:00+00","9.98","11-10-2017 13:28","-2.847","11-10-2017 06:46","2.464","88.8","11-10-2017 22:32","7.261","11-10-2017 12:58","232.9","46.3","910","11-10-2017 12:25","-5.1320000000000014","11-10-2017 00:16","174.8","11-10-2017 12:42","-1.286","11-10-2017 18:23","312.7","210.2","456.8","294.6","13.11","11-10-2017 18:21","0","11-10-2017 00:26","3.998","66.39","-6.068","5.138","27.45","11-10-2017 11:24","-6.257999999999999","11-10-2017 06:29","NaN","NaN","NaN","NaN","NaN"
"725","2017-10-12 18:30:00+00","9.48","12-10-2017 14:35","-3.489","12-10-2017 06:33","2.75","85.1","12-10-2017 00:04","9.39","12-10-2017 13:28","237.2","46.89","901","12-10-2017 12:20","-6.273","12-10-2017 02:28","171.3","12-10-2017 12:41","0.772","12-10-2017 19:46","284","203.9","446.1","292.2","12.11","12-10-2017 14:06","0","12-10-2017 00:06","4.209","131.4","-6.13","4.822","25.37","12-10-2017 11:20","-6.768","12-10-2017 06:43","NaN","NaN","NaN","NaN","NaN"
"726","2017-10-13 18:30:00+00","8.63","13-10-2017 13:21","-3.319","13-10-2017 07:08","1.0490000000000002","97.3","13-10-2017 21:22","17.36","13-10-2017 12:32","202.6","39.36","1128","13-10-2017 11:44","-10.27","13-10-2017 22:54","213.4","13-10-2017 13:20","-0.515","13-10-2017 18:16","315.8","206.6","460.2","292.8","18.58","13-10-2017 15:24","0","13-10-2017 03:51","3.17","7.688","-6.036","3.679","28.52","13-10-2017 11:58","-6.807","13-10-2017 06:29","NaN","NaN","NaN","NaN","NaN"
"727","2017-10-14 18:30:00+00","6.72","14-10-2017 15:15","-5.3420000000000005","14-10-2017 06:55","0.35700000000000004","85.8","14-10-2017 00:00","20.98","14-10-2017 15:00","234.5","52.92","901","14-10-2017 12:06","-10.27","14-10-2017 05:08","225.8","14-10-2017 09:06","0.257","14-10-2017 05:20","299.6","198.8","413.8","284.4","13.29","14-10-2017 15:33","0","14-10-2017 12:03","4.295","315.2","-6.18","0.887","19.73","14-10-2017 12:35","-7.398","14-10-2017 07:21","NaN","NaN","NaN","NaN","NaN"
"728","2017-10-15 18:30:00+00","3.854","15-10-2017 13:05","-3.555","15-10-2017 07:13","-0.271","77.08","15-10-2017 07:14","32.57","15-10-2017 10:41","184.9","35.66","938","15-10-2017 12:30","-6.275","15-10-2017 01:09","174.9","15-10-2017 12:40","1.029","15-10-2017 18:11","286.1","206.6","393.8","293.3","16.13","15-10-2017 13:28","0","15-10-2017 00:07","3.66","343.4","-6.024","0.22","15.11","15-10-2017 12:58","-6.516","15-10-2017 06:18","NaN","NaN","NaN","NaN","NaN"
"729","2017-10-16 18:30:00+00","8.77","16-10-2017 14:43","-4.936","16-10-2017 07:01","1.004","68.3","16-10-2017 07:00","13.98","16-10-2017 15:33","226.4","44.97","882","16-10-2017 12:33","-6.8420000000000005","16-10-2017 20:41","167.2","16-10-2017 12:48","0.514","16-10-2017 19:02","235","200.4","438.1","287.7","16.11","16-10-2017 15:33","0","16-10-2017 11:39","4.963","47.55","-6.129","1.639","24.19","16-10-2017 12:15","-7.744","16-10-2017 06:11","NaN","NaN","NaN","NaN","NaN"
"730","2017-10-17 18:30:00+00","12.06","17-10-2017 14:36","-4.97","17-10-2017 08:04","2.782","62.17","17-10-2017 00:43","3.242","17-10-2017 13:44","227.5","46.08","897","17-10-2017 12:17","-7.695","17-10-2017 19:16","174.3","17-10-2017 12:27","0.514","17-10-2017 19:16","233.6","188.4","435.2","285.2","14.27","17-10-2017 14:07","0","17-10-2017 02:38","4.051","20.41","-6.201","2.649","24.07","17-10-2017 11:45","-8.22","17-10-2017 06:21","NaN","NaN","NaN","NaN","NaN"
"731","2017-10-18 18:30:00+00","12.97","18-10-2017 14:24","-4.194","18-10-2017 06:32","3.769","54.09","18-10-2017 03:22","3.41","18-10-2017 14:13","224.3","45.79","887","18-10-2017 12:13","-7.979","18-10-2017 19:31","172.8","18-10-2017 12:25","0.514","18-10-2017 19:56","240.4","191","447.2","286.8","14.01","18-10-2017 14:41","0","18-10-2017 19:37","4.407","14.82","-6.221","3.233","26.36","18-10-2017 11:54","-7.856","18-10-2017 06:18","NaN","NaN","NaN","NaN","NaN"
"732","2017-10-19 18:30:00+00","12.13","19-10-2017 14:07","-3.889","19-10-2017 07:57","3.4930000000000003","60.32","19-10-2017 21:25","3.579","19-10-2017 12:47","221.8","45.35","884","19-10-2017 12:06","-7.126","19-10-2017 21:16","173.8","19-10-2017 12:15","0.514","19-10-2017 19:42","244.2","195.1","437.6","289","14.54","19-10-2017 14:48","0","19-10-2017 10:56","4.785","42.99","-6.171","3.1660000000000004","24.1","19-10-2017 11:07","-7.497000000000001","19-10-2017 06:12","NaN","NaN","NaN","NaN","NaN"
"733","2017-10-20 18:30:00+00","8.29","20-10-2017 12:29","-3.584","20-10-2017 07:03","0.924","96","20-10-2017 20:04","12.29","20-10-2017 12:29","203.5","40.38","909","20-10-2017 13:16","-6.275","20-10-2017 02:07","176.9","20-10-2017 13:16","-0.515","20-10-2017 18:25","304","202.8","431.5","291.7","15.78","20-10-2017 15:39","0","20-10-2017 00:25","4.295","156.8","-6.084","2.8760000000000003","23.22","20-10-2017 11:19","-7.275","20-10-2017 06:22","NaN","NaN","NaN","NaN","NaN"
"734","2017-10-21 18:30:00+00","8.02","21-10-2017 14:32","-4.565","21-10-2017 07:41","1.3730000000000002","87.1","21-10-2017 00:48","11.55","21-10-2017 15:54","215.2","43.88","864","21-10-2017 12:17","-6.556","21-10-2017 20:06","170.5","21-10-2017 12:21","0.257","21-10-2017 03:41","272.5","197.6","448.7","287.5","13.66","21-10-2017 16:24","0","21-10-2017 00:09","4.314","353.1","-6.135","2.231","26.02","21-10-2017 12:29","-7.659","21-10-2017 07:03","NaN","NaN","NaN","NaN","NaN"
"735","2017-10-22 18:30:00+00","7.518","22-10-2017 13:23","-5.404","22-10-2017 07:35","-0.843","90.5","22-10-2017 20:03","12.03","22-10-2017 12:38","191.2","38.44","881","22-10-2017 13:48","-6.845","22-10-2017 00:48","174.9","22-10-2017 13:48","-1.287","22-10-2017 18:37","309.7","186.2","422.1","282.3","15.05","22-10-2017 15:42","0","22-10-2017 07:19","5.7010000000000005","147.5","-6.095","0.381","20.46","22-10-2017 12:27","-8.95","22-10-2017 06:25","NaN","NaN","NaN","NaN","NaN"
"736","2017-10-23 18:30:00+00","3.547","23-10-2017 13:42","-6.317","23-10-2017 07:19","-1.962","74.93","23-10-2017 02:35","22.09","23-10-2017 15:02","212.6","43.59","919","23-10-2017 12:37","-5.706","23-10-2017 05:38","180.6","23-10-2017 12:57","0.772","23-10-2017 20:20","248.4","192.9","403.3","281.7","16.52","23-10-2017 12:50","0","23-10-2017 01:32","4.896","138.8","-6.074","-0.446","18.23","23-10-2017 11:48","-9.08","23-10-2017 06:44","NaN","NaN","NaN","NaN","NaN"
"737","2017-10-24 18:30:00+00","5.3039999999999985","24-10-2017 14:27","-7.027","24-10-2017 07:10","-1.467","68.09","24-10-2017 23:02","14.73","24-10-2017 13:16","210.6","43.67","845","24-10-2017 12:16","-6.274","24-10-2017 22:30","168.2","24-10-2017 12:22","0","24-10-2017 20:04","277.6","190.6","405.7","277.8","16.48","24-10-2017 13:10","0","24-10-2017 01:24","4.626","93.9","-6.079","-0.062","18.86","24-10-2017 11:09","-9.94","24-10-2017 06:29","NaN","NaN","NaN","NaN","NaN"
"738","2017-10-25 18:30:00+00","8.93","25-10-2017 15:04","-6.182","25-10-2017 06:28","0.472","67.26","25-10-2017 05:21","8.24","25-10-2017 14:08","205.5","43.27","839","25-10-2017 12:12","-6.275","25-10-2017 23:41","168.7","25-10-2017 12:23","0.515","25-10-2017 23:37","230.8","193.9","441.6","280.6","11.74","25-10-2017 16:19","0","25-10-2017 11:22","3.96","8.95","-6.144","1.26","23.06","25-10-2017 12:39","-9.35","25-10-2017 06:32","NaN","NaN","NaN","NaN","NaN"
"739","2017-10-26 18:30:00+00","9.04","26-10-2017 13:39","-6.013","26-10-2017 07:04","0.394","60.58","26-10-2017 21:33","6.721","26-10-2017 13:17","205.6","43.31","848","26-10-2017 12:00","-6.27","26-10-2017 17:59","171.3","26-10-2017 12:22","0.514","26-10-2017 18:23","250.3","186.7","422.8","279.4","14.23","26-10-2017 12:54","0","26-10-2017 10:49","4.782","70.84","-6.159","0.45","21.25","26-10-2017 11:05","-9.55","26-10-2017 06:25","NaN","NaN","NaN","NaN","NaN"
"740","2017-10-27 18:30:00+00","5.541","27-10-2017 12:58","-6.994","27-10-2017 06:40","-1.73","71.74","27-10-2017 23:27","8.31","27-10-2017 13:13","184.5","38.79","843","27-10-2017 12:11","-6.276","27-10-2017 05:39","170.8","27-10-2017 12:26","0.772","27-10-2017 17:31","227.2","182","410","276.6","14.5","27-10-2017 16:42","0","27-10-2017 00:20","4.949","81.5","-6.13","-1.253","20.12","27-10-2017 11:10","-10.29","27-10-2017 06:40","NaN","NaN","NaN","NaN","NaN"
"741","2017-10-28 18:30:00+00","5.2029999999999985","28-10-2017 13:15","-7.061","28-10-2017 06:55","-1.629","73.83","28-10-2017 23:41","15.71","28-10-2017 13:10","192.1","40.36","831","28-10-2017 12:20","-5.704","28-10-2017 23:35","168.2","28-10-2017 12:22","0.772","28-10-2017 21:02","244.5","193.2","407.1","277.6","15.64","28-10-2017 13:05","0","28-10-2017 23:34","4.883","110.9","-6.079","-0.887","19.26","28-10-2017 11:13","-10.17","28-10-2017 06:51","NaN","NaN","NaN","NaN","NaN"
"742","2017-10-29 18:30:00+00","4.662","29-10-2017 13:01","-6.08","29-10-2017 07:30","-1.359","74.1","29-10-2017 23:48","27.36","29-10-2017 13:06","171.3","35.41","969","29-10-2017 13:05","-5.706","29-10-2017 05:29","192.9","29-10-2017 13:05","0.515","29-10-2017 18:27","297.2","200.4","406.5","280.8","14.8","29-10-2017 13:36","0","29-10-2017 03:23","4.774","65.88","-6.074","-0.971","18.29","29-10-2017 11:15","-9.36","29-10-2017 06:27","NaN","NaN","NaN","NaN","NaN"
"743","2017-10-30 18:30:00+00","9.1","30-10-2017 13:43","-6.4860000000000015","30-10-2017 06:44","-0.013","74.52","30-10-2017 02:40","9.62","30-10-2017 13:39","197.2","41.7","797","30-10-2017 11:57","-5.702000000000001","30-10-2017 20:26","163","30-10-2017 12:21","0.257","30-10-2017 17:53","257.6","196.4","443.4","279.4","14.23","30-10-2017 15:50","0","30-10-2017 12:20","4.742","30.36","-6.141","0.76","24.48","30-10-2017 13:00","-9.67","30-10-2017 06:42","NaN","NaN","NaN","NaN","NaN"
"744","2017-01-10 18:30:00+00","7.957000000000002","31-10-2017 12:08","-5.579","31-10-2017 07:22","0.611","65.77","31-10-2017 20:51","10.64","31-10-2017 13:32","189.5","40.4","798.7","31-10-2017 12:33","-5.7029999999999985","31-10-2017 21:06","162.5","31-10-2017 12:42","0.514","31-10-2017 17:50","245.2","196","438.7","282.1","12.23","31-10-2017 18:18","0","31-10-2017 21:07","4.744","48.68","-6.15","0.758","23.95","31-10-2017 12:05","-9.09","31-10-2017 06:15","NaN","NaN","NaN","NaN","NaN"
"745","2017-02-10 18:30:00+00","8.67","01-11-2017 12:19","-5.376","01-11-2017 07:05","0.848","67.51","01-11-2017 01:41","11.62","01-11-2017 12:23","188.1","40.17","790.5","01-11-2017 11:52","-6.272","01-11-2017 20:01","162.3","01-11-2017 12:04","0.514","01-11-2017 18:10","239.6","200.1","445.1","283","12.58","01-11-2017 14:31","0","01-11-2017 12:03","4.426","33.53","-6.163","0.914","24.86","01-11-2017 12:18","-8.9","01-11-2017 06:30","NaN","NaN","NaN","NaN","NaN"
"746","2017-03-10 18:30:00+00","8.7","02-11-2017 13:20","-5.41","02-11-2017 06:15","0.695","63.52","02-11-2017 01:29","9.49","02-11-2017 13:00","181.5","38.84","792.8","02-11-2017 12:20","-5.987","02-11-2017 20:18","162.5","02-11-2017 12:38","0.515","02-11-2017 21:41","243.4","200.2","436","282.1","13.96","02-11-2017 13:30","0","02-11-2017 10:48","4.347","38.33","-6.169","0.5870000000000001","23.56","02-11-2017 12:05","-8.99","02-11-2017 06:19","NaN","NaN","NaN","NaN","NaN"
"747","2017-04-10 18:30:00+00","8.97","03-11-2017 12:49","-5.8439999999999985","03-11-2017 05:51","0.414","65.89","03-11-2017 23:40","10.67","03-11-2017 12:49","184.2","39.8","776.5","03-11-2017 12:10","-5.7029999999999985","03-11-2017 20:33","160.5","03-11-2017 12:19","0.514","03-11-2017 17:47","237.9","197.1","449.5","280.8","14.56","03-11-2017 17:36","0","03-11-2017 12:46","4.904","33.05","-6.144","0.447","24.85","03-11-2017 12:48","-9.37","03-11-2017 06:47","NaN","NaN","NaN","NaN","NaN"
"748","2017-05-10 18:30:00+00","9.31","04-11-2017 14:05","-6.317","04-11-2017 07:08","0.54","71.94","04-11-2017 22:42","8.78","04-11-2017 13:42","184.3","39.89","789.3","04-11-2017 12:18","-5.7029999999999985","04-11-2017 21:47","162.8","04-11-2017 12:31","0.257","04-11-2017 17:54","237.1","191.2","428.1","279.1","18.86","04-11-2017 14:55","0","04-11-2017 11:32","6.206","62.09","-6.182","0.173","23.61","04-11-2017 11:54","-9.7","04-11-2017 07:08","NaN","NaN","NaN","NaN","NaN"
"749","2017-06-10 18:30:00+00","10.12","05-11-2017 13:45","-5.7429999999999986","05-11-2017 07:17","1.4069999999999998","79.11","05-11-2017 01:39","8.44","05-11-2017 13:39","180.3","39.17","774.6","05-11-2017 12:23","-6.841","05-11-2017 19:48","159.9","05-11-2017 12:31","-0.514","05-11-2017 18:17","239.6","198.3","438.8","281.4","16.17","05-11-2017 14:05","0","05-11-2017 11:33","4.814","19.16","-6.173","0.67","24.26","05-11-2017 11:53","-9.23","05-11-2017 06:27","NaN","NaN","NaN","NaN","NaN"
"750","2017-07-10 18:30:00+00","10.83","06-11-2017 13:19","-6.0470000000000015","06-11-2017 07:17","1.595","56.21","06-11-2017 07:05","3.749","06-11-2017 13:16","181.8","39.88","788.7","06-11-2017 12:12","-7.981","06-11-2017 20:10","165.6","06-11-2017 12:26","-0.257","06-11-2017 19:20","240","191.9","431.7","279.7","15.82","06-11-2017 14:24","0","06-11-2017 10:50","4.652","26.81","-6.211","0.654","23.12","06-11-2017 11:42","-9.6","06-11-2017 06:59","NaN","NaN","NaN","NaN","NaN"
"751","2017-08-10 18:30:00+00","9.92","07-11-2017 13:15","-6.182","07-11-2017 07:03","0.8","74.3","07-11-2017 23:12","4.863","07-11-2017 13:13","177.7","38.81","777.1","07-11-2017 12:16","-5.988","07-11-2017 22:54","163.6","07-11-2017 12:23","-0.257","07-11-2017 21:11","234.5","191.6","429.3","278.1","15.93","07-11-2017 18:31","0","07-11-2017 10:38","5.284","104.2","-6.185","0.177","21.1","07-11-2017 13:14","-9.93","07-11-2017 06:41","NaN","NaN","NaN","NaN","NaN"
"752","2017-09-10 18:30:00+00","6.216","08-11-2017 13:02","-6.013","08-11-2017 06:32","-0.873","94.1","08-11-2017 22:57","11.28","08-11-2017 13:01","158.9","33.92","903","08-11-2017 12:13","-5.135","08-11-2017 04:32","189.8","08-11-2017 12:13","-1.287","08-11-2017 20:19","299.3","196.7","398","280.2","15.54","08-11-2017 13:55","0","08-11-2017 00:19","4.426","333","-6.163","-0.411","17.53","08-11-2017 10:47","-9.57","08-11-2017 06:38","NaN","NaN","NaN","NaN","NaN"
"753","2017-10-10 18:30:00+00","3.48","09-11-2017 13:17","-8.41","09-11-2017 08:05","-2.905","93.2","09-11-2017 00:00","23.92","09-11-2017 13:25","158","44.31","893","09-11-2017 13:08","-5.706","09-11-2017 03:13","310","09-11-2017 09:22","0.772","09-11-2017 19:20","264.7","190.4","395.3","267.8","13.82","09-11-2017 13:00","0","09-11-2017 00:33","3.811","359.6","-5.898","-3.394","16.41","09-11-2017 12:15","-11.69","09-11-2017 07:55","NaN","NaN","NaN","NaN","NaN"
"754","2017-11-10 18:30:00+00","6.0139999999999985","10-11-2017 14:00","-8.31","10-11-2017 07:49","-2.014","65.18","10-11-2017 21:26","8.31","10-11-2017 14:00","172.5","37.34","778.8","10-11-2017 11:19","-6.558","10-11-2017 20:25","158","10-11-2017 11:15","0.257","10-11-2017 17:43","229.9","183.9","412.4","271.5","13.48","10-11-2017 13:41","0","10-11-2017 11:49","4.541","40.42","-6.181","-2.388","19.28","10-11-2017 12:10","-11.57","10-11-2017 06:53","NaN","NaN","NaN","NaN","NaN"
"755","2017-12-10 18:30:00+00","5.608","11-11-2017 14:11","-7.1960000000000015","11-11-2017 07:39","-1.218","65.64","11-11-2017 05:49","8.31","11-11-2017 13:03","148","31.8","798.6","11-11-2017 11:47","-6.274","11-11-2017 22:29","163.8","11-11-2017 11:47","0.257","11-11-2017 21:34","249.7","191.5","400.6","275","13.58","11-11-2017 13:46","0","11-11-2017 00:16","4.246","55.51","-6.127","-2.004","17.74","11-11-2017 11:19","-10.81","11-11-2017 06:50","NaN","NaN","NaN","NaN","NaN"
"756","2017-11-12 18:30:00+00","4.966","12-11-2017 13:42","-8.27","12-11-2017 06:01","-1.721","56.69","12-11-2017 05:59","8.92","12-11-2017 12:29","160.3","34.35","917","12-11-2017 11:45","-5.706","12-11-2017 01:11","185.4","12-11-2017 11:45","0.515","12-11-2017 20:05","267.4","181.8","406.4","269.1","14.64","12-11-2017 12:56","0","12-11-2017 00:16","3.935","33.37","-6.128","-1.909","18.66","12-11-2017 11:48","-11.95","12-11-2017 06:41","NaN","NaN","NaN","NaN","NaN"
"757","2017-11-13 18:30:00+00","2.9730000000000003","13-11-2017 13:12","-5.44","13-11-2017 06:28","-1.761","48.09","13-11-2017 07:22","10","13-11-2017 13:48","102.2","20.44","529.9","13-11-2017 12:32","-5.7029999999999985","13-11-2017 18:51","101.4","13-11-2017 12:32","0.257","13-11-2017 22:55","265.3","202.2","360.9","283.5","10.92","13-11-2017 14:07","0","13-11-2017 01:16","2.506","221.1","-6.1","-2.799","8.75","13-11-2017 13:10","-8.75","13-11-2017 06:19","NaN","NaN","NaN","NaN","NaN"
"758","2017-11-14 18:30:00+00","3.86","14-11-2017 11:48","-8.1","14-11-2017 05:49","-3.214","70.12","14-11-2017 22:39","10.61","14-11-2017 12:24","139.7","29.79","862","14-11-2017 12:24","-5.707000000000002","14-11-2017 03:48","181.8","14-11-2017 13:16","-0.772","14-11-2017 18:20","273","183.5","413.6","271.1","19.15","14-11-2017 13:04","0","14-11-2017 00:04","3.821","139.5","-6.13","-3.044","19.89","14-11-2017 11:47","-11.73","14-11-2017 05:28","NaN","NaN","NaN","NaN","NaN"
"759","2017-11-15 18:30:00+00","0.35100000000000003","15-11-2017 11:55","-8.13","15-11-2017 04:49","-4.776","87.8","15-11-2017 20:43","13.08","15-11-2017 12:24","113.5","23.48","868","15-11-2017 11:54","-5.136","15-11-2017 04:41","176","15-11-2017 11:54","0.257","15-11-2017 18:03","268.8","188.4","365","271.4","11.92","15-11-2017 14:44","0","15-11-2017 01:01","4.136","158.6","-5.996","-4.44","10.02","15-11-2017 11:54","-11.76","15-11-2017 04:42","NaN","NaN","NaN","NaN","NaN"
"760","2017-11-16 18:30:00+00","-1.102","16-11-2017 12:30","-9.35","16-11-2017 04:54","-6.205","90","16-11-2017 19:02","20.95","16-11-2017 12:13","99.2","20.59","823","16-11-2017 11:23","-5.707000000000002","16-11-2017 03:16","168","16-11-2017 11:23","0.257","16-11-2017 17:22","282.3","185.8","376.4","266.6","10.47","16-11-2017 13:32","0","16-11-2017 02:08","3.482","168.6","-5.969","-5.2360000000000015","14.53","16-11-2017 11:14","-12.59","16-11-2017 04:58","NaN","NaN","NaN","NaN","NaN"
"761","2017-11-17 18:30:00+00","-2.035","17-11-2017 11:14","-12.94","17-11-2017 07:28","-7.962999999999999","92.7","17-11-2017 03:47","49.83","17-11-2017 11:15","97.1","88.9","673.6","17-11-2017 10:01","-6.849","17-11-2017 05:55","540.7","17-11-2017 10:01","-1.803","17-11-2017 06:08","308.8","259.4","296.2","241.3","6.919","17-11-2017 12:44","0","17-11-2017 00:12","1.79","6.694","-0.878","-9.14","-3.523","17-11-2017 11:12","-19.14","17-11-2017 07:00","NaN","NaN","NaN","NaN","NaN"
"762","2017-11-18 18:30:00+00","-4.165","18-11-2017 10:14","-19.49","18-11-2017 23:45","-8.47","92.7","18-11-2017 07:01","48.99","18-11-2017 15:19","64.43","65.3","658.3","18-11-2017 11:21","-6.85","18-11-2017 21:42","590.5","18-11-2017 11:21","-2.576","18-11-2017 21:42","306.8","194.8","290.6","218","9.92","18-11-2017 13:48","0","18-11-2017 02:13","2.694","204.6","5.726","-10.38","-5.144","18-11-2017 11:32","-25.52","18-11-2017 23:33","NaN","NaN","NaN","NaN","NaN"
"763","2017-11-19 18:30:00+00","-7.005","19-11-2017 13:32","-20.6","19-11-2017 04:04","-13.06","90.1","19-11-2017 23:04","51.52","19-11-2017 12:05","133.9","118.5","818","19-11-2017 11:18","-5.707000000000002","19-11-2017 23:32","696.4","19-11-2017 11:18","-3.09","19-11-2017 23:42","300.7","184.9","291.6","215.3","7.917999999999998","19-11-2017 08:33","0","19-11-2017 04:19","2.6630000000000003","3.773","11.18","-15.24","-5.982","19-11-2017 13:54","-26.14","19-11-2017 03:15","NaN","NaN","NaN","NaN","NaN"
"764","2017-11-20 18:30:00+00","-9.07","20-11-2017 14:57","-21.34","20-11-2017 08:29","-14.96","88.9","20-11-2017 00:16","37.59","20-11-2017 14:31","177.2","160.6","1008","20-11-2017 11:51","-7.709","20-11-2017 23:54","697.3","20-11-2017 12:22","-3.607","20-11-2017 23:53","292.5","173.1","273.1","211.2","6.957999999999998","20-11-2017 08:52","0.431","20-11-2017 21:29","3.913","4.342","6.872","-19.4","-9.94","20-11-2017 12:30","-26.73","20-11-2017 08:20","NaN","NaN","NaN","NaN","NaN"
"765","2017-11-21 18:30:00+00","-8.59","21-11-2017 15:02","-23.37","21-11-2017 06:46","-17","83.3","21-11-2017 00:32","35.54","21-11-2017 13:23","172.4","153.9","778.5","21-11-2017 12:08","-7.138","21-11-2017 19:10","671.1","21-11-2017 12:21","-3.608","21-11-2017 22:09","173.3","150.4","274.7","207.4","7.722","21-11-2017 09:10","0","21-11-2017 19:41","4.2810000000000015","8.34","6.421","-21.77","-9.56","21-11-2017 12:14","-28.09","21-11-2017 07:12","NaN","NaN","NaN","NaN","NaN"
"766","2017-11-22 18:30:00+00","-8.83","22-11-2017 15:01","-25.47","22-11-2017 08:29","-18.29","78.43","22-11-2017 02:00","26.94","22-11-2017 14:45","171.7","151.6","777.3","22-11-2017 12:13","-7.7120000000000015","22-11-2017 22:56","663.4","22-11-2017 12:18","-4.382","22-11-2017 22:56","164.5","141.7","270.3","201.7","7.526","22-11-2017 23:03","0.627","22-11-2017 15:00","4.73","10.82","6.256","-22.85","-10.06","22-11-2017 12:46","-29.82","22-11-2017 08:29","NaN","NaN","NaN","NaN","NaN"
"767","2017-11-23 18:30:00+00","-7.478","23-11-2017 14:26","-24.02","23-11-2017 01:14","-16.15","71.69","23-11-2017 01:19","20.28","23-11-2017 13:54","168.7","144.5","893","23-11-2017 12:06","-8","23-11-2017 02:28","739.9","23-11-2017 12:06","-3.61","23-11-2017 02:28","228.7","140.8","277","204.1","8.13","23-11-2017 09:49","0.588","23-11-2017 20:25","4.985","11.38","6.086","-20.67","-8.99","23-11-2017 12:06","-29.13","23-11-2017 07:01","NaN","NaN","NaN","NaN","NaN"
"768","2017-11-24 18:30:00+00","-4.808","24-11-2017 14:32","-21.24","24-11-2017 05:10","-13.67","69.27","24-11-2017 05:12","27.11","24-11-2017 14:29","165.6","144.5","753.4","24-11-2017 12:10","-7.9929999999999986","24-11-2017 22:25","635.4","24-11-2017 12:11","-5.667999999999998","24-11-2017 22:25","188.6","159.7","283.8","216.9","8.53","24-11-2017 22:35","0.568","24-11-2017 15:36","4.775","8.04","5.821","-18.43","-6.602","24-11-2017 12:33","-25.3","24-11-2017 05:06","NaN","NaN","NaN","NaN","NaN"
"769","2017-11-25 18:30:00+00","-0.933","25-11-2017 14:17","-19.28","25-11-2017 05:58","-11.24","74.36","25-11-2017 22:29","35.08","25-11-2017 14:37","163.7","141.4","742.5","25-11-2017 11:54","-6.282","25-11-2017 04:31","620.4","25-11-2017 12:06","-3.607","25-11-2017 02:54","247.4","169.2","294.3","225.8","9.15","25-11-2017 08:48","0","25-11-2017 14:15","3.92","6.921","5.645","-15.96","-4.569","25-11-2017 12:17","-23.15","25-11-2017 05:31","NaN","NaN","NaN","NaN","NaN"
"770","2017-11-26 18:30:00+00","-2.78","26-11-2017 13:08","-17.52","26-11-2017 23:46","-10.77","88.8","26-11-2017 04:24","40.7","26-11-2017 13:11","161.1","140.4","735.9","26-11-2017 12:13","-6.851","26-11-2017 05:42","619.8","26-11-2017 12:10","-2.577","26-11-2017 23:46","273.1","165.5","289.6","227.6","7.624","26-11-2017 20:42","0","26-11-2017 00:08","3.103","4.458","5.009","-15.67","-3.053","26-11-2017 13:07","-22.57","26-11-2017 08:15","NaN","NaN","NaN","NaN","NaN"
"771","2017-11-27 18:30:00+00","-0.967","27-11-2017 15:27","-18.44","27-11-2017 01:02","-10.29","81.9","27-11-2017 21:31","25.79","27-11-2017 13:50","142.9","118.2","909","27-11-2017 12:24","-6.853","27-11-2017 01:03","723.3","27-11-2017 12:24","-2.577","27-11-2017 01:02","276.5","161.4","297.4","224.7","11.66","27-11-2017 16:30","0","27-11-2017 06:18","4.019","3.419","5.172","-14.09","-3.017","27-11-2017 13:15","-23.4","27-11-2017 06:09","NaN","NaN","NaN","NaN","NaN"
"772","2017-11-28 18:30:00+00","-3.218","28-11-2017 15:47","-17.12","28-11-2017 08:38","-8.61","84.4","28-11-2017 23:00","30.46","28-11-2017 12:30","134.9","110.6","814","28-11-2017 12:17","-6.28","28-11-2017 06:46","656","28-11-2017 11:16","-2.576","28-11-2017 06:45","278.1","165.5","293.5","228","10.72","28-11-2017 22:50","0","28-11-2017 00:15","3.569","8.58","4.507","-12.96","-3.404","28-11-2017 12:28","-22.71","28-11-2017 04:55","NaN","NaN","NaN","NaN","NaN"
"773","2017-11-29 18:30:00+00","-2.475","29-11-2017 11:53","-15.43","29-11-2017 23:56","-8.05","88.9","29-11-2017 05:41","47.43","29-11-2017 13:14","114.4","94.6","681.1","29-11-2017 10:55","-7.417999999999998","29-11-2017 18:33","570.4","29-11-2017 10:55","-2.575","29-11-2017 18:34","269.5","174","296.9","233.2","11.39","29-11-2017 00:09","0","29-11-2017 02:17","3.47","14.86","4.736","-11.87","-4.154","29-11-2017 13:21","-21.54","29-11-2017 22:45","NaN","NaN","NaN","NaN","NaN"
"774","2017-01-11 18:30:00+00","-5.957000000000002","30-11-2017 15:03","-20.84","30-11-2017 08:15","-14.13","79.32","30-11-2017 02:18","34.32","30-11-2017 13:18","158.6","134.7","732.1","30-11-2017 12:11","-7.995","30-11-2017 21:14","598.8","30-11-2017 12:24","-3.608","30-11-2017 21:14","177.4","155.2","279.9","217.8","6.919","30-11-2017 08:18","0.568","30-11-2017 22:58","4.1960000000000015","10.43","4.561","-19.11","-8.17","30-11-2017 12:29","-25.15","30-11-2017 06:24","NaN","NaN","NaN","NaN","NaN"
"775","2017-02-11 18:30:00+00","-4.909","01-12-2017 14:53","-21.71","01-12-2017 07:31","-13.83","68.69","01-12-2017 01:26","22.55","01-12-2017 13:03","151.7","128","826","01-12-2017 11:43","-7.991","01-12-2017 18:57","663.3","01-12-2017 11:43","-3.608","01-12-2017 01:21","208.2","149.9","286.9","215.4","8.47","01-12-2017 09:12","0","01-12-2017 15:40","4.379","9.62","4.448","-19.09","-6.605","01-12-2017 12:57","-26.03","01-12-2017 07:30","NaN","NaN","NaN","NaN","NaN"
"776","2017-03-11 18:30:00+00","1.588","02-12-2017 14:53","-17.08","02-12-2017 00:09","-10.01","67.46","02-12-2017 20:31","22.41","02-12-2017 13:42","163.6","133.5","1008","02-12-2017 11:20","-7.706","02-12-2017 21:28","785.9","02-12-2017 11:20","-3.091","02-12-2017 21:28","234.7","171.8","300.8","229.8","7.566","02-12-2017 08:38","0","02-12-2017 13:57","3.267","3.974","4.268","-14.84","-2.3080000000000003","02-12-2017 11:54","-22.07","02-12-2017 00:00","NaN","NaN","NaN","NaN","NaN"
"777","2017-04-11 18:30:00+00","0.6559999999999999","03-12-2017 13:21","-14.45","03-12-2017 02:23","-8.32","70.66","03-12-2017 04:37","19.7","03-12-2017 14:54","139.7","114.5","864","03-12-2017 12:25","-5.709","03-12-2017 23:54","684.4","03-12-2017 12:25","-2.318","03-12-2017 23:42","222.3","179.5","309","239","9.98","03-12-2017 15:55","0","03-12-2017 03:31","2.656","357","4.123","-13.85","-0.687","03-12-2017 12:41","-19.72","03-12-2017 06:53","NaN","NaN","NaN","NaN","NaN"
"778","2017-05-11 18:30:00+00","0.417","04-12-2017 14:47","-16.82","04-12-2017 06:13","-9.55","65.96","04-12-2017 03:24","14.13","04-12-2017 14:54","138.4","110.1","840","04-12-2017 11:04","-6.2810000000000015","04-12-2017 04:48","662.5","04-12-2017 12:20","-3.091","04-12-2017 03:22","218.2","168.4","303.6","230.5","9.98","04-12-2017 14:33","0","04-12-2017 00:32","2.931","358.9","3.971","-15.17","-2.474","04-12-2017 13:08","-21.7","04-12-2017 05:16","NaN","NaN","NaN","NaN","NaN"
"779","2017-06-11 18:30:00+00","-1.337","05-12-2017 15:00","-14.35","05-12-2017 23:14","-6.877000000000002","67.19","05-12-2017 20:59","22.2","05-12-2017 15:16","99.5","74.76","628.5","05-12-2017 11:59","-5.707999999999998","05-12-2017 21:50","463.5","05-12-2017 11:59","-1.803","05-12-2017 05:08","261.1","174.8","295.6","232.5","15.23","05-12-2017 10:00","0","05-12-2017 00:15","3.5010000000000003","299.9","3.34","-13.09","-4.3260000000000005","05-12-2017 11:08","-21.86","05-12-2017 23:59","NaN","NaN","NaN","NaN","NaN"
"780","2017-07-11 18:30:00+00","-3.692","06-12-2017 13:27","-16.11","06-12-2017 05:48","-8.64","92.4","06-12-2017 23:13","53.55","06-12-2017 09:23","57.03","46.19","350.3","06-12-2017 11:24","-5.138","06-12-2017 01:17","272.4","06-12-2017 11:24","-1.803","06-12-2017 01:18","300.7","173.5","296.2","231.2","8.51","06-12-2017 08:48","0","06-12-2017 00:26","2.099","357.3","6.154","-11.26","-4.7189999999999985","06-12-2017 13:45","-22.26","06-12-2017 05:45","NaN","NaN","NaN","NaN","NaN"
"781","2017-08-11 18:30:00+00","1.298","07-12-2017 14:40","-17.19","07-12-2017 23:00","-8.36","93.1","07-12-2017 04:43","45.29","07-12-2017 14:42","124.6","118.4","977","07-12-2017 11:36","-8.56","07-12-2017 19:35","755.7","07-12-2017 11:24","-3.607","07-12-2017 21:08","320.4","165.1","310.1","224","7.0360000000000005","07-12-2017 22:57","0","07-12-2017 02:47","2.654","0.885","8.18","-12.54","-2.222","07-12-2017 11:28","-23.38","07-12-2017 23:49","NaN","NaN","NaN","NaN","NaN"
"782","2017-09-11 18:30:00+00","-2.814","08-12-2017 14:35","-21.37","08-12-2017 08:29","-13.94","71.8","08-12-2017 00:14","23.02","08-12-2017 14:36","153.9","137.3","719.5","08-12-2017 12:10","-9.13","08-12-2017 18:53","620.5","08-12-2017 12:19","-4.637","08-12-2017 18:53","185","150.5","285","211.5","8.21","08-12-2017 23:45","0","08-12-2017 15:47","5.332000000000002","12.69","7.282","-19.32","-7.4620000000000015","08-12-2017 13:06","-26.93","08-12-2017 08:23","NaN","NaN","NaN","NaN","NaN"
"783","2017-10-11 18:30:00+00","-2.8160000000000003","09-12-2017 13:59","-19.62","09-12-2017 07:14","-11.7","65.56","09-12-2017 23:34","20.18","09-12-2017 14:00","148.5","129.9","740.8","09-12-2017 13:47","-7.992000000000001","09-12-2017 20:04","628.6","09-12-2017 14:22","-3.608","09-12-2017 03:10","221","165.1","289.1","222.1","9.86","09-12-2017 08:16","0","09-12-2017 23:00","5.72","12.24","6.707","-16.81","-6.08","09-12-2017 14:23","-23.96","09-12-2017 07:36","NaN","NaN","NaN","NaN","NaN"
"784","2017-11-11 18:30:00+00","1.13","10-12-2017 13:51","-15.77","10-12-2017 06:03","-8.76","65.66","10-12-2017 21:36","24.16","10-12-2017 13:51","137.2","113.4","935","10-12-2017 12:16","-6.852","10-12-2017 04:40","751.5","10-12-2017 12:21","-3.607","10-12-2017 04:40","246.5","175","297.7","235.2","9.25","10-12-2017 10:05","0","10-12-2017 02:55","4.034","6.439","6.604","-14.01","-3.147","10-12-2017 12:17","-20.29","10-12-2017 06:30","NaN","NaN","NaN","NaN","NaN"
"785","2017-12-11 18:30:00+00","-4.292","11-12-2017 09:34","-11.85","11-12-2017 05:49","-7.456","93.5","11-12-2017 23:55","41.12","11-12-2017 08:37","67.76","58.88","415.3","11-12-2017 13:58","-5.706","11-12-2017 05:48","365.5","11-12-2017 13:58","-3.605","11-12-2017 05:48","304.6","198.7","288.7","248.3","7.605","11-12-2017 16:20","0","11-12-2017 02:18","2.543","33.25","9.58","-9.3","-5.6560000000000015","11-12-2017 12:10","-18.05","11-12-2017 05:01","NaN","NaN","NaN","NaN","NaN"
"786","2017-12-12 18:30:00+00","-3.827","12-12-2017 05:54","-10.91","12-12-2017 20:27","-8.01","94.7","12-12-2017 02:28","56.25","12-12-2017 05:54","94.6","84.5","863","12-12-2017 13:28","-2.568","12-12-2017 02:52","779.4","12-12-2017 13:28","-1.802","12-12-2017 06:40","291.2","243.7","291.8","264.2","19.35","12-12-2017 05:27","0","12-12-2017 00:01","3.141","209.7","28.89","-8.77","-4.878","12-12-2017 13:29","-12.29","12-12-2017 23:30","NaN","NaN","NaN","NaN","NaN"
"787","2017-12-13 18:30:00+00","-5.245","13-12-2017 10:47","-12.23","13-12-2017 21:49","-9.71","90.5","13-12-2017 03:37","34.48","13-12-2017 12:57","64.84","81.5","846","13-12-2017 12:33","-1.998","13-12-2017 21:39","753.2","13-12-2017 12:33","-1.288","13-12-2017 05:02","311.5","221.1","282","250.5","17.35","13-12-2017 12:49","0","13-12-2017 00:26","2.556","285.9","26.4","-11.57","-7.987","13-12-2017 12:33","-16.34","13-12-2017 22:02","NaN","NaN","NaN","NaN","NaN"
"788","2017-12-14 18:30:00+00","-6.7639999999999985","14-12-2017 11:25","-11.99","14-12-2017 00:07","-10.47","89.4","14-12-2017 23:28","46.01","14-12-2017 07:00","64.91","105.8","282.9","14-12-2017 13:05","-3.996","14-12-2017 07:03","563.4","14-12-2017 09:46","-0.258","14-12-2017 03:57","317.4","261.4","275.1","248","11.27","14-12-2017 07:02","0","14-12-2017 00:23","1.654","356.9","27.53","-11.92","-9.36","14-12-2017 11:24","-15.44","14-12-2017 09:21","NaN","NaN","NaN","NaN","NaN"
"789","2017-12-15 18:30:00+00","-5.922999999999999","15-12-2017 11:57","-18.64","15-12-2017 23:32","-11.18","88.6","15-12-2017 00:00","50.42","15-12-2017 10:28","74.03","122","863","15-12-2017 12:29","-2.855","15-12-2017 21:50","887","15-12-2017 12:29","-3.607","15-12-2017 23:30","315.2","240.7","288.6","217.7","10.92","15-12-2017 05:11","0","15-12-2017 00:21","2.14","347.9","27.56","-14.88","-5.7620000000000005","15-12-2017 12:29","-25.27","15-12-2017 23:55","NaN","NaN","NaN","NaN","NaN"
"790","2017-12-16 18:30:00+00","-10.48","16-12-2017 14:27","-25.61","16-12-2017 08:26","-18.55","82.8","16-12-2017 03:04","42.91","16-12-2017 14:30","189","145","1007","16-12-2017 13:04","-7.426","16-12-2017 21:48","677","16-12-2017 13:04","-6.186","16-12-2017 21:48","262.1","163.1","268.3","200","8.72","16-12-2017 22:11","0","16-12-2017 02:43","3.833","2.023","18.84","-23.97","-11.97","16-12-2017 13:37","-30.2","16-12-2017 23:57","NaN","NaN","NaN","NaN","NaN"
"791","2017-12-17 18:30:00+00","-9.63","17-12-2017 14:35","-27.47","17-12-2017 07:03","-19.16","78.43","17-12-2017 00:04","32.74","17-12-2017 13:13","153.2","141.7","717.5","17-12-2017 12:12","-8.85","17-12-2017 19:59","644.5","17-12-2017 12:22","-5.669","17-12-2017 19:59","174.3","146.1","266.5","195.3","9.19","17-12-2017 09:15","0.353","17-12-2017 19:09","5.1110000000000015","7.492000000000001","18.81","-24.18","-12.14","17-12-2017 13:13","-32.08","17-12-2017 05:13","NaN","NaN","NaN","NaN","NaN"
"792","2017-12-18 18:30:00+00","-7.917000000000002","18-12-2017 14:46","-24.19","18-12-2017 04:46","-17.23","70.95","18-12-2017 19:18","37.26","18-12-2017 13:36","151.9","139.4","802","18-12-2017 13:03","-8.57","18-12-2017 19:14","708.1","18-12-2017 13:03","-5.9289999999999985","18-12-2017 03:02","188","158.1","273.5","206.5","8.84","18-12-2017 07:09","0.274","18-12-2017 18:10","5.518","9.64","18.78","-21.99","-10.17","18-12-2017 12:49","-28.76","18-12-2017 04:45","NaN","NaN","NaN","NaN","NaN"
"793","2017-12-19 18:30:00+00","-6.8020000000000005","19-12-2017 15:00","-23.34","19-12-2017 06:30","-15.31","72.28","19-12-2017 19:54","36.07","19-12-2017 14:21","151.3","138.4","705.4","19-12-2017 12:20","-7.425","19-12-2017 01:26","628.9","19-12-2017 12:20","-5.155","19-12-2017 01:26","271.1","161.6","278.4","209.4","8.45","19-12-2017 04:09","0","19-12-2017 14:59","4.935","7.826","18.56","-19.68","-9.64","19-12-2017 13:14","-27.79","19-12-2017 06:52","NaN","NaN","NaN","NaN","NaN"
"794","2017-12-20 18:30:00+00","-1.528","20-12-2017 11:06","-11.65","20-12-2017 21:31","-7.142","90.3","20-12-2017 06:40","45.18","20-12-2017 12:51","114","97.7","904","20-12-2017 11:30","-3.995","20-12-2017 20:50","771.5","20-12-2017 11:30","-2.318","20-12-2017 20:50","280.6","209.4","296.3","254.9","12.25","20-12-2017 08:45","0","20-12-2017 00:57","3.26","4.606","16.85","-9.3","-2.971","20-12-2017 11:05","-14.91","20-12-2017 21:30","NaN","NaN","NaN","NaN","NaN"
"795","2017-12-21 18:30:00+00","-2.508","21-12-2017 11:42","-14.01","21-12-2017 23:57","-7.807","91.8","21-12-2017 03:15","32.58","21-12-2017 13:03","112.1","99.7","1027","21-12-2017 11:21","-4.567","21-12-2017 20:38","889","21-12-2017 11:21","-1.802","21-12-2017 18:15","283.6","168.9","301.5","225.6","12","21-12-2017 15:54","0","21-12-2017 00:48","3.264","295.2","15.31","-12.04","-2.24","21-12-2017 11:46","-23.53","21-12-2017 23:56","NaN","NaN","NaN","NaN","NaN"
"796","2017-12-22 18:30:00+00","-7.943","22-12-2017 14:34","-25.03","22-12-2017 22:59","-17.67","76.68","22-12-2017 03:53","36.66","22-12-2017 13:11","153.3","139","720.8","22-12-2017 12:21","-8.57","22-12-2017 23:28","632.5","22-12-2017 12:31","-4.898","22-12-2017 22:33","169.6","144.6","271.5","202.2","8.06","22-12-2017 08:57","0","22-12-2017 01:11","4.339","1.455","13.63","-23.04","-11.04","22-12-2017 12:40","-30.04","22-12-2017 21:52","NaN","NaN","NaN","NaN","NaN"
"797","2017-12-23 18:30:00+00","-4.958","23-12-2017 23:22","-26.72","23-12-2017 05:46","-16.07","62.59","23-12-2017 00:41","22.52","23-12-2017 15:24","131.8","112.7","932","23-12-2017 13:03","-8.57","23-12-2017 05:47","792.9","23-12-2017 13:03","-5.6720000000000015","23-12-2017 05:47","247.7","144.8","268.5","198.7","10.72","23-12-2017 23:21","0","23-12-2017 19:22","5.247000000000001","8.29","13.63","-20.24","-10.16","23-12-2017 13:03","-30.56","23-12-2017 06:39","NaN","NaN","NaN","NaN","NaN"
"798","2017-12-24 18:30:00+00","-5.167000000000002","24-12-2017 01:23","-13.24","24-12-2017 09:04","-9.41","90.8","24-12-2017 18:43","28.58","24-12-2017 01:12","97.6","85.2","471.3","24-12-2017 11:38","-2.854","24-12-2017 23:58","401.9","24-12-2017 11:38","-1.802","24-12-2017 01:54","284","214.6","281.4","247.1","9.11","24-12-2017 01:21","0","24-12-2017 00:11","2.257","1.3090000000000002","12.86","-11.45","-7.755","24-12-2017 14:09","-17.52","24-12-2017 07:43","NaN","NaN","NaN","NaN","NaN"
"799","2017-12-25 18:30:00+00","-10.01","25-12-2017 14:53","-23.41","25-12-2017 23:11","-16.76","83","25-12-2017 01:54","42.52","25-12-2017 19:18","156.3","143.8","737.3","25-12-2017 12:14","-7.425","25-12-2017 20:58","650.5","25-12-2017 12:40","-4.6389999999999985","25-12-2017 20:58","263.1","156.2","266.9","208.6","7.86","25-12-2017 13:09","0.039","25-12-2017 16:23","4.464","6.089","35.69","-21.45","-11.99","25-12-2017 12:31","-28","25-12-2017 22:33","NaN","NaN","NaN","NaN","NaN"
"800","2017-12-26 18:30:00+00","-5.754","26-12-2017 14:20","-24.12","26-12-2017 01:31","-14.4","66.03","26-12-2017 01:36","26.44","26-12-2017 14:19","146.3","133.9","791.4","26-12-2017 13:14","-7.999","26-12-2017 01:13","708.5","26-12-2017 13:13","-6.187","26-12-2017 01:13","250.7","155.9","276.5","207.5","9.88","26-12-2017 06:59","0","26-12-2017 14:52","5.13","7.535","32.71","-19.24","-9.33","26-12-2017 12:25","-28.76","26-12-2017 01:31","NaN","NaN","NaN","NaN","NaN"
"801","2017-12-27 18:30:00+00","-2.441","27-12-2017 11:15","-12.09","27-12-2017 22:14","-6.9620000000000015","91","27-12-2017 08:08","42.76","27-12-2017 22:11","79.26","69.77","335.9","27-12-2017 11:29","-4.851","27-12-2017 19:31","295.2","27-12-2017 11:31","-3.3480000000000003","27-12-2017 22:13","285.7","189.6","295.5","243.1","9.29","27-12-2017 04:42","0","27-12-2017 00:15","2.451","346.8","16.52","-10.3","-4.596","27-12-2017 12:43","-19.17","27-12-2017 20:02","NaN","NaN","NaN","NaN","NaN"
"802","2017-12-28 18:30:00+00","-0.797","28-12-2017 13:00","-19.49","29-12-2017 00:00","-8.02","84.4","28-12-2017 21:01","36.03","28-12-2017 14:35","114","96.8","776.4","28-12-2017 12:02","-6.566","28-12-2017 23:08","661.3","28-12-2017 12:02","-2.576","28-12-2017 23:59","264.9","169.1","309.4","224.4","8.41","28-12-2017 02:53","0","28-12-2017 00:38","2.7960000000000003","335.8","16.28","-11.73","-2.721","28-12-2017 13:00","-23.79","28-12-2017 23:59","NaN","NaN","NaN","NaN","NaN"
"803","2017-12-29 18:30:00+00","-10.75","29-12-2017 14:01","-25.64","29-12-2017 08:27","-17.83","82.4","29-12-2017 01:30","41.26","29-12-2017 14:34","153.3","139.6","715.3","29-12-2017 12:14","-8.28","29-12-2017 19:41","631.5","29-12-2017 12:27","-5.155","29-12-2017 21:53","190","149.3","264.7","203.1","7.017","29-12-2017 04:15","0.451","29-12-2017 17:19","3.757","1.104","16.05","-22.97","-11.7","29-12-2017 13:20","-29.72","29-12-2017 08:27","NaN","NaN","NaN","NaN","NaN"
"804","2017-12-30 18:30:00+00","-10.75","30-12-2017 14:27","-26.62","30-12-2017 05:38","-18.97","76.38","30-12-2017 03:08","42.81","30-12-2017 14:09","149.8","135.3","741.1","30-12-2017 13:36","-7.997999999999998","30-12-2017 23:15","649","30-12-2017 13:35","-4.383","30-12-2017 03:00","184.6","148.4","270.8","198.9","7.644","30-12-2017 06:32","0.5489999999999999","30-12-2017 23:15","4.047","0.926","15.98","-24.01","-10.86","30-12-2017 13:35","-30.95","30-12-2017 05:38","NaN","NaN","NaN","NaN","NaN"
"805","2017-12-31 18:30:00+00","-11.02","31-12-2017 14:29","-27.67","31-12-2017 06:07","-19.26","76.22","31-12-2017 06:11","36.66","31-12-2017 14:58","145.5","130.6","793.6","31-12-2017 12:00","-7.713999999999999","31-12-2017 01:40","688.8","31-12-2017 12:51","-4.383","31-12-2017 03:25","197.4","145","264.4","196","6.8210000000000015","31-12-2017 04:48","0","31-12-2017 15:17","3.864","0.008","15.89","-24.09","-11.61","31-12-2017 12:53","-31.73","31-12-2017 08:50","NaN","NaN","NaN","NaN","NaN"
"806","2018-01-31 18:30:00+00","-6.937","01-01-2018 13:02","-25.17","01-01-2018 22:44","-16.34","72.81","01-01-2018 22:49","36.51","01-01-2018 13:03","117.7","101.1","832","01-01-2018 12:12","-7.996","01-01-2018 20:02","705.4","01-01-2018 12:12","-4.6389999999999985","01-01-2018 20:02","237.5","148.3","277.4","205","6.448","01-01-2018 02:26","0","01-01-2018 12:56","3.0660000000000003","358.4","15.87","-20.23","-6.852","01-01-2018 12:16","-29.36","01-01-2018 22:43","NaN","NaN","NaN","NaN","NaN"
"807","2018-02-28 18:30:00+00","-11.86","02-01-2018 15:10","-30","02-01-2018 08:21","-20.72","74.58","02-01-2018 00:17","36.76","02-01-2018 14:19","155.2","139.1","724.5","02-01-2018 12:26","-8.57","02-01-2018 01:37","631.1","02-01-2018 12:37","-4.897","02-01-2018 20:53","164.7","138.7","260.4","190.5","8.21","02-01-2018 23:30","0","02-01-2018 15:33","3.932","358.8","15.78","-25.81","-12.75","02-01-2018 13:19","-33.67","02-01-2018 08:21","NaN","NaN","NaN","NaN","NaN"
"808","2018-03-31 18:30:00+00","-9.1","03-01-2018 14:54","-26.45","03-01-2018 01:29","-18.43","66.8","03-01-2018 03:00","32.6","03-01-2018 13:33","155.1","139","726.6","03-01-2018 12:19","-8.57","03-01-2018 21:56","630.7","03-01-2018 12:28","-4.896","03-01-2018 21:13","174.9","146.7","269.8","201.4","9.7","03-01-2018 08:17","0","03-01-2018 16:19","4.82","6.652","15.6","-23.37","-10.72","03-01-2018 13:32","-30.51","03-01-2018 00:59","NaN","NaN","NaN","NaN","NaN"
"809","2018-04-30 18:30:00+00","-7.204","04-01-2018 14:13","-25.64","04-01-2018 06:24","-15.2","88.5","04-01-2018 22:17","37.19","04-01-2018 14:18","140.3","122.3","809","04-01-2018 13:08","-7.713999999999999","04-01-2018 06:13","696.8","04-01-2018 13:08","-6.186","04-01-2018 02:02","265.5","152.4","284.6","203.7","11.64","04-01-2018 22:51","0","04-01-2018 13:51","4.134","6.586","15.44","-18.28","-7.391","04-01-2018 13:07","-29.55","04-01-2018 06:38","NaN","NaN","NaN","NaN","NaN"
"810","2018-05-31 18:30:00+00","-10.24","05-01-2018 15:54","-22.97","05-01-2018 09:28","-13.55","87.6","05-01-2018 00:19","55.06","05-01-2018 15:39","145.6","127.4","781.7","05-01-2018 13:42","-6.85","05-01-2018 21:38","667.4","05-01-2018 13:42","-2.576","05-01-2018 21:39","259.7","151.3","269","210.3","11.27","05-01-2018 18:33","0","05-01-2018 06:19","4.92","118.1","15.4","-15.92","-9.4","05-01-2018 12:37","-27.91","05-01-2018 09:27","NaN","NaN","NaN","NaN","NaN"
"811","2018-06-30 18:30:00+00","-10.1","06-01-2018 14:31","-27.94","06-01-2018 06:43","-20.11","81.8","06-01-2018 00:51","39.5","06-01-2018 14:19","162.8","141.5","737.7","06-01-2018 12:23","-7.999","06-01-2018 22:52","636.9","06-01-2018 12:11","-4.125","06-01-2018 22:52","161.8","136.5","266.9","195.8","8.96","06-01-2018 06:56","0","06-01-2018 00:15","3.269","358.5","15.4","-25.21","-10.98","06-01-2018 13:44","-32.23","06-01-2018 07:39","NaN","NaN","NaN","NaN","NaN"
"812","2018-07-31 18:30:00+00","-9.29","07-01-2018 14:27","-29.23","07-01-2018 08:25","-20.5","66.11","07-01-2018 00:14","26.92","07-01-2018 14:28","160","142.4","743.8","07-01-2018 12:30","-8.86","07-01-2018 02:28","643.4","07-01-2018 12:41","-4.901","07-01-2018 05:32","162.6","132.2","262","191.4","8.82","07-01-2018 06:19","0","07-01-2018 03:26","4.317","5.25","15.44","-25.74","-12.23","07-01-2018 14:26","-33.74","07-01-2018 08:25","NaN","NaN","NaN","NaN","NaN"
"813","2018-08-31 18:30:00+00","-6.43","08-01-2018 15:32","-26.69","08-01-2018 05:49","-17.34","62.22","08-01-2018 05:54","27.45","08-01-2018 15:33","159.9","142","742.5","08-01-2018 12:20","-8.57","08-01-2018 04:51","639.7","08-01-2018 12:34","-5.672999999999999","08-01-2018 04:51","171.6","141.5","278.7","196.7","8.11","08-01-2018 11:19","0","08-01-2018 09:51","3.5810000000000004","0.645","15.19","-23.35","-8.04","08-01-2018 13:40","-31.49","08-01-2018 08:27","NaN","NaN","NaN","NaN","NaN"
"814","2018-09-30 18:30:00+00","-4.976","09-01-2018 14:50","-25.81","09-01-2018 07:50","-16.16","57.78","09-01-2018 07:52","26.77","09-01-2018 14:51","160.8","142.1","740.8","09-01-2018 12:17","-7.995","09-01-2018 22:15","635.5","09-01-2018 12:40","-4.6389999999999985","09-01-2018 01:01","173.9","141","280.6","200.8","8.94","09-01-2018 07:51","0","09-01-2018 00:01","3.603","0.078","14.68","-22.61","-7.505","09-01-2018 12:54","-30.84","09-01-2018 08:39","NaN","NaN","NaN","NaN","NaN"
"815","2018-10-31 18:30:00+00","-4.435","10-01-2018 14:29","-24.69","10-01-2018 03:18","-14.29","56.57","10-01-2018 22:25","24.42","10-01-2018 12:14","137.9","118.2","918","10-01-2018 12:32","-8.57","10-01-2018 03:18","743.6","10-01-2018 12:32","-6.444","10-01-2018 03:18","215.4","142.9","275.7","203.3","9.27","10-01-2018 11:10","0","10-01-2018 00:09","3.828","357.6","13.87","-20.29","-7.644","10-01-2018 14:31","-29.77","10-01-2018 05:02","NaN","NaN","NaN","NaN","NaN"
"816","2018-11-30 18:30:00+00","-3.387","11-01-2018 14:58","-16.31","11-01-2018 00:31","-8.79","61.47","11-01-2018 17:41","30.46","11-01-2018 12:18","87.3","71.47","351.6","11-01-2018 09:54","-6.2810000000000015","11-01-2018 00:00","281.6","11-01-2018 12:21","-3.607","11-01-2018 00:00","261.4","191.9","282.4","236","8.08","11-01-2018 08:10","0","11-01-2018 05:04","3.014","355.3","14.33","-13.1","-7.88","11-01-2018 12:31","-20.41","11-01-2018 00:00","NaN","NaN","NaN","NaN","NaN"
"817","2018-01-12 18:30:00+00","0.588","12-01-2018 12:44","-19.46","12-01-2018 21:08","-7.3279999999999985","58.37","12-01-2018 07:23","12.91","12-01-2018 14:59","93.5","75.94","418.6","12-01-2018 12:14","-11.41","12-01-2018 19:41","329.1","12-01-2018 12:14","-6.181","12-01-2018 19:43","255","151.7","291.6","216.7","11.68","12-01-2018 13:52","0","12-01-2018 02:14","3.119","339.5","14.73","-13.47","-5.676","12-01-2018 12:21","-26.03","12-01-2018 23:52","NaN","NaN","NaN","NaN","NaN"
"818","2018-01-13 18:30:00+00","-5.9910000000000005","13-01-2018 15:14","-26.28","13-01-2018 06:32","-16.55","62.04","13-01-2018 03:09","21.57","13-01-2018 14:12","164.1","140.9","754.5","13-01-2018 12:18","-9.43","13-01-2018 06:31","626.3","13-01-2018 12:20","-5.93","13-01-2018 06:31","177.8","141","278","199.9","9.09","13-01-2018 08:57","0","13-01-2018 15:13","4.72","5.007","14.64","-21.9","-8.6","13-01-2018 13:07","-30.18","13-01-2018 06:52","NaN","NaN","NaN","NaN","NaN"
"819","2018-01-14 18:30:00+00","-1.507","14-01-2018 15:35","-23.71","14-01-2018 07:43","-12.12","60.82","14-01-2018 06:07","14.74","14-01-2018 20:33","163.8","141.1","753.7","14-01-2018 12:32","-8.85","14-01-2018 05:37","627.2","14-01-2018 12:31","-5.155","14-01-2018 05:37","206.2","150.6","289.6","208.1","14.43","14-01-2018 21:57","0","14-01-2018 12:57","4.5539999999999985","348.8","14.25","-18.27","-6.042999999999998","14-01-2018 12:58","-28.21","14-01-2018 07:18","NaN","NaN","NaN","NaN","NaN"
"820","2018-01-15 18:30:00+00","-4.976","15-01-2018 15:05","-24.39","15-01-2018 06:53","-14.65","63.59","15-01-2018 06:54","21.43","15-01-2018 14:24","165.3","140.9","759.1","15-01-2018 12:27","-8.57","15-01-2018 03:06","625.8","15-01-2018 12:32","-6.184","15-01-2018 03:08","176.6","145.1","280.2","207.1","9.33","15-01-2018 02:46","0","15-01-2018 00:09","4.077","358.8","14.9","-20.41","-8.09","15-01-2018 12:54","-28.28","15-01-2018 08:02","NaN","NaN","NaN","NaN","NaN"
"821","2018-01-16 18:30:00+00","-2.277","16-01-2018 14:22","-23.14","16-01-2018 06:12","-14.19","59.19","16-01-2018 06:14","26.44","16-01-2018 16:27","165.5","141","759.4","16-01-2018 12:22","-8.28","16-01-2018 00:38","624.1","16-01-2018 12:21","-5.669","16-01-2018 00:38","184.3","145.9","294.3","207.3","9.19","16-01-2018 02:59","0","16-01-2018 04:26","3.692","359.9","14.59","-20.03","-5.032","16-01-2018 13:53","-27.89","16-01-2018 08:16","NaN","NaN","NaN","NaN","NaN"
"822","2018-01-17 18:30:00+00","-1.196","17-01-2018 13:16","-19.21","17-01-2018 08:21","-10.7","55.49","17-01-2018 23:48","9.03","17-01-2018 12:17","179.6","146","945","17-01-2018 13:58","-7.423999999999999","17-01-2018 02:43","744.7","17-01-2018 13:58","-3.092","17-01-2018 02:43","231.7","156","297.5","215.1","16.78","17-01-2018 12:51","0","17-01-2018 02:02","3.783","345.9","14.72","-16.65","-4.037","17-01-2018 13:16","-26.62","17-01-2018 06:56","NaN","NaN","NaN","NaN","NaN"
"823","2018-01-18 18:30:00+00","-0.86","18-01-2018 15:05","-19.22","18-01-2018 22:46","-12.25","62.14","18-01-2018 04:23","24.2","18-01-2018 13:29","147.7","119.2","1110","18-01-2018 14:07","-7.423999999999999","18-01-2018 22:45","875","18-01-2018 14:07","-3.35","18-01-2018 22:46","231.1","161.9","300.3","222.5","7.624","18-01-2018 23:18","0","18-01-2018 00:06","3.181","359.8","14.05","-17.29","-2.16","18-01-2018 13:42","-24.22","18-01-2018 04:46","NaN","NaN","NaN","NaN","NaN"
"824","2018-01-19 18:30:00+00","1.244","19-01-2018 13:38","-22.12","19-01-2018 06:09","-12.5","60.66","19-01-2018 01:58","12.98","19-01-2018 15:25","167.1","139.3","760.6","19-01-2018 12:37","-8.56","19-01-2018 18:14","612.5","19-01-2018 12:40","-3.093","19-01-2018 02:39","204.8","154.8","312.1","214.1","14.05","19-01-2018 14:15","0","19-01-2018 00:53","3.927","349.8","14.1","-18.45","-1.52","19-01-2018 13:39","-26.34","19-01-2018 06:31","NaN","NaN","NaN","NaN","NaN"
"825","2018-01-20 18:30:00+00","-5.6179999999999986","20-01-2018 13:35","-25.37","20-01-2018 06:58","-15.64","66.58","20-01-2018 03:56","21.06","20-01-2018 13:39","172","142.2","777.3","20-01-2018 12:21","-9.14","20-01-2018 00:37","618.7","20-01-2018 12:57","-4.641","20-01-2018 05:15","178","145","286.3","204","7.957999999999998","20-01-2018 11:47","0.6659999999999999","20-01-2018 18:33","4.771","7.119","13.46","-20.5","-7.207000000000002","20-01-2018 13:35","-28.87","20-01-2018 06:57","NaN","NaN","NaN","NaN","NaN"
"826","2018-01-21 18:30:00+00","-3.967","21-01-2018 14:56","-24.15","21-01-2018 07:02","-14.56","62.72","21-01-2018 02:52","20.79","21-01-2018 14:34","172.8","142.8","782.9","21-01-2018 12:30","-8.28","21-01-2018 00:18","622.1","21-01-2018 12:30","-4.897","21-01-2018 02:49","184.8","148.3","288.5","209","8.43","21-01-2018 08:59","0","21-01-2018 15:40","4.823","7.536","12.99","-19.63","-6.671","21-01-2018 13:56","-27.42","21-01-2018 07:01","NaN","NaN","NaN","NaN","NaN"
"827","2018-01-22 18:30:00+00","-1.068","22-01-2018 15:17","-21.18","22-01-2018 06:57","-12.5","62.2","22-01-2018 23:15","22.04","22-01-2018 14:01","172.2","141.9","778.6","22-01-2018 12:35","-7.996","22-01-2018 03:03","621.5","22-01-2018 12:44","-4.6389999999999985","22-01-2018 06:20","192.1","154.8","298.2","218.2","9.31","22-01-2018 08:22","0","22-01-2018 13:24","4.284","3.923","12.98","-17.96","-3.401","22-01-2018 13:24","-25.47","22-01-2018 04:47","NaN","NaN","NaN","NaN","NaN"
"828","2018-01-23 18:30:00+00","-5.849","23-01-2018 14:52","-21.92","23-01-2018 07:35","-12.72","91.2","23-01-2018 22:29","41.46","23-01-2018 13:57","91.7","72.22","690","23-01-2018 12:54","-6.283","23-01-2018 04:22","527.9","23-01-2018 12:54","-2.577","23-01-2018 04:22","269.8","155.1","276.8","214.9","10.8","23-01-2018 15:38","0","23-01-2018 01:20","4.103","46.87","13.04","-16.23","-9.06","23-01-2018 15:05","-26.29","23-01-2018 06:34","NaN","NaN","NaN","NaN","NaN"
"829","2018-01-24 18:30:00+00","-2.817","24-01-2018 13:59","-22.36","24-01-2018 07:39","-13.56","91","24-01-2018 00:07","31.71","24-01-2018 14:01","171","146.8","763.6","24-01-2018 12:20","-7.423999999999999","24-01-2018 21:40","634","24-01-2018 12:20","-4.638","24-01-2018 21:40","255.9","160.8","294.2","216.7","7.585","24-01-2018 00:16","0","24-01-2018 02:06","2.999","1.15","12.73","-17.56","-3.98","24-01-2018 13:39","-25.59","24-01-2018 08:04","NaN","NaN","NaN","NaN","NaN"
"830","2018-01-25 18:30:00+00","-5.044","25-01-2018 14:59","-26.38","25-01-2018 07:34","-14.51","70.98","25-01-2018 04:28","23.94","25-01-2018 14:55","165.7","139.5","802","25-01-2018 13:24","-7.999","25-01-2018 04:42","661.7","25-01-2018 13:24","-4.6389999999999985","25-01-2018 00:46","240.7","146.8","281.4","202.1","12.31","25-01-2018 15:27","0","25-01-2018 13:17","4.394","0.06","13.02","-18.96","-6.577000000000001","25-01-2018 13:17","-30.09","25-01-2018 07:36","NaN","NaN","NaN","NaN","NaN"
"831","2018-01-26 18:30:00+00","-6.971","26-01-2018 15:05","-22.63","26-01-2018 08:33","-13.86","73.43","26-01-2018 05:22","33.2","26-01-2018 15:05","178","148.9","788.2","26-01-2018 12:27","-8.56","26-01-2018 21:48","640.9","26-01-2018 12:43","-4.636","26-01-2018 21:46","235.3","149.4","289.7","207.1","11.86","26-01-2018 21:09","0","26-01-2018 01:36","2.853","8.12","13.57","-18.25","-5.73","26-01-2018 13:13","-28.3","26-01-2018 08:59","NaN","NaN","NaN","NaN","NaN"
"832","2018-01-27 18:30:00+00","-5.1389999999999985","27-01-2018 14:13","-25.17","27-01-2018 07:34","-14.64","79.38","27-01-2018 03:55","21.91","27-01-2018 14:13","181.6","150.6","862","27-01-2018 11:56","-7.421","27-01-2018 22:48","688.6","27-01-2018 11:55","-3.093","27-01-2018 03:49","187.3","143","280.4","202.8","16.97","27-01-2018 14:27","0","27-01-2018 00:51","5.099","21.12","13.38","-19.36","-7.961","27-01-2018 12:59","-29.58","27-01-2018 06:13","NaN","NaN","NaN","NaN","NaN"
"833","2018-01-28 18:30:00+00","-3.4210000000000003","28-01-2018 15:00","-24.9","28-01-2018 07:54","-14.17","74.43","28-01-2018 03:56","19.88","28-01-2018 15:00","176.7","144.9","844","28-01-2018 13:24","-9.13","28-01-2018 20:26","672.2","28-01-2018 13:24","-4.12","28-01-2018 20:27","184.1","147.1","286.6","203.9","14.35","28-01-2018 18:41","0","28-01-2018 00:03","3.692","359.8","13.08","-19.27","-5.17","28-01-2018 12:00","-29","28-01-2018 07:56","NaN","NaN","NaN","NaN","NaN"
"834","2018-01-29 18:30:00+00","-3.894","29-01-2018 12:47","-23.91","29-01-2018 09:02","-14.57","69.81","29-01-2018 02:12","25.49","29-01-2018 12:46","177.5","143.4","860","29-01-2018 11:58","-7.426","29-01-2018 06:33","667","29-01-2018 11:58","-3.609","29-01-2018 06:33","192.3","149.5","293.8","209.3","8.82","29-01-2018 14:37","0","29-01-2018 00:11","3.364","5.0939999999999985","13.78","-19.55","-3.212","29-01-2018 12:44","-27.85","29-01-2018 06:31","NaN","NaN","NaN","NaN","NaN"
"835","2018-01-30 18:30:00+00","-1.338","30-01-2018 14:52","-20.26","30-01-2018 00:34","-11.42","69.8","30-01-2018 07:17","35.82","30-01-2018 16:06","183.3","147.4","789.7","30-01-2018 12:39","-6.85","30-01-2018 22:00","618","30-01-2018 12:34","-3.607","30-01-2018 03:43","210.2","166.5","306.1","220.9","13.66","30-01-2018 14:02","0","30-01-2018 11:56","4.524","6.377000000000002","13.96","-15.77","-1.482","30-01-2018 12:38","-24.26","30-01-2018 08:45","NaN","NaN","NaN","NaN","NaN"
"836","2018-01-01 18:30:00+00","2.884","31-01-2018 14:09","-17.6","31-01-2018 02:31","-6.601","61.86","31-01-2018 02:31","8.38","31-01-2018 15:41","135","103.6","781","31-01-2018 11:39","-6.851","31-01-2018 02:01","588.7","31-01-2018 11:39","-3.091","31-01-2018 02:01","268.5","169.2","300.9","231.2","15.15","31-01-2018 14:55","0","31-01-2018 05:55","3.903","345","14.03","-11.54","-2.125","31-01-2018 12:20","-21.62","31-01-2018 02:28","NaN","NaN","NaN","NaN","NaN"
"837","2018-02-01 18:30:00+00","-1.034","01-02-2018 14:37","-16.85","01-02-2018 23:41","-6.857","65.31","01-02-2018 23:03","15.55","01-02-2018 12:30","190.1","146.7","832","01-02-2018 12:29","-7.416","01-02-2018 18:25","617.4","01-02-2018 12:50","-2.574","01-02-2018 05:55","249","164.9","301.1","228.5","13.86","01-02-2018 13:13","0","01-02-2018 05:13","4.95","232.4","13.57","-12.62","-2.708","01-02-2018 12:18","-22.08","01-02-2018 23:50","NaN","NaN","NaN","NaN","NaN"
"838","2018-03-01 18:30:00+00","-1.1909999999999998","02-02-2018 13:54","-23.51","02-02-2018 06:45","-11.76","71.09","02-02-2018 03:18","13.72","02-02-2018 14:05","193.1","147.1","823","02-02-2018 12:31","-8.28","02-02-2018 03:09","612.7","02-02-2018 12:45","-4.382","02-02-2018 06:45","268.4","148.6","300.4","211","16.19","02-02-2018 17:18","0","02-02-2018 11:59","4.332","358.7","13.11","-15.44","-2.314","02-02-2018 13:54","-26.96","02-02-2018 06:59","NaN","NaN","NaN","NaN","NaN"
"839","2018-04-01 18:30:00+00","-4.097","03-02-2018 12:54","-19.72","03-02-2018 22:43","-10.29","64.56","03-02-2018 00:08","13.66","03-02-2018 13:02","172.6","129.3","957","03-02-2018 12:59","-7.987999999999999","03-02-2018 18:17","695","03-02-2018 12:59","-2.319","03-02-2018 22:43","237.5","154.8","294.9","219.8","18.93","03-02-2018 13:11","0","03-02-2018 00:03","4.154","294","10.07","-15.78","-3.913","03-02-2018 11:37","-25.02","03-02-2018 09:08","NaN","NaN","NaN","NaN","NaN"
"840","2018-05-01 18:30:00+00","-5.8889999999999985","04-02-2018 14:55","-25.87","04-02-2018 08:39","-15.07","70.5","04-02-2018 03:47","22.73","04-02-2018 13:06","178.3","132.8","948","04-02-2018 12:53","-7.713999999999999","04-02-2018 04:49","693.5","04-02-2018 12:53","-3.868","04-02-2018 04:49","237.8","137.8","286.5","201.7","7.154","04-02-2018 07:19","0","04-02-2018 14:55","3.394","7.563","8.04","-18.55","-6.492000000000001","04-02-2018 13:54","-29.82","04-02-2018 08:38","NaN","NaN","NaN","NaN","NaN"
"841","2018-06-01 18:30:00+00","-2.813","05-02-2018 11:27","-11.62","05-02-2018 00:08","-6.926","84.9","05-02-2018 22:42","12.04","05-02-2018 12:31","112.4","81.7","483.7","05-02-2018 11:48","-3.994","05-02-2018 06:45","344.4","05-02-2018 11:48","-1.288","05-02-2018 03:19","269","208.9","287.8","255.4","12.86","05-02-2018 16:22","0","05-02-2018 00:02","3.073","280.8","7.418","-10.86","-6.007999999999999","05-02-2018 11:27","-15.14","05-02-2018 07:04","NaN","NaN","NaN","NaN","NaN"
"842","2018-07-01 18:30:00+00","-4.841","06-02-2018 11:45","-20.6","06-02-2018 22:26","-9.65","88.7","06-02-2018 00:53","31.98","06-02-2018 12:21","125.2","99.6","1082","06-02-2018 11:17","-6.852","06-02-2018 22:03","838","06-02-2018 11:17","-2.319","06-02-2018 23:09","271.2","159.4","290.2","220.5","12.6","06-02-2018 10:21","0","06-02-2018 00:09","3.73","259.9","8.06","-11.48","-4.227","06-02-2018 11:06","-24.74","06-02-2018 23:44","NaN","NaN","NaN","NaN","NaN"
"843","2018-08-01 18:30:00+00","-6.6960000000000015","07-02-2018 15:52","-24.63","07-02-2018 04:14","-13.95","84.6","07-02-2018 22:23","42.53","07-02-2018 10:48","130.6","103.3","724.1","07-02-2018 13:16","-6.856","07-02-2018 03:03","564.4","07-02-2018 13:16","-3.094","07-02-2018 04:14","264.8","150.9","279.3","206.4","8.43","07-02-2018 17:27","0","07-02-2018 09:21","4.1610000000000005","17.29","7.619","-16.11","-7.63","07-02-2018 14:00","-28.63","07-02-2018 03:35","NaN","NaN","NaN","NaN","NaN"
"844","2018-09-01 18:30:00+00","-5.8889999999999985","08-02-2018 12:41","-20.4","08-02-2018 08:07","-11.87","86.7","08-02-2018 02:18","39.32","08-02-2018 13:48","167.6","136.4","1009","08-02-2018 12:38","-5.136","08-02-2018 19:18","804","08-02-2018 12:38","-1.288","08-02-2018 20:47","265.1","154.9","288.9","216.1","10.15","08-02-2018 14:28","0","08-02-2018 02:29","2.872","358.6","7.561","-14.72","-2.604","08-02-2018 12:40","-26.01","08-02-2018 08:46","NaN","NaN","NaN","NaN","NaN"
"845","2018-10-01 18:30:00+00","-4.912","09-02-2018 15:01","-24.9","09-02-2018 08:18","-15.41","84.6","09-02-2018 03:35","31.78","09-02-2018 15:58","198.1","155.6","853","09-02-2018 12:38","-8.28","09-02-2018 23:50","672.7","09-02-2018 12:43","-4.123","09-02-2018 23:49","205.9","153.2","288.5","211.4","6.899","09-02-2018 08:40","0","09-02-2018 00:01","2.772","4.794","7.83","-19.18","-3.488","09-02-2018 13:04","-28.39","09-02-2018 08:18","NaN","NaN","NaN","NaN","NaN"
"846","2018-11-01 18:30:00+00","-6.937","10-02-2018 14:44","-25.84","10-02-2018 07:04","-15.05","86.9","10-02-2018 17:04","33.87","10-02-2018 13:55","154.5","120.2","813","10-02-2018 11:05","-6.2860000000000005","10-02-2018 05:31","631.7","10-02-2018 10:39","-3.609","10-02-2018 04:23","268","148.9","281.2","206.4","8.8","10-02-2018 16:50","0","10-02-2018 14:21","3.811","15.38","7.909","-17.16","-6.0870000000000015","10-02-2018 13:53","-28.9","10-02-2018 07:01","NaN","NaN","NaN","NaN","NaN"
"847","2018-12-01 18:30:00+00","-7.039","11-02-2018 14:57","-21.11","11-02-2018 06:57","-12.67","83.8","11-02-2018 02:53","33","11-02-2018 14:48","179.3","146.7","803","11-02-2018 11:00","-6.854","11-02-2018 06:12","652.2","11-02-2018 11:00","-2.577","11-02-2018 05:38","259.3","168.6","277.9","215.6","7.252000000000002","11-02-2018 08:43","0","11-02-2018 00:01","2.5610000000000004","8.09","8.13","-15.45","-7.7570000000000014","11-02-2018 13:44","-26.15","11-02-2018 06:55","NaN","NaN","NaN","NaN","NaN"
"848","2018-02-12 18:30:00+00","-5.747999999999998","12-02-2018 14:07","-11.45","12-02-2018 01:53","-9.18","89.4","12-02-2018 07:57","27.83","12-02-2018 20:52","64.16","60.51","406.8","12-02-2018 13:37","-2.853","12-02-2018 21:36","370.7","12-02-2018 13:36","-1.288","12-02-2018 22:35","282.6","233.6","277.6","260.8","12.29","12-02-2018 15:17","0","12-02-2018 00:01","3.107","154.1","12.65","-11.07","-8.03","12-02-2018 13:34","-13.62","12-02-2018 21:14","NaN","NaN","NaN","NaN","NaN"
"849","2018-02-13 18:30:00+00","-8.12","13-02-2018 13:01","-22.87","13-02-2018 23:04","-12.17","89.4","13-02-2018 02:11","58.97","13-02-2018 13:01","164.6","147.9","1114","13-02-2018 13:25","-6.283","13-02-2018 23:04","951","13-02-2018 13:25","-3.866","13-02-2018 23:04","283.9","156.4","280.7","208.3","10.6","13-02-2018 02:28","0","13-02-2018 01:21","3.528","123.4","19.01","-14.1","-7.0139999999999985","13-02-2018 14:00","-28.47","14-02-2018 00:00","NaN","NaN","NaN","NaN","NaN"
"850","2018-02-14 18:30:00+00","-9.03","14-02-2018 15:45","-27.91","14-02-2018 06:33","-18.56","77.04","14-02-2018 01:44","36.04","14-02-2018 15:36","224","198.5","909","14-02-2018 12:32","-7.428","14-02-2018 02:40","785.4","14-02-2018 12:41","-4.126","14-02-2018 04:16","221.1","147.4","271.1","196.9","9.31","14-02-2018 09:10","0.529","14-02-2018 16:28","5.57","11.54","14.94","-22.3","-9.95","14-02-2018 13:01","-31.5","14-02-2018 06:32","NaN","NaN","NaN","NaN","NaN"
"851","2018-02-15 18:30:00+00","-3.972","15-02-2018 13:36","-20.81","15-02-2018 05:03","-12.08","89.7","15-02-2018 23:57","37.93","15-02-2018 11:49","177.7","151.7","1245","15-02-2018 13:33","-6.854","15-02-2018 05:03","1034","15-02-2018 13:33","-4.123","15-02-2018 06:20","278.3","171.6","296.1","220.2","9","15-02-2018 08:37","0","15-02-2018 13:59","4.145","8.84","14.33","-14.54","-1.928","15-02-2018 13:36","-24.87","15-02-2018 06:01","NaN","NaN","NaN","NaN","NaN"
"852","2018-02-16 18:30:00+00","-1.775","16-02-2018 12:55","-17.77","16-02-2018 08:31","-9.79","91.2","16-02-2018 02:36","42.45","16-02-2018 12:56","170.2","145.3","1012","16-02-2018 10:57","-7.135","16-02-2018 04:59","850","16-02-2018 10:57","-3.606","16-02-2018 04:59","281.9","182.1","302.9","232.6","7.35","16-02-2018 10:16","0","16-02-2018 00:22","2.712","2.943","18.07","-12.75","-2.959","16-02-2018 13:02","-22.04","16-02-2018 06:52","NaN","NaN","NaN","NaN","NaN"
"853","2018-02-17 18:30:00+00","-3.895","17-02-2018 15:00","-20.3","17-02-2018 08:12","-12.54","71.79","17-02-2018 00:08","34.21","17-02-2018 13:23","225.3","193.5","920","17-02-2018 12:42","-6.849","17-02-2018 18:52","775","17-02-2018 12:28","-2.576","17-02-2018 19:07","223.3","156.5","284.5","213.6","7.174","17-02-2018 09:20","0","17-02-2018 00:22","2.6830000000000003","356.8","14.52","-18.07","-4.809","17-02-2018 12:52","-26.93","17-02-2018 07:47","NaN","NaN","NaN","NaN","NaN"
"854","2018-02-18 18:30:00+00","-1.46","18-02-2018 14:25","-25.5","18-02-2018 06:40","-15.58","76.02","18-02-2018 03:12","20.01","18-02-2018 14:26","232.3","196","926","18-02-2018 12:18","-7.4289999999999985","18-02-2018 04:23","763.7","18-02-2018 12:47","-4.899","18-02-2018 04:23","183.7","144.3","287.3","200.7","9.6","18-02-2018 08:16","0","18-02-2018 14:03","3.828","4.477","15.23","-20.69","-3.961","18-02-2018 14:27","-30.31","18-02-2018 06:40","NaN","NaN","NaN","NaN","NaN"
"855","2018-02-19 18:30:00+00","0.825","19-02-2018 15:53","-23","19-02-2018 03:53","-13.76","75.9","19-02-2018 02:39","24.06","19-02-2018 15:53","236.7","197.1","951","19-02-2018 12:36","-8.56","19-02-2018 22:56","771.4","19-02-2018 12:36","-4.895","19-02-2018 22:57","201.4","150.7","296.9","211","11.47","19-02-2018 08:14","0","19-02-2018 00:28","4.328","5.631","14.84","-19.09","-6.466","19-02-2018 13:48","-27.68","19-02-2018 02:34","NaN","NaN","NaN","NaN","NaN"
"856","2018-02-20 18:30:00+00","0.8109999999999999","20-02-2018 15:43","-23.51","20-02-2018 06:16","-13.12","69.41","20-02-2018 23:27","24.63","20-02-2018 15:44","228.3","189.8","932","20-02-2018 12:38","-8.57","20-02-2018 02:35","755.5","20-02-2018 12:38","-5.928","20-02-2018 06:15","229","158.1","301.8","210.1","9.31","20-02-2018 08:31","0","20-02-2018 14:13","3.898","6.167999999999998","14.74","-18.34","-2.329","20-02-2018 14:17","-27.9","20-02-2018 04:24","NaN","NaN","NaN","NaN","NaN"
"857","2018-02-21 18:30:00+00","-1.836","21-02-2018 12:55","-21.99","21-02-2018 07:51","-11.33","91.1","21-02-2018 17:46","32.32","21-02-2018 12:56","211.2","173.4","1211","21-02-2018 12:00","-8.57","21-02-2018 06:40","962","21-02-2018 12:00","-4.6389999999999985","21-02-2018 06:40","281.2","168.5","306.4","215.8","12.09","21-02-2018 16:42","0","21-02-2018 15:13","4.008","17.8","14.45","-14.04","1.104","21-02-2018 12:55","-25.89","21-02-2018 07:46","NaN","NaN","NaN","NaN","NaN"
"858","2018-02-22 18:30:00+00","-0.382","22-02-2018 14:02","-21.65","22-02-2018 08:26","-10.53","91.4","22-02-2018 20:46","29.81","22-02-2018 14:03","204.7","165.5","1241","22-02-2018 12:25","-6.28","22-02-2018 05:47","1001","22-02-2018 12:25","-3.349","22-02-2018 05:47","267.3","163.6","294","230.9","10.33","22-02-2018 16:23","0","22-02-2018 00:01","3.244","8.59","14.15","-13.57","-1.46","22-02-2018 13:59","-25.2","22-02-2018 08:25","NaN","NaN","NaN","NaN","NaN"
"859","2018-02-23 18:30:00+00","0.96","23-02-2018 14:09","-20.64","23-02-2018 07:26","-10.26","89.2","23-02-2018 03:16","29.94","23-02-2018 14:14","241.6","200","989","23-02-2018 13:52","-6.28","23-02-2018 06:36","810","23-02-2018 13:52","-3.091","23-02-2018 21:21","260.8","162.2","302.3","217.2","6.331","23-02-2018 07:17","0","23-02-2018 01:21","2.7110000000000003","6.2360000000000015","14.28","-13.66","-0.004","23-02-2018 14:25","-25.45","23-02-2018 08:33","NaN","NaN","NaN","NaN","NaN"
"860","2018-02-24 18:30:00+00","-2.38","24-02-2018 11:22","-12.4","24-02-2018 00:58","-7.48","94.5","24-02-2018 21:10","55.99","24-02-2018 02:56","98.9","104.2","517.2","24-02-2018 11:53","-3.425","24-02-2018 00:57","472.4","24-02-2018 12:26","-1.803","24-02-2018 00:59","317.9","220.9","290.9","252.6","9.07","24-02-2018 21:43","0","24-02-2018 00:37","2.717","37.93","23.31","-8.7","-4.641","24-02-2018 11:46","-15.74","24-02-2018 01:44","NaN","NaN","NaN","NaN","NaN"
"861","2018-02-25 18:30:00+00","7.065","25-02-2018 12:33","-19.01","25-02-2018 23:18","-7.473","93.9","25-02-2018 05:24","33.25","25-02-2018 12:34","258.3","220","1357","25-02-2018 11:27","-8.56","25-02-2018 22:02","1104","25-02-2018 11:27","-4.637","25-02-2018 22:02","308.9","157.1","333.5","223.3","8.55","25-02-2018 23:40","0","25-02-2018 09:29","3.399","106.4","23.71","-9.97","2.255","25-02-2018 12:37","-23.87","25-02-2018 23:27","NaN","NaN","NaN","NaN","NaN"
"862","2018-02-26 18:30:00+00","-1.406","26-02-2018 15:35","-21.78","26-02-2018 05:58","-11.8","76.02","26-02-2018 23:20","23.35","26-02-2018 13:52","239.4","202.2","1173","26-02-2018 11:41","-7.425","26-02-2018 02:06","965","26-02-2018 11:41","-5.666","26-02-2018 23:15","220.2","166.3","298.4","217","8.84","26-02-2018 07:16","0","26-02-2018 17:18","5.069","10.98","21.3","-16.46","-2.894","26-02-2018 13:30","-25.75","26-02-2018 05:57","NaN","NaN","NaN","NaN","NaN"
"863","2018-02-27 18:30:00+00","5.769","27-02-2018 12:31","-15.43","27-02-2018 00:33","-6.05","94.7","27-02-2018 20:01","35.39","27-02-2018 13:31","195.3","165.6","1122","27-02-2018 12:31","-6.277","27-02-2018 22:17","917","27-02-2018 12:31","-3.607","27-02-2018 00:33","293.2","191.8","334.8","241.5","12.74","27-02-2018 13:55","0","27-02-2018 05:49","2.943","357.1","21.76","-8.12","3.201","27-02-2018 12:31","-18.89","27-02-2018 00:32","NaN","NaN","NaN","NaN","NaN"
"864","2018-01-02 18:30:00+00","1.696","28-02-2018 14:12","-17.8","28-02-2018 03:25","-9.42","86.1","28-02-2018 00:29","33.55","28-02-2018 14:12","242","205.4","1094","28-02-2018 12:51","-6.85","28-02-2018 01:27","915","28-02-2018 12:51","-4.637","28-02-2018 06:30","270.6","184.6","301.3","228.9","8.51","28-02-2018 06:33","0","28-02-2018 15:23","4.37","17.53","22.99","-12.77","-0.179","28-02-2018 14:10","-21.66","28-02-2018 07:58","NaN","NaN","NaN","NaN","NaN"
"865","2018-02-02 18:30:00+00","-0.09","01-03-2018 12:40","-17.66","01-03-2018 03:13","-7.843","92.6","01-03-2018 19:18","39.88","01-03-2018 12:42","225","183.6","1087","01-03-2018 12:42","-6.851","01-03-2018 03:36","881","01-03-2018 12:42","-4.122","01-03-2018 03:36","287.6","181.5","313.4","230.9","10.68","01-03-2018 13:39","0.059","01-03-2018 13:18","5.341","69.76","22.12","-9.63","0.75","01-03-2018 12:39","-22.05","01-03-2018 03:13","NaN","NaN","NaN","NaN","NaN"
"866","2018-03-02 18:30:00+00","-1.44","02-03-2018 13:54","-13.34","02-03-2018 08:04","-6.0520000000000005","92.9","02-03-2018 18:38","46.23","02-03-2018 14:43","211.7","171.4","1122","02-03-2018 13:09","-5.135","02-03-2018 22:02","882","02-03-2018 13:09","-2.318","02-03-2018 06:34","288.4","191.8","315.5","248.9","13.39","02-03-2018 02:29","0","02-03-2018 04:27","4.28","161.4","22.07","-8.49","0.214","02-03-2018 12:59","-17.1","02-03-2018 23:16","NaN","NaN","NaN","NaN","NaN"
"867","2018-04-02 18:30:00+00","1.535","03-03-2018 11:50","-11.96","03-03-2018 07:27","-7.667999999999998","93.9","03-03-2018 23:41","36.87","03-03-2018 11:52","163.6","136.8","819","03-03-2018 11:48","-2.853","03-03-2018 00:46","655.7","03-03-2018 11:48","-1.803","03-03-2018 00:51","283.9","198.1","305.6","251","6.154","03-03-2018 16:24","0","03-03-2018 00:18","1.945","18.39","24.95","-9.22","-0.594","03-03-2018 11:49","-16.23","03-03-2018 07:45","NaN","NaN","NaN","NaN","NaN"
"868","2018-05-02 18:30:00+00","-3.962","04-03-2018 10:29","-11.45","04-03-2018 23:40","-6.627999999999999","94.5","04-03-2018 01:42","59.53","04-03-2018 10:31","185.4","159.8","884","04-03-2018 10:30","-4.565","04-03-2018 21:59","747.9","04-03-2018 10:30","-0.773","04-03-2018 23:40","290.4","221.3","292.2","255.8","10.72","04-03-2018 10:52","0","04-03-2018 00:06","5.0310000000000015","176.3","29.01","-7.365","-4.277","04-03-2018 10:29","-15.27","04-03-2018 22:01","NaN","NaN","NaN","NaN","NaN"
"869","2018-06-02 18:30:00+00","-1.651","05-03-2018 14:44","-24.22","05-03-2018 04:48","-13.38","84.3","05-03-2018 02:59","28.18","05-03-2018 14:30","263.4","224.3","1183","05-03-2018 12:30","-9.42","05-03-2018 04:48","987","05-03-2018 12:30","-6.185","05-03-2018 04:48","236.5","155.8","306","209","8.13","05-03-2018 08:14","0","05-03-2018 14:04","3.213","2.541","24.96","-16.6","-0.019","05-03-2018 14:24","-27.9","05-03-2018 04:48","NaN","NaN","NaN","NaN","NaN"
"870","2018-07-02 18:30:00+00","-2.149","06-03-2018 15:38","-25.44","06-03-2018 07:56","-14.26","79.15","06-03-2018 00:50","30.22","06-03-2018 17:50","279.7","234","1033","06-03-2018 12:36","-8.57","06-03-2018 23:30","844","06-03-2018 12:35","-5.67","06-03-2018 23:30","193.8","153.1","296.3","205.5","7.742000000000001","06-03-2018 02:07","0","06-03-2018 00:17","4.383","7.25","25","-19.16","-5.093","06-03-2018 13:27","-29.07","06-03-2018 07:56","NaN","NaN","NaN","NaN","NaN"
"871","2018-08-02 18:30:00+00","-1.575","07-03-2018 16:07","-25.54","07-03-2018 06:32","-14.58","72.15","07-03-2018 22:37","17.57","07-03-2018 15:08","280.9","232.9","1037","07-03-2018 12:35","-10","07-03-2018 00:44","836","07-03-2018 12:36","-7.475","07-03-2018 00:44","197","146.4","290.6","200.5","8.6","07-03-2018 03:44","0","07-03-2018 15:50","4.787","10.79","24.54","-19.63","-5.982","07-03-2018 13:32","-30.17","07-03-2018 06:32","NaN","NaN","NaN","NaN","NaN"
"872","2018-09-02 18:30:00+00","-0.967","08-03-2018 15:47","-24.02","08-03-2018 07:31","-11.8","93","08-03-2018 22:17","27.14","08-03-2018 15:48","258","211.5","1027","08-03-2018 12:43","-8.57","08-03-2018 02:59","824","08-03-2018 12:52","-5.4129999999999985","08-03-2018 05:22","280.8","157.9","292.2","207.7","11","08-03-2018 17:09","0","08-03-2018 15:20","3.827","16.39","24.44","-14.85","-3.714","08-03-2018 13:57","-28.27","08-03-2018 07:40","NaN","NaN","NaN","NaN","NaN"
"873","2018-10-02 18:30:00+00","0.5429999999999999","09-03-2018 14:20","-20.33","09-03-2018 07:40","-11.28","88.7","09-03-2018 01:25","27.97","09-03-2018 14:21","259.9","216.8","1081","09-03-2018 12:18","-6.852","09-03-2018 22:20","888","09-03-2018 12:18","-4.122","09-03-2018 22:23","269.9","166.2","305","218.2","8.94","09-03-2018 15:09","0","09-03-2018 00:56","3.791","7.524","24.14","-14.73","-0.318","09-03-2018 14:15","-24.89","09-03-2018 07:38","NaN","NaN","NaN","NaN","NaN"
"874","2018-11-02 18:30:00+00","3.885","10-03-2018 16:28","-23.68","10-03-2018 06:51","-12.54","80.2","10-03-2018 01:30","17.91","10-03-2018 16:28","278.6","227.8","1098","10-03-2018 12:36","-8.57","10-03-2018 23:11","878","10-03-2018 12:34","-5.154","10-03-2018 00:43","225.5","157.3","317.1","211.1","8.31","10-03-2018 04:00","0","10-03-2018 14:52","3.939","10.17","24.7","-17.31","-1.934","10-03-2018 13:32","-27.43","10-03-2018 06:50","NaN","NaN","NaN","NaN","NaN"
"875","2018-12-02 18:30:00+00","3.818","11-03-2018 15:45","-23","11-03-2018 07:44","-11.3","70.35","11-03-2018 02:16","18.07","11-03-2018 15:17","282.9","230","1045","11-03-2018 12:36","-8.28","11-03-2018 00:50","832","11-03-2018 12:37","-5.412000000000001","11-03-2018 05:22","235.5","157.4","310.6","211.5","7.722","11-03-2018 07:44","0","11-03-2018 15:09","3.94","11.95","24.58","-15.69","-2.014","11-03-2018 15:10","-27.5","11-03-2018 07:43","NaN","NaN","NaN","NaN","NaN"
"876","2018-03-12 18:30:00+00","4.7639999999999985","12-03-2018 15:10","-20.91","12-03-2018 07:02","-10.14","76.68","12-03-2018 05:42","23.85","12-03-2018 15:10","285.2","229.6","1050","12-03-2018 11:58","-7.99","12-03-2018 20:41","821","12-03-2018 12:09","-4.123","12-03-2018 04:26","223.5","166.6","326.5","218.9","8.57","12-03-2018 10:20","0","12-03-2018 14:11","3.6","7.606","24.26","-14.71","0.856","12-03-2018 14:17","-24.94","12-03-2018 07:20","NaN","NaN","NaN","NaN","NaN"
"877","2018-03-13 18:30:00+00","4.159","13-03-2018 14:07","-19.45","13-03-2018 06:59","-8.62","75.37","13-03-2018 23:44","18.95","13-03-2018 14:07","283.7","225.2","1052","13-03-2018 12:30","-7.422999999999999","13-03-2018 02:45","819","13-03-2018 12:31","-5.153","13-03-2018 02:46","269.5","165.7","308.4","221.9","8.45","13-03-2018 07:05","0","13-03-2018 14:02","3.983","9.03","23.86","-13.6","1.285","13-03-2018 14:07","-23.98","13-03-2018 05:45","NaN","NaN","NaN","NaN","NaN"
"878","2018-03-14 18:30:00+00","3.008","14-03-2018 13:15","-18.21","14-03-2018 05:26","-8.11","95.1","14-03-2018 22:19","25.03","14-03-2018 13:15","225.7","177.8","1203","14-03-2018 13:10","-6.851","14-03-2018 02:40","914","14-03-2018 13:10","-3.35","14-03-2018 05:23","290.5","173.2","309.2","228.6","9.35","14-03-2018 14:22","0","14-03-2018 00:12","3.335","27.21","26.74","-10.25","1.125","14-03-2018 13:12","-22.13","14-03-2018 04:27","NaN","NaN","NaN","NaN","NaN"
"879","2018-03-15 18:30:00+00","-0.721","15-03-2018 12:05","-19.42","15-03-2018 23:36","-8.12","94.6","15-03-2018 00:18","80.7","15-03-2018 23:12","129","123.8","846","15-03-2018 12:46","-7.991","15-03-2018 21:14","761.6","15-03-2018 12:46","-4.123","15-03-2018 23:12","324.4","228.6","303.4","218.6","10.62","15-03-2018 02:17","0","15-03-2018 00:06","3.812","159.5","42.98","-10.26","-2.818","15-03-2018 11:49","-25.01","15-03-2018 23:42","NaN","NaN","NaN","NaN","NaN"
"880","2018-03-16 18:30:00+00","-0.4270000000000001","16-03-2018 16:08","-25.67","16-03-2018 07:02","-15.57","83.5","16-03-2018 00:08","26.93","16-03-2018 16:08","306.3","257.2","1088","16-03-2018 12:19","-7.997000000000001","16-03-2018 01:29","901","16-03-2018 12:31","-5.155","16-03-2018 01:28","233.4","148.8","301.6","199.9","8.58","16-03-2018 08:11","0","16-03-2018 15:28","4.32","7.959","42.49","-19.9","-4.84","16-03-2018 14:08","-30.42","16-03-2018 07:01","NaN","NaN","NaN","NaN","NaN"
"881","2018-03-17 18:30:00+00","0.445","17-03-2018 16:05","-26.89","17-03-2018 06:32","-15.6","74.52","17-03-2018 06:39","24.22","17-03-2018 16:31","305.5","252.3","1084","17-03-2018 12:25","-9.71","17-03-2018 21:52","872","17-03-2018 12:32","-5.9270000000000005","17-03-2018 21:52","198.6","147.2","298.5","195.8","7.977","17-03-2018 06:23","0","17-03-2018 15:29","4.3660000000000005","9.95","48.58","-20.17","-4.625","17-03-2018 13:51","-31.33","17-03-2018 08:01","NaN","NaN","NaN","NaN","NaN"
"882","2018-03-18 18:30:00+00","-2.488","18-03-2018 16:10","-26.15","18-03-2018 07:25","-13.53","68.48","18-03-2018 07:28","23.93","18-03-2018 14:59","301.5","246.5","1146","18-03-2018 12:58","-9.14","18-03-2018 01:00","915","18-03-2018 12:58","-6.7010000000000005","18-03-2018 01:00","223.3","146.4","298.5","199","8.86","18-03-2018 03:07","0.706","18-03-2018 16:57","4.857","9.33","42.43","-18.18","-2.5980000000000003","18-03-2018 13:57","-30.78","18-03-2018 07:46","NaN","NaN","NaN","NaN","NaN"
"883","2018-03-19 18:30:00+00","1.351","19-03-2018 16:20","-22.9","19-03-2018 06:10","-11.07","70.95","20-03-2018 00:00","24.49","19-03-2018 14:31","305","246.1","1087","19-03-2018 12:24","-9.14","19-03-2018 06:06","854","19-03-2018 12:32","-6.443","19-03-2018 04:47","221.5","157.4","306.5","210.4","8.8","19-03-2018 09:01","0","19-03-2018 16:15","4.163","12.12","42.3","-15.88","-1.218","19-03-2018 14:25","-27.52","19-03-2018 07:41","NaN","NaN","NaN","NaN","NaN"
"884","2018-03-20 18:30:00+00","-0.203","20-03-2018 14:49","-19.99","20-03-2018 05:53","-9.39","78.41","20-03-2018 01:21","29.7","20-03-2018 14:51","290.3","232.9","1176","20-03-2018 12:00","-7.994","20-03-2018 02:03","915","20-03-2018 12:00","-5.153","20-03-2018 02:03","237.2","166.7","300.3","219.2","7.252000000000002","20-03-2018 09:20","0","20-03-2018 16:54","3.793","11.4","36.99","-14.06","-1.056","20-03-2018 12:30","-24.95","20-03-2018 06:05","NaN","NaN","NaN","NaN","NaN"
"885","2018-03-21 18:30:00+00","-2.047","21-03-2018 14:38","-16.01","21-03-2018 05:44","-8.57","93.1","21-03-2018 19:43","41.31","21-03-2018 10:38","112.7","113.2","778.7","21-03-2018 09:20","-5.71","21-03-2018 03:30","614.4","21-03-2018 09:20","-2.576","21-03-2018 03:30","313.8","179.3","293.7","234.7","8.86","21-03-2018 09:23","0","21-03-2018 11:14","3.104","9.49","40.25","-11.3","-5.131","21-03-2018 12:39","-20.77","21-03-2018 03:27","NaN","NaN","NaN","NaN","NaN"
"886","2018-03-22 18:30:00+00","2.066","22-03-2018 10:49","-11.85","22-03-2018 23:52","-6.194","93.4","22-03-2018 06:25","51.84","22-03-2018 10:20","106.9","195.7","578.8","22-03-2018 16:03","-7.417999999999998","22-03-2018 23:09","913","22-03-2018 12:51","-1.287","22-03-2018 23:22","322.6","256.6","313.6","242","9.19","22-03-2018 14:47","0","22-03-2018 00:01","2.939","344.4","46.71","-7.622000000000001","-0.726","22-03-2018 10:48","-18.45","22-03-2018 23:59","NaN","NaN","NaN","NaN","NaN"
"887","2018-03-23 18:30:00+00","-1.204","23-03-2018 16:39","-22.12","23-03-2018 06:45","-11.48","83.7","23-03-2018 06:49","34.13","23-03-2018 14:51","324.6","258.4","1151","23-03-2018 12:09","-6.848","23-03-2018 00:03","886","23-03-2018 12:27","-4.123","23-03-2018 04:04","257.2","172.4","296.2","215.7","8.55","23-03-2018 04:12","0","23-03-2018 17:04","4.505","11.77","42.21","-15.12","-3.306","23-03-2018 13:03","-25.57","23-03-2018 06:44","NaN","NaN","NaN","NaN","NaN"
"888","2018-03-24 18:30:00+00","2.196","24-03-2018 15:14","-20.64","24-03-2018 05:43","-9.35","93.4","24-03-2018 19:31","26.42","24-03-2018 13:32","278.5","225.9","1149","24-03-2018 11:47","-7.423999999999999","24-03-2018 06:03","904","24-03-2018 11:50","-5.154","24-03-2018 06:03","306.3","148.5","310.5","221.4","8.35","24-03-2018 16:04","0","24-03-2018 15:00","3.642","7.3370000000000015","42.44","-12.3","0.177","24-03-2018 13:29","-24.43","24-03-2018 06:06","NaN","NaN","NaN","NaN","NaN"
"889","2018-03-25 18:30:00+00","8.77","25-03-2018 15:25","-20.5","25-03-2018 06:27","-8.39","81.3","25-03-2018 00:41","19.82","25-03-2018 15:27","298.4","255","1223","25-03-2018 11:22","-7.421","25-03-2018 23:59","880","25-03-2018 12:23","-6.7","25-03-2018 05:19","270","153","334.5","218.6","9.09","25-03-2018 08:14","0","25-03-2018 13:19","4.007","10.19","41.77","-12.75","3.176","25-03-2018 15:25","-24.35","25-03-2018 05:20","NaN","NaN","NaN","NaN","NaN"
"890","2018-03-26 18:30:00+00","4.077","26-03-2018 16:53","-18.37","26-03-2018 05:08","-6.856","65.87","26-03-2018 00:02","23.85","26-03-2018 14:42","318.4","244.2","1109","26-03-2018 12:31","-10.85","26-03-2018 01:36","831","26-03-2018 12:26","-6.954","26-03-2018 01:36","213.7","167","323.4","225.1","8.11","26-03-2018 08:17","0","26-03-2018 16:30","4.184","12.31","38.14","-12.1","0.525","26-03-2018 14:32","-23.09","26-03-2018 05:34","NaN","NaN","NaN","NaN","NaN"
"891","2018-03-27 18:30:00+00","5.255","27-03-2018 16:01","-17.77","27-03-2018 05:17","-6.629","75.13","27-03-2018 22:11","17.16","27-03-2018 13:43","319.8","239.6","1103","27-03-2018 12:26","-7.9929999999999986","27-03-2018 01:42","804","27-03-2018 12:29","-4.122","27-03-2018 05:16","253.7","167.3","315.7","228.3","8.57","27-03-2018 07:54","0","27-03-2018 15:24","4.058","10.63","38.24","-11.36","-0.038","27-03-2018 15:28","-22.4","27-03-2018 05:19","NaN","NaN","NaN","NaN","NaN"
"892","2018-03-28 18:30:00+00","5.9460000000000015","28-03-2018 11:28","-11.89","28-03-2018 05:50","-4.569","78.47","28-03-2018 02:42","21.62","28-03-2018 13:23","280.5","205.6","1471","28-03-2018 12:11","-6.847","28-03-2018 20:17","1020","28-03-2018 12:24","-2.575","28-03-2018 05:46","281.5","186.6","323.3","249.1","15.27","28-03-2018 13:49","0","28-03-2018 01:11","3.495","345.6","36.02","-9.29","2.513","28-03-2018 11:30","-17.5","28-03-2018 06:58","NaN","NaN","NaN","NaN","NaN"
"893","2018-03-29 18:30:00+00","4.324","29-03-2018 14:14","-16.89","29-03-2018 07:40","-7.077000000000001","94.1","29-03-2018 22:39","22.03","29-03-2018 14:15","292.3","204.3","1132","29-03-2018 14:10","-6.564","29-03-2018 03:17","764.9","29-03-2018 14:03","-2.576","29-03-2018 05:31","289.8","164","322.2","232.2","14.35","29-03-2018 15:51","0","29-03-2018 14:39","3.896","12.11","33.81","-9.49","2.068","29-03-2018 14:13","-20.91","29-03-2018 07:49","NaN","NaN","NaN","NaN","NaN"
"894","2018-03-30 18:30:00+00","4.958","30-03-2018 13:43","-14.49","30-03-2018 05:04","-4.328","84.7","30-03-2018 00:07","10.47","30-03-2018 17:03","331.1","242.4","1476","30-03-2018 13:07","-8.55","30-03-2018 19:53","1052","30-03-2018 13:07","-2.316","30-03-2018 20:17","232.9","173.3","319.2","235.7","16.54","30-03-2018 15:06","0","30-03-2018 06:45","4.711","343.8","31.37","-9.84","1.334","30-03-2018 13:43","-20.78","30-03-2018 07:10","NaN","NaN","NaN","NaN","NaN"
"895","2018-01-03 18:30:00+00","9.91","31-03-2018 14:43","-11.75","31-03-2018 04:03","-2.094","63.8","31-03-2018 21:46","7.53","31-03-2018 14:44","324.6","208.5","1096","31-03-2018 12:00","-9.13","31-03-2018 02:02","689.6","31-03-2018 11:52","-3.605","31-03-2018 02:02","231.7","173.2","336","240.9","7.722","31-03-2018 11:12","0","31-03-2018 06:59","2.421","351.5","29.21","-8.97","2.384","31-03-2018 14:36","-20.34","31-03-2018 07:28","NaN","NaN","NaN","NaN","NaN"
"896","2018-02-03 18:30:00+00","8.83","01-04-2018 16:11","-13.24","01-04-2018 06:27","-3.717","64.55","01-04-2018 02:57","18.5","01-04-2018 16:11","329.9","204.3","1115","01-04-2018 12:25","-6.849","01-04-2018 02:51","662.8","01-04-2018 12:27","-2.575","01-04-2018 02:10","238.5","177","339.4","246.4","8.04","01-04-2018 07:35","0","01-04-2018 15:51","3.823","9.59","26.68","-8.33","0.943","01-04-2018 15:47","-17.4","01-04-2018 07:00","NaN","NaN","NaN","NaN","NaN"
"897","2018-03-03 18:30:00+00","10.83","02-04-2018 13:51","-12.63","02-04-2018 06:58","-2.887","75.32","02-04-2018 22:40","18.1","02-04-2018 13:57","324.1","195.1","1159","02-04-2018 12:49","-6.847","02-04-2018 00:11","667.2","02-04-2018 12:49","-1.803","02-04-2018 05:39","251.3","176.5","322.5","250.7","12.21","02-04-2018 20:13","0","02-04-2018 13:43","3.672","12.93","23.15","-6.783","2.842","02-04-2018 14:04","-16.29","02-04-2018 06:50","NaN","NaN","NaN","NaN","NaN"
"898","2018-04-03 18:30:00+00","8.6","03-04-2018 12:54","-10.65","03-04-2018 05:47","-2.838","95.6","03-04-2018 16:20","28.47","03-04-2018 12:55","230.2","141.1","1256","03-04-2018 12:30","-5.707000000000002","03-04-2018 05:48","676.3","03-04-2018 11:01","-2.318","03-04-2018 05:42","302.7","198.9","320.4","261.6","13.21","03-04-2018 15:10","0","03-04-2018 01:32","3.149","14.66","18.16","-5.165","3.09","03-04-2018 12:18","-13.42","03-04-2018 05:48","NaN","NaN","NaN","NaN","NaN"
"899","2018-05-03 18:30:00+00","10","04-04-2018 12:14","-7.602","04-04-2018 07:20","-1.023","95.3","04-04-2018 00:32","24.26","04-04-2018 12:16","319.3","193.3","1077","04-04-2018 12:59","-6.275","04-04-2018 04:52","647.2","04-04-2018 10:49","-0.257","04-04-2018 23:36","301.2","138.6","380","264","8.39","04-04-2018 14:16","0","04-04-2018 00:04","2.734","26.25","13.21","-4.273","3.19","04-04-2018 12:19","-12.77","04-04-2018 06:44","NaN","NaN","NaN","NaN","NaN"
"900","2018-06-03 18:30:00+00","8.96","05-04-2018 14:45","-10.1","05-04-2018 07:03","-2.097","97.5","05-04-2018 20:49","26.71","05-04-2018 14:40","269.9","147.8","1206","05-04-2018 13:27","-6.848","05-04-2018 05:17","612.1","05-04-2018 11:24","-2.575","05-04-2018 05:17","303.3","195.8","336.2","264.4","13.86","05-04-2018 18:11","0","05-04-2018 10:45","3.487","18.74","9.9","-4.5760000000000005","3.306","05-04-2018 14:51","-12.99","05-04-2018 07:01","NaN","NaN","NaN","NaN","NaN"
"901","2018-07-03 18:30:00+00","10.56","06-04-2018 11:02","-4.706","06-04-2018 06:16","-0.8340000000000001","98.9","06-04-2018 21:01","32.42","06-04-2018 11:02","256.2","147.6","1215","06-04-2018 14:05","-4.563","06-04-2018 05:40","696.2","06-04-2018 10:16","-1.029","06-04-2018 05:36","308.6","208","337.5","283.4","13.09","06-04-2018 14:48","0","06-04-2018 00:05","2.9760000000000004","132.5","5.762","-2.15","3.94","06-04-2018 11:10","-8.08","06-04-2018 05:37","NaN","NaN","NaN","NaN","NaN"
"902","2018-08-03 18:30:00+00","6.135","07-04-2018 12:09","-4.976","07-04-2018 07:30","0.094","94.3","07-04-2018 03:16","36.91","07-04-2018 12:12","334.3","136.4","1099","07-04-2018 12:43","-5.7029999999999985","07-04-2018 21:33","441.9","07-04-2018 10:46","-0.257","07-04-2018 04:40","297.5","204.1","353.6","285","11.56","07-04-2018 13:47","0","07-04-2018 12:08","4.223","54.36","-8.91","-1.977","3.691","07-04-2018 12:12","-8.42","07-04-2018 07:29","NaN","NaN","NaN","NaN","NaN"
"903","2018-09-03 18:30:00+00","5.867000000000001","08-04-2018 14:50","-8.31","08-04-2018 07:26","-0.67","90.4","08-04-2018 19:28","36.48","08-04-2018 14:47","331.2","96","1136","08-04-2018 12:52","-6.846","08-04-2018 03:13","305","08-04-2018 11:09","-1.802","08-04-2018 03:16","304.3","200.4","363.9","281.1","13.66","08-04-2018 18:35","0","08-04-2018 11:17","5.1370000000000005","83.3","-9.14","-1.521","7.597","08-04-2018 11:35","-9.3","08-04-2018 07:10","NaN","NaN","NaN","NaN","NaN"
"904","2018-10-03 18:30:00+00","4.291","09-04-2018 15:30","-3.387","09-04-2018 23:26","0.486","96.5","09-04-2018 01:35","50.44","09-04-2018 15:53","278.2","70.62","1436","09-04-2018 12:05","-5.702000000000001","09-04-2018 22:34","348.5","09-04-2018 12:05","-0.772","09-04-2018 01:00","296.7","217","363.9","299.5","13.43","09-04-2018 14:59","0","09-04-2018 00:51","4.583","141.8","-6.504","0.541","10.56","09-04-2018 14:17","-4.643","09-04-2018 23:59","NaN","NaN","NaN","NaN","NaN"
"905","2018-11-03 18:30:00+00","4.29","10-04-2018 11:47","-7.433","10-04-2018 05:38","-1.844","98.2","10-04-2018 23:51","39.09","10-04-2018 11:14","178.5","42.42","1180","10-04-2018 12:42","-5.706","10-04-2018 04:09","261","10-04-2018 12:42","-0.515","10-04-2018 23:12","310.1","203.9","360.1","288.1","14.27","10-04-2018 17:52","0","10-04-2018 01:08","4.342","124.2","-6.456","-0.974","10.86","10-04-2018 11:53","-6.941","10-04-2018 04:21","NaN","NaN","NaN","NaN","NaN"
"906","2018-12-03 18:30:00+00","0.757","11-04-2018 12:35","-7.23","11-04-2018 23:45","-2.604","98","11-04-2018 00:07","55.09","11-04-2018 17:17","207.1","157.4","1058","11-04-2018 11:49","-5.705","11-04-2018 22:50","882","11-04-2018 11:49","-0.257","11-04-2018 02:37","315.7","201.7","316.8","280.7","13.41","11-04-2018 14:39","0","11-04-2018 00:46","4.602","170.1","-2.527","-3.529","0.012","11-04-2018 14:01","-9.89","11-04-2018 23:54","NaN","NaN","NaN","NaN","NaN"
"907","2018-04-12 18:30:00+00","0.746","12-04-2018 09:35","-9.12","12-04-2018 00:44","-3.926","94.3","12-04-2018 04:33","55.63","12-04-2018 13:28","300.6","125.4","1564","12-04-2018 13:13","-5.705","12-04-2018 22:26","573","12-04-2018 09:07","-0.515","12-04-2018 04:52","310.3","201.3","351.1","276.7","13.66","12-04-2018 14:35","0","12-04-2018 00:31","3.797","168.5","-4.45","-2.734","9.22","12-04-2018 13:59","-10.5","12-04-2018 00:39","NaN","NaN","NaN","NaN","NaN"
"908","2018-04-13 18:30:00+00","2.027","13-04-2018 15:23","-13.61","13-04-2018 07:13","-5.32","75.84","13-04-2018 00:00","21.72","13-04-2018 17:36","359.6","95.7","1171","13-04-2018 13:18","-7.417000000000002","13-04-2018 22:31","292.1","13-04-2018 11:37","-0.257","13-04-2018 01:47","256.2","165.6","369.9","267.3","7.017","13-04-2018 17:37","0","13-04-2018 02:37","3.024","10.63","-6.335","-1.655","14.16","13-04-2018 13:36","-11.28","13-04-2018 07:13","NaN","NaN","NaN","NaN","NaN"
"909","2018-04-14 18:30:00+00","4.324","14-04-2018 14:15","-13.11","14-04-2018 04:48","-4.255","70.05","14-04-2018 21:52","17.44","14-04-2018 12:10","327","79.99","1419","14-04-2018 13:00","-6.85","14-04-2018 04:47","319.2","14-04-2018 13:00","0.258","14-04-2018 02:51","277.7","170.3","378","267.9","11","14-04-2018 15:43","0","14-04-2018 13:26","4.434","27.01","-6.368","-1.817","13.42","14-04-2018 14:19","-11.36","14-04-2018 07:00","NaN","NaN","NaN","NaN","NaN"
"910","2018-04-15 18:30:00+00","5.323","15-04-2018 15:35","-10.37","15-04-2018 07:08","-1.998","69.08","15-04-2018 07:26","27.19","15-04-2018 15:32","352.3","79.2","1125","15-04-2018 12:11","-7.417000000000002","15-04-2018 03:21","238.2","15-04-2018 11:52","-1.287","15-04-2018 03:21","249.9","189.3","395.1","278.8","9.31","15-04-2018 14:42","0","15-04-2018 12:33","3.5580000000000003","21.7","-6.569","0.187","16.76","15-04-2018 13:27","-8.82","15-04-2018 06:40","NaN","NaN","NaN","NaN","NaN"
"911","2018-04-16 18:30:00+00","5.627000000000002","16-04-2018 13:00","-8.65","16-04-2018 05:58","-2.56","94.5","16-04-2018 16:44","28.23","16-04-2018 13:00","265.4","57.83","1299","16-04-2018 11:50","-6.277","16-04-2018 05:35","267","16-04-2018 11:50","-0.772","16-04-2018 03:04","305.9","196.8","390.1","283.4","13.39","16-04-2018 14:11","0","16-04-2018 00:51","4.12","23.01","-6.73","-0.28600000000000003","18.89","16-04-2018 12:30","-7.999","16-04-2018 05:50","NaN","NaN","NaN","NaN","NaN"
"912","2018-04-17 18:30:00+00","3.2430000000000003","17-04-2018 12:07","-11.55","17-04-2018 06:09","-4.339","93.7","17-04-2018 17:05","23.65","17-04-2018 12:15","283.2","62.38","1334","17-04-2018 12:36","-6.849","17-04-2018 03:20","270.8","17-04-2018 12:36","-1.288","17-04-2018 05:32","301.3","182.2","376.5","274.7","15.31","17-04-2018 13:03","0","17-04-2018 02:37","4.448","35.76","-6.683","-1.411","15.66","17-04-2018 12:04","-9.65","17-04-2018 06:09","NaN","NaN","NaN","NaN","NaN"
"913","2018-04-18 18:30:00+00","5.3039999999999985","18-04-2018 16:24","-11.08","18-04-2018 06:51","-2.5780000000000003","96.9","18-04-2018 22:44","23.31","18-04-2018 15:37","358.6","78.15","1136","18-04-2018 12:17","-6.278","18-04-2018 04:40","232.3","18-04-2018 11:38","-1.801","18-04-2018 20:40","305.4","185.9","378.4","275.2","13.96","18-04-2018 14:27","0","18-04-2018 11:56","4.181","23.69","-6.615","0.18600000000000005","17.42","18-04-2018 12:51","-9.44","18-04-2018 06:13","NaN","NaN","NaN","NaN","NaN"
"914","2018-04-19 18:30:00+00","2.747","19-04-2018 10:38","-8.68","19-04-2018 05:53","-3.445","97","19-04-2018 21:25","47.3","19-04-2018 10:57","171.6","56.71","1450","19-04-2018 10:37","-6.847","19-04-2018 03:59","373.3","19-04-2018 08:14","-2.317","19-04-2018 04:02","313.7","205.7","378","280.3","15.86","19-04-2018 16:38","0","19-04-2018 00:53","3.873","21.99","-5.564","-2.072","16.29","19-04-2018 10:37","-9.14","19-04-2018 03:59","NaN","NaN","NaN","NaN","NaN"
"915","2018-04-20 18:30:00+00","-0.46","20-04-2018 14:26","-6.0920000000000005","20-04-2018 06:13","-3.849","98.8","20-04-2018 20:11","58.53","20-04-2018 14:33","86.6","93.6","634.8","20-04-2018 11:33","-2.282","20-04-2018 02:26","662.7","20-04-2018 13:44","-1.287","20-04-2018 23:39","317.1","234.2","310.5","282.5","12.5","20-04-2018 22:28","0","20-04-2018 05:23","4.15","165.4","11.11","-4.368","-1.801","20-04-2018 13:44","-7.902","20-04-2018 06:07","NaN","NaN","NaN","NaN","NaN"
"916","2018-04-21 18:30:00+00","2.027","21-04-2018 14:45","-10.78","21-04-2018 23:47","-5.407","95.5","21-04-2018 01:00","40","21-04-2018 14:46","338.5","253.5","1189","21-04-2018 12:24","-6.276","21-04-2018 21:21","852","21-04-2018 12:14","-2.318","21-04-2018 23:01","293.3","163.9","311.7","256.6","11.9","21-04-2018 00:55","0","21-04-2018 06:13","3.4730000000000003","359.2","14.8","-6.509","0.225","21-04-2018 14:56","-14.48","21-04-2018 21:39","NaN","NaN","NaN","NaN","NaN"
"917","2018-04-22 18:30:00+00","-0.978","22-04-2018 15:06","-18.17","22-04-2018 07:02","-8.4","91.4","22-04-2018 00:16","32.95","22-04-2018 16:56","383.7","279.3","1187","22-04-2018 12:09","-7.707999999999998","22-04-2018 04:06","863","22-04-2018 11:58","-2.576","22-04-2018 04:06","278.6","165.3","306.9","226.4","6.899","22-04-2018 03:23","0","22-04-2018 18:23","3.638","7.897","7.317","-11.41","-1.142","22-04-2018 13:16","-22.28","22-04-2018 06:30","NaN","NaN","NaN","NaN","NaN"
"918","2018-04-23 18:30:00+00","3.074","23-04-2018 16:45","-16.31","23-04-2018 05:52","-6.586","73.05","23-04-2018 23:45","26.62","23-04-2018 14:20","376","252.8","1183","23-04-2018 12:16","-6.847","23-04-2018 22:44","771.5","23-04-2018 11:52","-2.576","23-04-2018 03:14","213.6","169.6","315.3","235.4","7.487","23-04-2018 05:04","0","23-04-2018 16:40","3.623","7.967","4.647","-10.36","-0.7859999999999999","23-04-2018 13:07","-20.66","23-04-2018 05:53","NaN","NaN","NaN","NaN","NaN"
"919","2018-04-24 18:30:00+00","9.78","24-04-2018 15:18","-11.31","24-04-2018 05:04","-2.82","72.5","24-04-2018 02:57","27.15","24-04-2018 16:55","366.3","208.6","1156","24-04-2018 12:17","-6.849","24-04-2018 00:37","649.8","24-04-2018 11:14","-2.318","24-04-2018 00:37","236.6","192.7","334.9","258.4","6.957999999999998","24-04-2018 05:21","0","24-04-2018 14:41","3.337","13.44","2.427","-6.871","2.29","24-04-2018 15:16","-14.83","24-04-2018 06:17","NaN","NaN","NaN","NaN","NaN"
"920","2018-04-25 18:30:00+00","7.6789999999999985","25-04-2018 15:43","-9.32","25-04-2018 06:51","-1.351","94.8","25-04-2018 20:44","25.5","25-04-2018 14:59","351.5","133.2","1150","25-04-2018 12:17","-7.987999999999999","25-04-2018 01:44","459.7","25-04-2018 10:06","-2.317","25-04-2018 01:44","290.6","192.9","360.3","269.5","14.07","25-04-2018 19:32","0","25-04-2018 14:24","4.838","31.63","-0.635","-4.213","3.515","25-04-2018 15:43","-12.58","25-04-2018 06:50","NaN","NaN","NaN","NaN","NaN"
"921","2018-04-26 18:30:00+00","7.246","26-04-2018 15:46","-7.805","26-04-2018 06:33","0.892","89.7","26-04-2018 00:30","32.39","26-04-2018 16:35","363.8","80.8","1134","26-04-2018 12:34","-6.276","26-04-2018 04:50","239.7","26-04-2018 10:38","-0.772","26-04-2018 02:26","292.6","201.5","399.6","285","8.51","26-04-2018 23:02","0","26-04-2018 00:47","3.536","37.22","-4.76","0.75","13.05","26-04-2018 13:37","-8.6","26-04-2018 07:06","NaN","NaN","NaN","NaN","NaN"
"922","2018-04-27 18:30:00+00","6.478","27-04-2018 13:55","-3.4210000000000003","27-04-2018 05:54","0.913","96.8","27-04-2018 05:19","36.51","27-04-2018 14:36","279.8","77.44","1348","27-04-2018 12:47","-5.1320000000000014","27-04-2018 00:48","510.3","27-04-2018 08:23","-0.257","27-04-2018 02:36","315.8","210.4","392.6","290","14.88","27-04-2018 15:46","0","27-04-2018 01:01","4.078","27.16","-4.74","2.24","19.25","27-04-2018 12:36","-6.652","27-04-2018 05:52","NaN","NaN","NaN","NaN","NaN"
"923","2018-04-28 18:30:00+00","8.73","28-04-2018 14:21","-4.638","28-04-2018 06:35","1.602","86.2","28-04-2018 23:38","14.86","28-04-2018 14:04","360.3","62.37","1242","28-04-2018 13:36","-5.7029999999999985","28-04-2018 22:35","206.2","28-04-2018 13:36","0","28-04-2018 03:10","299.2","210.2","425.5","298.4","11.27","28-04-2018 20:04","0","28-04-2018 00:09","3.676","21.2","-6.344","4.4110000000000005","20.66","28-04-2018 11:26","-4.973","28-04-2018 06:34","NaN","NaN","NaN","NaN","NaN"
"924","2018-04-29 18:30:00+00","7.585","29-04-2018 16:47","-5.579","29-04-2018 06:39","1.231","83.2","29-04-2018 00:33","19.22","29-04-2018 13:22","368.5","61.68","1186","29-04-2018 13:13","-6.8420000000000005","29-04-2018 21:48","190.3","29-04-2018 12:55","0.257","29-04-2018 02:13","262","205.1","437","295","9.27","29-04-2018 20:11","0","29-04-2018 00:06","3.372","5.8679999999999986","-6.243","4.046","21.9","29-04-2018 13:37","-5.51","29-04-2018 06:31","NaN","NaN","NaN","NaN","NaN"
"925","2018-01-04 18:30:00+00","9.06","30-04-2018 14:40","-5.309","30-04-2018 06:29","2.061","73.77","30-04-2018 02:10","8.31","30-04-2018 13:43","371.2","60.22","1149","30-04-2018 12:30","-6.841","30-04-2018 22:33","179.5","30-04-2018 12:27","0","30-04-2018 22:33","246.5","194.8","445.6","293.3","10.09","30-04-2018 15:20","0","30-04-2018 14:04","3.809","351.1","-6.228","4.282","22.7","30-04-2018 12:51","-6.167999999999998","30-04-2018 06:25","NaN","NaN","NaN","NaN","NaN"
"926","2018-02-04 18:30:00+00","10.61","01-05-2018 14:59","-3.523","01-05-2018 06:50","3.093","79.55","01-05-2018 23:51","15.5","01-05-2018 14:43","356.5","56.79","1130","01-05-2018 12:09","-5.704","01-05-2018 05:01","174.9","01-05-2018 12:08","-0.257","01-05-2018 20:31","283.6","206.3","438.1","299","14.97","01-05-2018 20:17","0","01-05-2018 12:47","4.3039999999999985","22.69","-6.237","5.235","25.21","01-05-2018 12:59","-4.9289999999999985","01-05-2018 06:23","NaN","NaN","NaN","NaN","NaN"
"927","2018-03-04 18:30:00+00","10.14","02-05-2018 13:03","-2.339","02-05-2018 22:32","1.57","99","02-05-2018 20:35","18.23","02-05-2018 13:37","252.6","41.15","1217","02-05-2018 13:36","-5.7029999999999985","02-05-2018 02:30","192.8","02-05-2018 13:36","-0.772","02-05-2018 16:22","315.1","214.4","447","301.5","14.43","02-05-2018 15:28","0","02-05-2018 05:50","2.588","15.71","-6.064","3.946","27.07","02-05-2018 12:29","-4.251","02-05-2018 05:20","NaN","NaN","NaN","NaN","NaN"
"928","2018-04-04 18:30:00+00","4.595","03-05-2018 13:17","-5.379","03-05-2018 05:20","-1.085","98.1","03-05-2018 18:54","41.98","03-05-2018 08:41","184.6","57.31","1477","03-05-2018 11:38","-7.984","03-05-2018 21:25","396.8","03-05-2018 08:28","-0.257","03-05-2018 21:48","325.6","242","407.8","286.8","15.86","03-05-2018 13:38","0","03-05-2018 03:02","4.584","211.8","-6.288","1.27","20.2","03-05-2018 12:12","-6.733","03-05-2018 05:15","NaN","NaN","NaN","NaN","NaN"
"929","2018-05-04 18:30:00+00","7.518","04-05-2018 14:52","-3.151","04-05-2018 03:08","1.62","95.7","04-05-2018 03:09","26.34","04-05-2018 14:40","356.8","81.1","1350","04-05-2018 12:58","-5.702000000000001","04-05-2018 22:40","502.8","04-05-2018 08:17","-0.772","04-05-2018 02:10","319.8","223.4","415.6","294.4","13.86","04-05-2018 13:55","0","04-05-2018 01:50","4.144","153.9","-5.995","3.41","22.16","04-05-2018 12:32","-5.296","04-05-2018 06:49","NaN","NaN","NaN","NaN","NaN"
"930","2018-06-04 18:30:00+00","7.315","05-05-2018 13:06","-2.61","05-05-2018 05:33","1.3030000000000002","89.9","05-05-2018 23:31","30.4","05-05-2018 13:04","337.3","49.87","1451","05-05-2018 12:17","-5.7029999999999985","05-05-2018 01:00","215.5","05-05-2018 12:17","-0.515","05-05-2018 19:13","301.6","213.2","413.5","300.9","16.5","05-05-2018 15:52","0","05-05-2018 02:06","4.421","103.9","-6.29","3.528","22.64","05-05-2018 13:05","-4.695","05-05-2018 05:31","NaN","NaN","NaN","NaN","NaN"
"931","2018-07-04 18:30:00+00","4.6960000000000015","06-05-2018 14:22","-1.575","06-05-2018 23:59","0.972","92.4","06-05-2018 01:33","52.03","06-05-2018 10:47","210","30.65","1000","06-05-2018 13:41","-4.562","06-05-2018 21:28","150.7","06-05-2018 13:41","-1.544","06-05-2018 23:59","311.9","231","376.8","307.1","15.88","06-05-2018 18:38","0","06-05-2018 02:35","5.479","163.2","-6.349","2.615","12.19","06-05-2018 14:03","-3.247","06-05-2018 03:57","NaN","NaN","NaN","NaN","NaN"
"932","2018-08-04 18:30:00+00","1.467","07-05-2018 17:26","-3.117","07-05-2018 23:48","-1.2","99","07-05-2018 08:19","58.26","07-05-2018 19:30","145.5","99.8","1199","07-05-2018 10:27","-3.422","07-05-2018 19:21","633.8","07-05-2018 09:40","-1.801","07-05-2018 00:02","314.5","228.4","324.8","300.8","15.88","07-05-2018 10:24","0","07-05-2018 02:07","5.26","166.4","-5.666","-1.923","2.192","07-05-2018 10:53","-4.619","07-05-2018 19:16","NaN","NaN","NaN","NaN","NaN"
"933","2018-09-04 18:30:00+00","5.439","08-05-2018 09:43","-4.199","08-05-2018 23:58","-1.899","98.8","08-05-2018 04:20","54.12","08-05-2018 09:43","213.7","199.3","1274","08-05-2018 13:45","-3.423","08-05-2018 23:58","1068","08-05-2018 13:02","-0.515","08-05-2018 23:58","349","241.8","323.2","282.5","10.45","08-05-2018 15:35","0","08-05-2018 01:42","2.565","157.2","6.429","-2.68","1.694","08-05-2018 13:45","-7.944","08-05-2018 23:59","NaN","NaN","NaN","NaN","NaN"
"934","2018-10-04 18:30:00+00","8.75","09-05-2018 13:58","-13.31","09-05-2018 06:45","-4.1560000000000015","81.6","09-05-2018 06:57","26.79","09-05-2018 13:58","388.8","286.7","1301","09-05-2018 10:58","-5.135","09-05-2018 22:31","982","09-05-2018 11:03","-0.773","09-05-2018 04:03","265","162.6","330.7","244.8","11.7","09-05-2018 16:16","0","09-05-2018 02:01","3.148","354.4","1.95","-7.364","2.793","09-05-2018 12:09","-17.73","09-05-2018 05:52","NaN","NaN","NaN","NaN","NaN"
"935","2018-11-04 18:30:00+00","7.213999999999999","10-05-2018 13:52","-10.4","10-05-2018 06:41","-1.898","77.65","10-05-2018 00:08","26.24","10-05-2018 17:40","395.1","190.4","1188","10-05-2018 12:40","-6.273","10-05-2018 21:15","707.2","10-05-2018 11:00","-1.288","10-05-2018 02:49","241.4","189.8","367.7","263.4","8.04","10-05-2018 04:56","0","10-05-2018 13:49","3.335","13.16","-1.996","-4.382","5.8660000000000005","10-05-2018 16:00","-13.12","10-05-2018 06:55","NaN","NaN","NaN","NaN","NaN"
"936","2018-12-04 18:30:00+00","10.64","11-05-2018 17:03","-5.247000000000001","11-05-2018 04:40","2.257","70.59","11-05-2018 01:53","20.7","11-05-2018 15:47","390.2","83.7","1179","11-05-2018 12:12","-6.84","11-05-2018 20:15","245.4","11-05-2018 10:41","-0.515","11-05-2018 04:33","271.2","205.1","419.8","289.5","7.3889999999999985","11-05-2018 02:09","0","11-05-2018 13:21","3.256","9.44","-5.226","2.401","18.25","11-05-2018 14:57","-7.515","11-05-2018 05:31","NaN","NaN","NaN","NaN","NaN"
"937","2018-05-12 18:30:00+00","10.47","12-05-2018 14:32","-2.779","12-05-2018 06:11","2.544","100","12-05-2018 23:02","19.78","12-05-2018 13:39","354.2","58.11","1158","12-05-2018 12:09","-6.273","12-05-2018 00:51","179.5","12-05-2018 12:14","-2.316","12-05-2018 23:59","319.3","203.6","437.1","299","16.76","12-05-2018 15:41","0","12-05-2018 11:45","3.857","39.08","-6.564","5.007","24.18","12-05-2018 12:55","-5.065","12-05-2018 05:51","NaN","NaN","NaN","NaN","NaN"
"938","2018-05-13 18:30:00+00","6.41","13-05-2018 13:38","-1.6980000000000002","13-05-2018 23:43","0.569","100","13-05-2018 00:00","42.49","13-05-2018 13:59","259.7","68.95","1302","13-05-2018 13:25","-5.7029999999999985","13-05-2018 21:28","698","13-05-2018 09:02","-2.316","13-05-2018 00:00","342.2","227.4","385.6","304.5","17.4","13-05-2018 14:12","0","13-05-2018 03:40","4.636","163.1","-5.785","1.3159999999999998","14.83","13-05-2018 11:50","-3.136","14-05-2018 00:00","NaN","NaN","NaN","NaN","NaN"
"939","2018-05-14 18:30:00+00","8.13","14-05-2018 15:14","-3.827","14-05-2018 04:40","1.877","99.4","14-05-2018 03:20","27.86","14-05-2018 14:24","327.5","46.12","1375","14-05-2018 12:13","-9.12","14-05-2018 00:34","191.1","14-05-2018 12:13","-0.772","14-05-2018 02:38","308.8","211.2","412.5","299.9","17.56","14-05-2018 16:26","0","14-05-2018 04:13","5.315","147.8","-6.195","3.402","22.26","14-05-2018 11:55","-4.752","14-05-2018 05:45","NaN","NaN","NaN","NaN","NaN"
"940","2018-05-15 18:30:00+00","8.33","15-05-2018 14:05","-1.528","15-05-2018 05:44","3.237","91.7","15-05-2018 02:12","30.46","15-05-2018 13:52","327.1","46.22","1521","15-05-2018 12:42","-5.7029999999999985","15-05-2018 04:03","213.9","15-05-2018 12:42","-0.772","15-05-2018 00:59","307.8","222.8","438.5","305.3","14.29","15-05-2018 19:13","0","15-05-2018 00:10","4.792","140.8","-6.364","5.244","24.42","15-05-2018 12:17","-3.258","15-05-2018 05:43","NaN","NaN","NaN","NaN","NaN"
"941","2018-05-16 18:30:00+00","9.34","16-05-2018 14:20","-1.055","16-05-2018 05:42","2.543","91.8","16-05-2018 21:33","23.34","16-05-2018 14:09","321.5","46.47","1345","16-05-2018 13:02","-5.7029999999999985","16-05-2018 02:25","195.4","16-05-2018 13:02","-2.315","16-05-2018 20:41","315.5","217.3","424.1","304.6","19.23","16-05-2018 15:14","0","16-05-2018 01:58","5.255","147.2","-6.272","4.305","20.97","16-05-2018 10:35","-3.889","16-05-2018 05:42","NaN","NaN","NaN","NaN","NaN"
"942","2018-05-17 18:30:00+00","9.67","17-05-2018 14:39","-3.895","17-05-2018 05:54","1.766","75.7","17-05-2018 23:03","20.47","17-05-2018 13:50","356.5","53.66","1234","17-05-2018 14:21","-6.271","17-05-2018 20:40","185.9","17-05-2018 14:21","0","17-05-2018 19:42","304.7","204","441.5","294.7","14.43","17-05-2018 13:37","0","17-05-2018 10:50","4.447","315.6","-6.347","4.355","22.35","17-05-2018 14:29","-5.7189999999999985","17-05-2018 05:32","NaN","NaN","NaN","NaN","NaN"
"943","2018-05-18 18:30:00+00","5.83","18-05-2018 11:42","-0.92","18-05-2018 05:31","1.919","86.9","18-05-2018 14:30","44.24","18-05-2018 11:40","215.6","32.87","1316","18-05-2018 13:29","-4.847","18-05-2018 22:38","202.6","18-05-2018 13:29","0.514","18-05-2018 19:38","317.5","227.5","405.3","306.6","14.82","18-05-2018 15:50","0","18-05-2018 00:51","4.644","185.6","-6.361","3.007","19.75","18-05-2018 11:33","-3.502","18-05-2018 03:10","NaN","NaN","NaN","NaN","NaN"
"944","2018-05-19 18:30:00+00","7.822","19-05-2018 12:24","-2.17","19-05-2018 05:52","1.37","93.3","19-05-2018 17:23","19.52","19-05-2018 11:43","285.1","44.5","1353","19-05-2018 12:21","-5.704","19-05-2018 04:04","213.2","19-05-2018 12:21","0","19-05-2018 19:36","315.9","213.3","435.8","300.6","13.62","19-05-2018 14:06","0","19-05-2018 00:34","3.762","120.8","-6.386","4.797","24.89","19-05-2018 11:15","-4.882","19-05-2018 05:41","NaN","NaN","NaN","NaN","NaN"
"945","2018-05-20 18:30:00+00","9.07","20-05-2018 14:24","-2.61","20-05-2018 06:23","2.963","76.54","20-05-2018 03:06","6.214","20-05-2018 13:26","388.5","62.55","1173","20-05-2018 12:32","-7.125","20-05-2018 20:45","185.7","20-05-2018 12:32","0.515","20-05-2018 00:19","281.8","202.8","458.8","298.1","12.54","20-05-2018 13:08","0","20-05-2018 01:43","3.227","281.2","-6.444","6.69","27.12","20-05-2018 11:43","-5.391","20-05-2018 05:50","NaN","NaN","NaN","NaN","NaN"
"946","2018-05-21 18:30:00+00","10.58","21-05-2018 13:15","-2.238","21-05-2018 06:31","4.145","59.36","21-05-2018 04:14","11.41","21-05-2018 12:11","370.7","60.93","1304","21-05-2018 12:58","-6.555","21-05-2018 21:08","211.3","21-05-2018 12:58","0.7709999999999999","21-05-2018 19:33","275.9","207.1","470.6","298.2","13.19","21-05-2018 14:10","0","21-05-2018 10:29","3.668","311.1","-6.41","7.524","29.91","21-05-2018 11:25","-5.476","21-05-2018 05:33","NaN","NaN","NaN","NaN","NaN"
"947","2018-05-22 18:30:00+00","10.11","22-05-2018 14:29","-1.224","22-05-2018 05:43","4.1560000000000015","63.96","22-05-2018 06:32","16.28","22-05-2018 11:06","348.8","57.83","1241","22-05-2018 13:54","-7.125","22-05-2018 20:52","203.1","22-05-2018 13:54","0.772","22-05-2018 01:26","309.5","213.9","462.8","300.7","17.76","22-05-2018 14:48","0","22-05-2018 10:21","3.643","269.2","-6.415","7.756","28.83","22-05-2018 10:41","-4.953","22-05-2018 05:22","NaN","NaN","NaN","NaN","NaN"
"948","2018-05-23 18:30:00+00","9.58","23-05-2018 12:45","-1.866","23-05-2018 05:52","3.831","63.96","23-05-2018 02:44","13.91","23-05-2018 10:57","327.6","55.26","1401","23-05-2018 13:09","-6.8420000000000005","23-05-2018 22:42","230.9","23-05-2018 13:09","0.515","23-05-2018 22:05","299.4","208.9","459.3","298.3","17.8","23-05-2018 13:15","0","23-05-2018 01:34","4.06","38.82","-6.431","7.005","28.63","23-05-2018 10:30","-5.432","23-05-2018 05:34","NaN","NaN","NaN","NaN","NaN"
"949","2018-05-24 18:30:00+00","9.41","24-05-2018 13:05","-2.035","24-05-2018 05:38","3.4130000000000003","62.54","24-05-2018 05:37","13.78","24-05-2018 10:41","309.3","52.26","1407","24-05-2018 12:32","-6.274","24-05-2018 23:40","229.1","24-05-2018 12:32","0.772","24-05-2018 19:30","310.5","212.8","481.3","298","15.23","24-05-2018 12:46","0","24-05-2018 00:05","3.219","306.8","-6.427","7.401","32.98","24-05-2018 12:11","-5.61","24-05-2018 05:23","NaN","NaN","NaN","NaN","NaN"
"950","2018-05-25 18:30:00+00","10.28","25-05-2018 14:26","-1.866","25-05-2018 06:24","3.879","64.47","25-05-2018 04:04","14.86","25-05-2018 13:10","346.4","58.9","1196","25-05-2018 12:55","-6.271","25-05-2018 22:41","198.5","25-05-2018 13:44","0.772","25-05-2018 19:52","307","213.7","490.5","297.5","15.23","25-05-2018 16:47","0","25-05-2018 00:18","3.364","320.1","-6.41","8.94","33.75","25-05-2018 12:24","-5.574","25-05-2018 05:27","NaN","NaN","NaN","NaN","NaN"
"951","2018-05-26 18:30:00+00","10.01","26-05-2018 12:05","-1.224","26-05-2018 05:15","2.75","89.7","26-05-2018 22:08","9.32","26-05-2018 11:53","284.6","48.79","1250","26-05-2018 13:09","-5.132999999999999","26-05-2018 03:04","209.3","26-05-2018 12:43","0.515","26-05-2018 20:33","316.2","215.3","484.5","300.6","19.56","26-05-2018 13:44","0","26-05-2018 01:14","4.227","347.4","-6.437","7.62","34.07","26-05-2018 11:23","-4.918","26-05-2018 05:32","NaN","NaN","NaN","NaN","NaN"
"952","2018-05-27 18:30:00+00","9.57","27-05-2018 14:34","-1.228","27-05-2018 06:13","3.466","89.2","27-05-2018 02:25","22.42","27-05-2018 10:45","312.2","53.4","1254","27-05-2018 13:20","-5.1320000000000014","27-05-2018 23:44","210.6","27-05-2018 13:19","0.257","27-05-2018 01:48","306.4","219.6","489.1","305","12.13","27-05-2018 16:52","0","27-05-2018 03:16","4.5","151.5","-6.525","9.46","34.52","27-05-2018 11:33","-3.613","27-05-2018 05:37","NaN","NaN","NaN","NaN","NaN"
"953","2018-05-28 18:30:00+00","12.13","28-05-2018 14:05","-1.123","28-05-2018 05:28","3.827","78.77","28-05-2018 02:46","20.53","28-05-2018 14:06","287.7","49.43","1313","28-05-2018 11:57","-5.132999999999999","28-05-2018 00:20","218.5","28-05-2018 11:57","0.772","28-05-2018 23:58","315.5","223.9","494.4","303.3","16.64","28-05-2018 16:47","0","28-05-2018 00:13","4.01","31.19","-6.558","8.05","35.22","28-05-2018 11:44","-4.356","28-05-2018 05:18","NaN","NaN","NaN","NaN","NaN"
"954","2018-05-29 18:30:00+00","10.22","29-05-2018 11:36","-0.72","29-05-2018 05:48","3.659","85.6","29-05-2018 14:06","18.64","29-05-2018 12:00","302","51.42","1410","29-05-2018 12:34","-5.7010000000000005","29-05-2018 22:27","241.2","29-05-2018 12:34","0.257","29-05-2018 19:23","319.8","225.6","492.7","304.5","17.03","29-05-2018 12:44","0","29-05-2018 00:37","4.981","163.3","-6.623","7.71","35.02","29-05-2018 12:18","-4.044","29-05-2018 05:42","NaN","NaN","NaN","NaN","NaN"
"955","2018-05-30 18:30:00+00","12.53","30-05-2018 13:36","-0.379","30-05-2018 05:42","6.129","77.82","30-05-2018 07:00","16.51","30-05-2018 13:04","361.1","61.5","1255","30-05-2018 13:03","-5.985","30-05-2018 23:29","207.7","30-05-2018 13:03","0.772","30-05-2018 23:05","288.6","226.5","517.2","304.7","12.64","30-05-2018 10:35","0","30-05-2018 00:01","3.143","266.7","-6.598","11.45","38.23","30-05-2018 13:03","-4.149","30-05-2018 05:01","NaN","NaN","NaN","NaN","NaN"
"956","2018-01-05 18:30:00+00","16.01","31-05-2018 15:01","0.6559999999999999","31-05-2018 05:18","6.669","89.4","31-05-2018 18:46","6.077000000000001","31-05-2018 13:46","349.8","59.94","1137","31-05-2018 12:40","-7.407","31-05-2018 17:58","189.2","31-05-2018 12:15","-2.314","31-05-2018 17:57","332.4","223","524.2","308.9","16.37","31-05-2018 17:43","0","31-05-2018 11:03","3.922","24.99","-6.579","11.63","39.31","31-05-2018 12:18","-3.227","31-05-2018 05:27","NaN","NaN","NaN","NaN","NaN"
"957","2018-02-05 18:30:00+00","14.12","01-06-2018 15:02","0.023","01-06-2018 06:10","6.4060000000000015","75.97","01-06-2018 04:43","15.23","01-06-2018 14:58","346.2","58.49","1159","01-06-2018 13:14","-5.1320000000000014","01-06-2018 02:04","189.7","01-06-2018 13:14","0.257","01-06-2018 19:34","309.3","223.5","503.7","307.8","14.48","01-06-2018 19:12","0","01-06-2018 05:42","4.948","105.7","-6.565","11.29","34.84","01-06-2018 11:08","-3.406","01-06-2018 05:43","NaN","NaN","NaN","NaN","NaN"
"958","2018-03-05 18:30:00+00","16.78","02-06-2018 15:06","1.028","02-06-2018 06:11","8.18","79.08","02-06-2018 04:29","11.44","02-06-2018 14:46","380.7","64.85","1132","02-06-2018 12:28","-6.27","02-06-2018 23:38","192.3","02-06-2018 12:38","0.772","02-06-2018 02:35","279.1","231.3","538.9","312.3","15.07","02-06-2018 16:41","0","02-06-2018 03:01","4.35","22.26","-6.591","13.52","39.69","02-06-2018 13:00","-2.394","02-06-2018 05:27","NaN","NaN","NaN","NaN","NaN"
"959","2018-04-05 18:30:00+00","19.75","03-06-2018 15:09","2.075","03-06-2018 05:51","10.84","71.76","03-06-2018 02:01","4.05","03-06-2018 15:11","378.9","65.23","1131","03-06-2018 12:11","-7.412000000000001","03-06-2018 04:59","193","03-06-2018 12:17","-1.286","03-06-2018 04:58","284.8","225","552.5","315.4","11.86","03-06-2018 16:15","0","03-06-2018 11:14","4.314","352.4","-6.606","15.4","41.69","03-06-2018 12:22","-1.714","03-06-2018 05:20","NaN","NaN","NaN","NaN","NaN"
"960","2018-12-06 18:30:00+00","19.17","11-07-2018 14:40","7.871","11-07-2018 03:46","12.94","83.5","11-07-2018 01:28","30.79","11-07-2018 14:43","276.3","46.65","1350","11-07-2018 13:11","-5.129","11-07-2018 00:41","227","11-07-2018 13:11","0","11-07-2018 22:37","349.1","278.8","494.9","350","15.31","11-07-2018 13:56","0","11-07-2018 00:41","5.832000000000002","169.4","-6.36","15.57","33.97","11-07-2018 10:29","5.965","11-07-2018 03:15","NaN","NaN","NaN","NaN","NaN"
"961","2018-07-12 18:30:00+00","18.27","12-07-2018 12:38","9.14","12-07-2018 06:09","11.85","88.5","12-07-2018 07:21","40.41","12-07-2018 12:38","228.8","38.35","1299","12-07-2018 13:17","-5.127999999999999","12-07-2018 20:45","215.1","12-07-2018 14:39","0","12-07-2018 00:27","362","281","494","357.8","19.82","12-07-2018 13:43","0","12-07-2018 05:36","7.126","164.4","-6.257","14.1","34.56","12-07-2018 13:09","7.392","12-07-2018 21:08","NaN","NaN","NaN","NaN","NaN"
"962","2018-07-13 18:30:00+00","15.94","13-07-2018 14:31","8.02","13-07-2018 06:19","10.68","85.8","13-07-2018 03:41","38.86","13-07-2018 14:29","151.5","25.4","1349","13-07-2018 14:24","-4.274","13-07-2018 22:29","227.7","13-07-2018 14:24","-0.257","13-07-2018 03:23","352.9","276.9","449.5","354","13.58","13-07-2018 14:12","0","13-07-2018 23:57","8.02","166.1","-6.201","11.82","25.71","13-07-2018 12:39","6.3439999999999985","13-07-2018 22:47","NaN","NaN","NaN","NaN","NaN"
"963","2018-07-14 18:30:00+00","18.95","14-07-2018 13:23","6.959","14-07-2018 03:49","12.19","90.1","14-07-2018 06:02","35.72","14-07-2018 12:42","350.2","58.25","1201","14-07-2018 09:42","-4.843","14-07-2018 22:56","195.6","14-07-2018 09:42","0.257","14-07-2018 21:29","344.2","275.9","492.2","347.4","18.42","14-07-2018 13:14","0","14-07-2018 00:25","5.648","156.1","-6.099","16.31","34.54","14-07-2018 10:30","5.347","14-07-2018 03:22","NaN","NaN","NaN","NaN","NaN"
"964","2018-07-15 18:30:00+00","19.71","15-07-2018 14:29","7.1960000000000015","15-07-2018 05:55","12.59","85.7","15-07-2018 05:14","35.48","15-07-2018 14:29","325.1","55.49","1500","15-07-2018 12:15","-5.983","15-07-2018 23:27","241.9","15-07-2018 12:00","-0.257","15-07-2018 23:28","370.8","281.6","499.4","347","18.78","15-07-2018 17:51","0","15-07-2018 00:36","5.175","147.3","-6.097","16.02","33.6","15-07-2018 12:01","5.379","15-07-2018 05:35","NaN","NaN","NaN","NaN","NaN"
"965","2018-07-16 18:30:00+00","15.4","16-07-2018 15:27","8.94","16-07-2018 04:32","11.47","92.7","16-07-2018 06:11","49.76","16-07-2018 14:51","170.3","26.23","921","16-07-2018 13:01","-4.843","16-07-2018 21:21","146.3","16-07-2018 15:14","-0.514","16-07-2018 23:26","363.9","283.3","424.2","356.1","12.82","16-07-2018 16:00","0","16-07-2018 01:44","6.229","161.7","-5.996","11.57","21.32","16-07-2018 15:17","6.698","16-07-2018 00:20","NaN","NaN","NaN","NaN","NaN"
"966","2018-07-17 18:30:00+00","17.63","17-07-2018 12:22","8.29","17-07-2018 04:49","11.49","94.2","17-07-2018 05:01","35.79","17-07-2018 12:38","237.4","39.33","1657","17-07-2018 12:46","-4.559","17-07-2018 22:14","274","17-07-2018 12:46","-0.7709999999999999","17-07-2018 23:33","356.7","280.2","488.2","355.2","16.66","17-07-2018 13:09","0.647","17-07-2018 03:09","7.7120000000000015","166.2","-6.023","13.63","34.35","17-07-2018 12:46","6.882999999999999","17-07-2018 22:13","NaN","NaN","NaN","NaN","NaN"
"967","2018-07-18 18:30:00+00","18.33","18-07-2018 15:22","7.561","18-07-2018 05:52","12.31","96.1","18-07-2018 06:06","30.79","18-07-2018 13:42","360.9","59.72","1294","18-07-2018 11:32","-4.559","18-07-2018 04:12","209.8","18-07-2018 11:32","-0.257","18-07-2018 05:08","348.4","285.9","483.2","351.8","16.72","18-07-2018 12:10","0","18-07-2018 01:54","8.38","163.1","-6.088","15.87","32.85","18-07-2018 12:46","7.322","18-07-2018 05:33","NaN","NaN","NaN","NaN","NaN"
"968","2018-07-19 18:30:00+00","16.21","19-07-2018 13:14","8.16","19-07-2018 05:10","11.33","94.4","19-07-2018 05:07","45.31","19-07-2018 13:17","211.1","35.48","1585","19-07-2018 12:59","-5.129","19-07-2018 23:40","265.8","19-07-2018 12:59","-0.7709999999999999","19-07-2018 01:21","354","276.4","473.1","350.6","15.7","19-07-2018 15:39","0","19-07-2018 23:27","7.835","164.2","-6.079","13.42","32.38","19-07-2018 10:59","5.385","19-07-2018 23:48","NaN","NaN","NaN","NaN","NaN"
"969","2018-07-20 18:30:00+00","19.27","20-07-2018 13:39","6.385","20-07-2018 03:48","12.46","87.3","20-07-2018 00:45","29.16","20-07-2018 13:40","356.7","59.81","1266","20-07-2018 11:21","-4.559","20-07-2018 00:02","208.9","20-07-2018 14:13","-0.514","20-07-2018 21:35","340.5","270.1","503.7","339.9","16.15","20-07-2018 13:07","0","20-07-2018 00:00","6.619","151.4","-6.151","16.59","35.29","20-07-2018 12:06","3.873","20-07-2018 03:11","NaN","NaN","NaN","NaN","NaN"
"970","2018-07-21 18:30:00+00","17.93","21-07-2018 15:38","8.7","21-07-2018 04:40","12.02","83.6","21-07-2018 04:08","41.26","21-07-2018 15:43","233.6","38.97","1553","21-07-2018 13:06","-4.559","21-07-2018 21:16","258.1","21-07-2018 11:45","-0.514","21-07-2018 21:17","365.8","286.7","488.9","358.8","16.97","21-07-2018 16:28","0.882","21-07-2018 08:16","8.01","164.5","-6.051","14.11","34.38","21-07-2018 11:53","7.718","21-07-2018 23:23","NaN","NaN","NaN","NaN","NaN"
"971","2018-07-22 18:30:00+00","18.07","22-07-2018 13:16","8.43","22-07-2018 04:32","12.08","89.8","22-07-2018 22:25","44.77","22-07-2018 13:16","261.5","44.25","1544","22-07-2018 12:36","-11.4","22-07-2018 20:05","256.8","22-07-2018 12:36","-2.8280000000000003","22-07-2018 19:55","366.4","294.3","505","355.1","16.56","22-07-2018 19:26","0","22-07-2018 00:33","5.996","155.9","-6.025","15.12","35.54","22-07-2018 12:52","6.944","22-07-2018 00:36","NaN","NaN","NaN","NaN","NaN"
"972","2018-07-23 18:30:00+00","19.85","23-07-2018 14:20","8.46","23-07-2018 05:29","13.04","91.8","23-07-2018 05:00","37.06","23-07-2018 15:00","285.6","47.31","1464","23-07-2018 12:16","-3.988","23-07-2018 20:00","239.6","23-07-2018 12:16","-1.029","23-07-2018 02:08","352.4","292.2","497.9","357.4","17.05","23-07-2018 14:22","0","23-07-2018 01:13","6.635","151.6","-6.011","16.05","35.71","23-07-2018 12:42","7.345","23-07-2018 01:38","NaN","NaN","NaN","NaN","NaN"
"973","2018-07-24 18:30:00+00","19.21","24-07-2018 13:52","8.5","24-07-2018 06:46","12.44","96.5","24-07-2018 05:22","38.01","24-07-2018 13:52","269.4","43.89","1391","24-07-2018 11:36","-3.989","24-07-2018 21:28","229.3","24-07-2018 12:07","-1.543","24-07-2018 02:24","367.6","287.9","512","357.9","15.03","24-07-2018 13:36","0.333","24-07-2018 01:35","7.886","162.8","-5.993","15.41","36.83","24-07-2018 13:15","8.14","24-07-2018 22:49","NaN","NaN","NaN","NaN","NaN"
"974","2018-07-25 18:30:00+00","20.08","25-07-2018 14:42","8.29","25-07-2018 07:08","13.31","95.6","25-07-2018 03:03","32.2","25-07-2018 13:28","348.8","58.57","1394","25-07-2018 12:28","-5.129","25-07-2018 04:11","228.7","25-07-2018 12:34","-0.514","25-07-2018 03:10","354.2","280","511.8","354.3","15.37","25-07-2018 12:24","0","25-07-2018 00:20","6.94","153.8","-6.005","17.67","37.04","25-07-2018 09:47","6.556","25-07-2018 07:03","NaN","NaN","NaN","NaN","NaN"
"975","2018-07-26 18:30:00+00","10.52","26-07-2018 00:22","7.126","26-07-2018 16:15","8.6","93.7","26-07-2018 10:38","74.03","26-07-2018 03:24","90.8","10.83","433.1","26-07-2018 16:45","-3.134","26-07-2018 00:30","45.26","26-07-2018 16:45","0","26-07-2018 00:36","353.5","291.6","372.9","348.6","11.35","26-07-2018 00:24","0","26-07-2018 04:13","5.064","155.3","-5.949","8.83","11.79","26-07-2018 08:45","6.025","26-07-2018 20:28","NaN","NaN","NaN","NaN","NaN"
"976","2018-07-27 18:30:00+00","10.93","27-07-2018 10:02","6.182","27-07-2018 02:51","8.76","92.7","27-07-2018 02:55","69.6","27-07-2018 09:00","130.2","17.39","893","27-07-2018 12:12","-4.8439999999999985","27-07-2018 20:41","127","27-07-2018 08:22","-0.257","27-07-2018 22:16","354.4","277.4","389.7","341.9","13.54","27-07-2018 14:06","0","27-07-2018 00:05","4.867","143.5","-5.993","8.94","16.37","27-07-2018 08:33","4.369","27-07-2018 02:19","NaN","NaN","NaN","NaN","NaN"
"977","2018-07-28 18:30:00+00","10.35","28-07-2018 12:41","6.858","28-07-2018 06:06","8.29","98.5","28-07-2018 06:11","76.53","28-07-2018 12:50","119.9","14.32","782.2","28-07-2018 10:24","-3.99","28-07-2018 21:14","101.1","28-07-2018 10:24","-0.257","28-07-2018 19:43","354.1","274.3","380.6","345.1","11.72","28-07-2018 16:29","0.627","28-07-2018 23:59","6.32","162.7","-5.945","8.25","14.15","28-07-2018 10:24","4.671","28-07-2018 21:26","NaN","NaN","NaN","NaN","NaN"
"978","2018-07-29 18:30:00+00","16.14","29-07-2018 13:13","6.351","29-07-2018 05:36","10.11","93.4","29-07-2018 05:48","32.95","29-07-2018 13:48","266","41.39","1410","29-07-2018 13:13","-4.56","29-07-2018 23:42","228.5","29-07-2018 13:13","0.257","29-07-2018 19:57","342.2","264.3","454.5","343.1","13.31","29-07-2018 16:10","0","29-07-2018 00:06","5.908","164.6","-6.034","11.06","27.45","29-07-2018 12:42","4.123","29-07-2018 23:56","NaN","NaN","NaN","NaN","NaN"
"979","2018-07-30 18:30:00+00","17.33","30-07-2018 13:48","4.169","30-07-2018 06:12","10.49","90.7","30-07-2018 04:37","11.17","30-07-2018 13:07","340.9","56.64","1256","30-07-2018 13:03","-5.13","30-07-2018 22:29","209.2","30-07-2018 14:02","0.514","30-07-2018 20:43","302.8","250.7","487.3","327","12.52","30-07-2018 20:37","0","30-07-2018 02:42","5.083","165.3","-6.18","12.8","32.24","30-07-2018 13:05","1.006","30-07-2018 05:49","NaN","NaN","NaN","NaN","NaN"
"980","2018-01-07 18:30:00+00","17.96","31-07-2018 14:43","6.081","31-07-2018 02:59","11.28","86.5","31-07-2018 03:02","15.83","31-07-2018 14:42","365.8","61.74","1428","31-07-2018 13:26","-5.13","31-07-2018 02:28","235.7","31-07-2018 13:26","-0.257","31-07-2018 20:18","338","253.7","511.6","339.6","14.25","31-07-2018 12:45","0","31-07-2018 02:42","5.922999999999999","155.8","-6.187","16.01","34.25","31-07-2018 14:40","3.4730000000000003","31-07-2018 02:52","NaN","NaN","NaN","NaN","NaN"
"981","2018-02-07 18:30:00+00","16.92","01-08-2018 13:44","6.115","01-08-2018 04:04","10.76","91.3","01-08-2018 02:41","31.84","01-08-2018 15:00","258.3","44.03","1579","01-08-2018 12:44","-4.8439999999999985","01-08-2018 22:44","265","01-08-2018 12:25","0.257","01-08-2018 00:00","347.7","262.4","477.2","342.4","14.03","01-08-2018 15:17","0","01-08-2018 03:33","6.222","165.4","-6.182","13.64","32.59","01-08-2018 12:46","4.194","01-08-2018 03:35","NaN","NaN","NaN","NaN","NaN"
"982","2018-03-07 18:30:00+00","18.5","02-08-2018 14:27","6.149","02-08-2018 04:17","11.39","88","02-08-2018 03:19","19.38","02-08-2018 14:15","353","60.51","1115","02-08-2018 12:41","-4.845","02-08-2018 03:07","188.7","02-08-2018 12:38","-0.257","02-08-2018 00:11","330.1","257.1","498.3","339.7","14.07","02-08-2018 15:49","0","02-08-2018 03:33","5.943","156","-6.209","15.34","33.31","02-08-2018 11:12","3.683","02-08-2018 03:14","NaN","NaN","NaN","NaN","NaN"
"983","2018-04-07 18:30:00+00","19.68","03-08-2018 14:33","4.867","03-08-2018 06:22","11.85","84.7","03-08-2018 05:55","26.5","03-08-2018 13:36","353.5","60.71","1149","03-08-2018 11:15","-5.129","03-08-2018 00:27","191.8","03-08-2018 11:15","-0.257","03-08-2018 19:34","312.2","259.4","493.8","334.9","16.03","03-08-2018 19:33","0","03-08-2018 00:42","6.71","150.3","-6.317","15.09","33.42","03-08-2018 11:17","2.6210000000000004","03-08-2018 05:53","NaN","NaN","NaN","NaN","NaN"
"984","2018-05-07 18:30:00+00","20.56","04-08-2018 13:07","6.149","04-08-2018 05:34","12.79","88.7","04-08-2018 23:59","29.33","04-08-2018 13:07","321.3","54.89","1146","04-08-2018 13:09","-4.8439999999999985","04-08-2018 00:20","191.7","04-08-2018 13:07","0","04-08-2018 20:05","366.1","269.7","500.6","339.5","16.29","04-08-2018 18:42","0","04-08-2018 00:19","6.239","149.8","-6.338","15.79","34.94","04-08-2018 11:03","3.682","04-08-2018 05:33","NaN","NaN","NaN","NaN","NaN"
"985","2018-06-07 18:30:00+00","21.06","05-08-2018 14:36","8.03","05-08-2018 06:16","13.84","90.6","05-08-2018 00:45","27.95","05-08-2018 11:05","327.7","56.41","1127","05-08-2018 11:32","-8.83","05-08-2018 21:08","188.4","05-08-2018 12:43","-0.7709999999999999","05-08-2018 21:05","356.3","278.7","486.5","350.4","18.54","05-08-2018 16:14","0","05-08-2018 00:18","6.796","147.1","-6.219","17.22","33.38","05-08-2018 11:32","6","05-08-2018 05:41","NaN","NaN","NaN","NaN","NaN"
"986","2018-07-07 18:30:00+00","20.3","06-08-2018 12:46","8.9","06-08-2018 06:06","12.92","90.7","06-08-2018 05:15","38.78","06-08-2018 14:49","272.1","46.73","1438","06-08-2018 12:54","-11.11","06-08-2018 19:13","240","06-08-2018 12:51","-2.057","06-08-2018 19:13","384.3","294.2","512.6","359.6","19.25","06-08-2018 19:12","0","06-08-2018 01:50","5.58","120.5","-6.005","16.21","36.97","06-08-2018 12:57","7.794","06-08-2018 05:47","NaN","NaN","NaN","NaN","NaN"
"987","2018-08-07 18:30:00+00","12.9","07-08-2018 11:22","7.837999999999999","07-08-2018 04:32","9.76","92.8","07-08-2018 04:48","70.26","07-08-2018 11:00","124.3","16.62","713.7","07-08-2018 10:22","-3.135","07-08-2018 21:29","99","07-08-2018 10:22","-0.257","07-08-2018 19:44","366","281.6","405.2","350.3","12.37","07-08-2018 12:08","0","07-08-2018 00:19","4.334","150.5","-5.931","10.09","19.93","07-08-2018 10:38","6.002000000000002","07-08-2018 03:30","NaN","NaN","NaN","NaN","NaN"
"988","2018-09-07 18:30:00+00","14.29","08-08-2018 16:20","7.362999999999999","08-08-2018 06:50","10.1","99.5","08-08-2018 04:14","57.33","08-08-2018 16:24","300.6","47.18","1461","08-08-2018 13:20","-3.989","08-08-2018 19:40","237.6","08-08-2018 13:58","-1.029","08-08-2018 05:23","353.9","278.4","444.8","350.4","15.9","08-08-2018 17:49","2.0380000000000003","08-08-2018 01:18","8.64","165.3","-6.194","11.73","26.35","08-08-2018 12:06","6.131","08-08-2018 23:16","NaN","NaN","NaN","NaN","NaN"
"989","2018-10-07 18:30:00+00","18.13","09-08-2018 14:51","7.597","09-08-2018 05:32","11.45","98","09-08-2018 05:48","37.88","09-08-2018 14:26","295.2","48.88","1455","09-08-2018 10:55","-4.274","09-08-2018 23:51","239.3","09-08-2018 10:55","0","09-08-2018 19:33","348.2","286.3","480.7","351.1","16.01","09-08-2018 14:30","0","09-08-2018 00:12","7.025","163.6","-6.132","14.03","30.97","09-08-2018 13:26","6.496","09-08-2018 03:00","NaN","NaN","NaN","NaN","NaN"
"990","2018-11-07 18:30:00+00","19.92","10-08-2018 14:16","6.622000000000001","10-08-2018 05:54","12.48","90.7","10-08-2018 02:03","27.65","10-08-2018 14:10","348.4","59","1095","10-08-2018 12:05","-4.843","10-08-2018 19:37","181.4","10-08-2018 12:37","-0.257","10-08-2018 19:37","337.2","269.8","486.2","341.7","16.86","10-08-2018 14:48","0","10-08-2018 00:13","6.367000000000001","148.2","-6.198","15.56","33.56","10-08-2018 11:00","4.011","10-08-2018 05:55","NaN","NaN","NaN","NaN","NaN"
"991","2018-12-07 18:30:00+00","20.48","11-08-2018 14:37","6.824","11-08-2018 06:35","12.92","90.1","11-08-2018 23:56","33.55","11-08-2018 15:05","330.4","56.4","1148","11-08-2018 12:19","-4.843","11-08-2018 22:02","191.5","11-08-2018 12:50","0","11-08-2018 02:49","356.4","272.5","498.4","344.9","16.8","11-08-2018 15:22","0","11-08-2018 00:20","6.146","145","-6.207","16.68","33.47","11-08-2018 10:14","4.81","11-08-2018 05:54","NaN","NaN","NaN","NaN","NaN"
"992","2018-08-12 18:30:00+00","18.87","12-08-2018 13:51","8.77","12-08-2018 04:52","12.81","89.7","12-08-2018 00:00","38.42","12-08-2018 13:51","277.8","47.51","1358","12-08-2018 14:08","-4.274","12-08-2018 01:42","225.9","12-08-2018 14:08","-0.7709999999999999","12-08-2018 19:56","359.3","287.8","495.9","357.7","16.68","12-08-2018 15:06","0","12-08-2018 01:41","7.152","146.4","-6.316","16.12","33.81","12-08-2018 11:46","7.362999999999999","12-08-2018 01:36","NaN","NaN","NaN","NaN","NaN"
"993","2018-08-13 18:30:00+00","11.06","13-08-2018 00:57","7.667000000000002","13-08-2018 10:19","9.28","94.9","13-08-2018 07:05","74.37","13-08-2018 16:50","87.6","10.88","560.1","13-08-2018 16:31","-2.85","13-08-2018 22:45","82.8","13-08-2018 16:31","-1.029","13-08-2018 20:18","361.1","284.9","383.4","349.1","12.7","13-08-2018 17:36","0","13-08-2018 02:59","5.481","157.8","-6.34","9.62","14.25","13-08-2018 12:07","5.694","13-08-2018 23:25","NaN","NaN","NaN","NaN","NaN"
"994","2018-08-14 18:30:00+00","17.12","14-08-2018 13:53","6.318","14-08-2018 05:21","10.78","93.6","14-08-2018 05:36","28.22","14-08-2018 13:46","277.1","44.86","1386","14-08-2018 11:30","-4.274","14-08-2018 03:08","228.3","14-08-2018 13:10","0","14-08-2018 01:16","336.6","268.2","471","342.8","14.41","14-08-2018 18:40","0","14-08-2018 04:21","5.791","162.6","-6.355","13.02","29.73","14-08-2018 13:22","4.347","14-08-2018 03:15","NaN","NaN","NaN","NaN","NaN"
"995","2018-08-15 18:30:00+00","18.41","15-08-2018 13:49","6.7570000000000014","15-08-2018 07:06","11.64","85.4","15-08-2018 07:08","25.79","15-08-2018 13:51","303.6","51.67","1231","15-08-2018 12:30","-4.559","15-08-2018 23:41","209.5","15-08-2018 12:27","-0.514","15-08-2018 01:25","332.7","263.9","484.9","344.2","15.17","15-08-2018 18:12","0","15-08-2018 05:12","6.981","160.4","-6.241","14.25","30.91","15-08-2018 12:52","4.332","15-08-2018 06:03","NaN","NaN","NaN","NaN","NaN"
"996","2018-08-16 18:30:00+00","19.24","16-08-2018 15:05","7.534","16-08-2018 04:51","12.19","83.9","16-08-2018 03:50","31.26","16-08-2018 14:25","294.8","50.68","1411","16-08-2018 12:15","-4.8439999999999985","16-08-2018 20:08","240.1","16-08-2018 12:15","-0.7709999999999999","16-08-2018 22:55","332.7","281.3","485.6","350.3","14.9","16-08-2018 14:33","0","16-08-2018 00:07","5.937","160.4","-6.178","14.83","31.16","16-08-2018 13:37","5.938","16-08-2018 01:10","NaN","NaN","NaN","NaN","NaN"
"997","2018-08-17 18:30:00+00","19.15","17-08-2018 13:38","8.9","17-08-2018 04:52","12.66","87","17-08-2018 04:33","39.47","17-08-2018 13:10","281.6","48.4","1373","17-08-2018 11:38","-4.274","17-08-2018 00:42","228.5","17-08-2018 11:38","-0.7709999999999999","17-08-2018 23:02","363","290.2","482.5","360.7","17.82","17-08-2018 13:31","0","17-08-2018 00:32","6.662000000000001","159.2","-6.135","15.97","32.14","17-08-2018 13:37","8.32","17-08-2018 00:40","NaN","NaN","NaN","NaN","NaN"
"998","2018-08-18 18:30:00+00","18.41","18-08-2018 12:38","8.03","18-08-2018 07:08","11.56","94","18-08-2018 05:04","33.52","18-08-2018 12:43","258.4","44.3","1480","18-08-2018 13:42","-5.699","18-08-2018 01:55","246.2","18-08-2018 12:42","-1.029","18-08-2018 01:36","357.6","280.2","502.3","353.6","15.6","18-08-2018 14:22","0","18-08-2018 03:38","7.457000000000002","160.6","-6.326","14.62","37.23","18-08-2018 12:38","6.617000000000001","18-08-2018 23:46","NaN","NaN","NaN","NaN","NaN"
"999","2018-08-19 18:30:00+00","19.41","19-08-2018 15:33","6.149","19-08-2018 06:00","12.49","88.6","19-08-2018 06:02","28.19","19-08-2018 14:00","307.3","53.43","1383","19-08-2018 12:57","-5.127999999999999","19-08-2018 22:48","235.6","19-08-2018 12:57","-0.257","19-08-2018 22:47","339.2","272","499.4","340.1","15.72","19-08-2018 16:37","0","19-08-2018 01:36","6.699","154.7","-6.423","15.34","35.64","19-08-2018 12:17","4.005","19-08-2018 05:48","NaN","NaN","NaN","NaN","NaN"
"1000","2018-08-20 18:30:00+00","19.58","20-08-2018 13:14","8.83","20-08-2018 06:24","13","90.9","20-08-2018 02:22","25.18","20-08-2018 13:21","283.8","49.51","1211","20-08-2018 12:41","-4.558","20-08-2018 20:27","206.1","20-08-2018 12:41","0","20-08-2018 02:56","351.4","281.8","492.5","354.9","15.8","20-08-2018 16:34","0","20-08-2018 06:32","6.917999999999998","162","-6.402","16.29","34.48","20-08-2018 13:27","6.807","20-08-2018 06:11","NaN","NaN","NaN","NaN","NaN"
"1001","2018-08-21 18:30:00+00","19.41","21-08-2018 14:15","7.836","21-08-2018 05:45","12.8","86.2","21-08-2018 01:21","37.27","21-08-2018 14:29","280.1","48.71","1376","21-08-2018 13:46","-5.4129999999999985","21-08-2018 22:34","235.6","21-08-2018 13:46","0.257","21-08-2018 19:33","357.9","286.8","496","351.6","14.19","21-08-2018 18:37","0","21-08-2018 00:47","5.936","151.3","-6.365","15.86","34.42","21-08-2018 12:12","6.476","21-08-2018 05:15","NaN","NaN","NaN","NaN","NaN"
"1002","2018-08-22 18:30:00+00","20.82","22-08-2018 14:44","9.31","22-08-2018 06:19","13.58","92.9","22-08-2018 06:10","18.43","22-08-2018 14:39","321.8","56.11","1122","22-08-2018 12:33","-4.558","22-08-2018 23:27","193.5","22-08-2018 12:33","-0.257","22-08-2018 21:58","352.7","285","506.3","360.7","16.01","22-08-2018 16:36","0","22-08-2018 00:15","6.756","160.7","-6.301","17.78","36.6","22-08-2018 10:44","8.09","22-08-2018 23:53","NaN","NaN","NaN","NaN","NaN"
"1003","2018-08-23 18:30:00+00","18.1","23-08-2018 15:29","8.67","23-08-2018 06:29","11.98","88.3","23-08-2018 05:57","35.72","23-08-2018 15:18","185.7","32.87","1383","23-08-2018 13:32","-4.559","23-08-2018 00:55","239.6","23-08-2018 13:27","0.514","23-08-2018 22:04","354","280.6","480.7","355.7","13.9","23-08-2018 18:40","0","23-08-2018 00:56","6.017","154.7","-6.321","13.53","29.78","23-08-2018 13:32","6.669","23-08-2018 23:57","NaN","NaN","NaN","NaN","NaN"
"1004","2018-08-24 18:30:00+00","15.2","24-08-2018 13:11","7.2970000000000015","24-08-2018 04:48","9.62","93.6","24-08-2018 19:03","50.81","24-08-2018 12:57","154.3","25.22","1541","24-08-2018 13:06","-3.989","24-08-2018 00:21","260.4","24-08-2018 13:06","0","24-08-2018 19:20","357.7","283.1","485.8","348","14.37","24-08-2018 13:35","0","24-08-2018 01:00","5.641","154.7","-6.344","10.78","34.57","24-08-2018 13:03","5.43","24-08-2018 22:09","NaN","NaN","NaN","NaN","NaN"
"1005","2018-08-25 18:30:00+00","16.18","25-08-2018 13:20","6.284","25-08-2018 04:54","10.54","96.2","25-08-2018 07:10","34.84","25-08-2018 12:02","250.9","43.02","1611","25-08-2018 11:31","-4.275","25-08-2018 23:38","269.9","25-08-2018 11:31","-0.7709999999999999","25-08-2018 20:57","346.2","263.4","481.6","340.7","14.7","25-08-2018 14:56","0","25-08-2018 02:33","6.358","166.8","-6.404","13.64","33.95","25-08-2018 11:27","4.279","25-08-2018 03:20","NaN","NaN","NaN","NaN","NaN"
"1006","2018-08-26 18:30:00+00","17.36","26-08-2018 16:24","5.004","26-08-2018 04:51","10.39","90.1","26-08-2018 05:06","20.05","26-08-2018 16:23","281.8","49.53","1264","26-08-2018 10:48","-5.4129999999999985","26-08-2018 19:43","219.6","26-08-2018 10:48","0.514","26-08-2018 19:45","356.8","258","500.9","331.6","13.62","26-08-2018 12:33","0","26-08-2018 03:01","5.5539999999999985","168.6","-6.478","13.09","35.47","26-08-2018 13:09","2.003","26-08-2018 04:21","NaN","NaN","NaN","NaN","NaN"
"1007","2018-08-27 18:30:00+00","18.31","27-08-2018 13:34","3.725","27-08-2018 06:51","10.82","87.1","27-08-2018 07:20","11.41","27-08-2018 12:08","327.6","58.59","1073","27-08-2018 12:24","-6.5539999999999985","27-08-2018 23:20","186.9","27-08-2018 12:33","0.514","27-08-2018 20:58","313.4","248.2","509.8","327.2","12.5","27-08-2018 12:44","0","27-08-2018 03:29","5.039","160.5","-6.45","14.32","35.2","27-08-2018 13:10","0.936","27-08-2018 05:36","NaN","NaN","NaN","NaN","NaN"
"1008","2018-08-28 18:30:00+00","18.13","28-08-2018 15:13","2.819","28-08-2018 06:46","10.69","71.65","28-08-2018 06:49","9.96","28-08-2018 13:35","313.6","56.78","1095","28-08-2018 12:56","-5.985","28-08-2018 01:06","194.1","28-08-2018 12:56","0.514","28-08-2018 20:16","299.2","239.9","497.5","322.4","13.9","28-08-2018 13:08","0","28-08-2018 01:05","5.254","137.7","-6.442","13.79","34.55","28-08-2018 12:21","-0.107","28-08-2018 05:47","NaN","NaN","NaN","NaN","NaN"
"1009","2018-08-29 18:30:00+00","18.84","29-08-2018 14:57","4.7360000000000015","29-08-2018 06:03","11.32","80.6","29-08-2018 23:45","21.2","29-08-2018 16:09","284.9","51.13","1333","29-08-2018 11:02","-5.984","29-08-2018 00:21","231.9","29-08-2018 11:02","-0.257","29-08-2018 20:43","344.6","259.3","490.6","331.4","13.43","29-08-2018 13:43","0","29-08-2018 00:21","5.501","151.9","-6.304","13.85","32.82","29-08-2018 12:55","1.787","29-08-2018 05:31","NaN","NaN","NaN","NaN","NaN"
"1010","2018-08-30 18:30:00+00","19.01","30-08-2018 15:48","5.574","30-08-2018 07:05","11.88","85.3","30-08-2018 01:34","19.31","30-08-2018 14:53","306.8","55.07","1143","30-08-2018 12:43","-5.414","30-08-2018 01:09","202","30-08-2018 12:43","0.514","30-08-2018 18:53","333.6","262.6","495.3","338","17.4","30-08-2018 16:12","0","30-08-2018 01:30","6.521","153.6","-6.323","14.95","34.82","30-08-2018 11:46","3.283","30-08-2018 06:41","NaN","NaN","NaN","NaN","NaN"
"1011","2018-01-08 18:30:00+00","19.01","31-08-2018 13:59","5.3039999999999985","31-08-2018 06:35","11.15","84.4","31-08-2018 04:59","23.16","31-08-2018 14:14","280.1","50.37","1333","31-08-2018 11:56","-5.414","31-08-2018 01:30","231.6","31-08-2018 11:58","-0.514","31-08-2018 19:05","341.6","261.3","523","336.3","15.03","31-08-2018 18:41","0","31-08-2018 02:05","6.268","155.7","-6.287","14.85","37.16","31-08-2018 10:34","2.763","31-08-2018 04:39","NaN","NaN","NaN","NaN","NaN"
"1012","2018-02-08 18:30:00+00","18.57","01-09-2018 16:39","4.837","01-09-2018 06:24","11.28","88.1","01-09-2018 05:36","19.28","01-09-2018 12:39","318.9","57.68","1069","01-09-2018 13:30","-4.8439999999999985","01-09-2018 02:01","186.6","01-09-2018 12:33","-0.257","01-09-2018 23:06","301.4","259.5","502.6","331.9","13.82","01-09-2018 20:26","0","01-09-2018 02:07","5.4510000000000005","154.8","-6.262","15.15","34.8","01-09-2018 12:41","2.13","01-09-2018 06:10","NaN","NaN","NaN","NaN","NaN"
"1013","2018-03-08 18:30:00+00","12.8","02-09-2018 13:46","5.811","02-09-2018 23:34","8.63","92.8","02-09-2018 23:38","57.63","02-09-2018 13:46","131.7","22.88","1368","02-09-2018 12:30","-3.99","02-09-2018 00:04","232.7","02-09-2018 12:30","-1.029","02-09-2018 22:22","347.8","273.7","419.1","344.4","15.15","02-09-2018 14:41","0","02-09-2018 06:28","7.449","160.3","-6.321","10.73","21.66","02-09-2018 12:30","5.877000000000002","02-09-2018 23:34","NaN","NaN","NaN","NaN","NaN"
"1014","2018-04-08 18:30:00+00","13.31","03-09-2018 15:06","6.0139999999999985","03-09-2018 00:01","8.79","93.1","03-09-2018 05:27","53.82","03-09-2018 15:06","172.6","30.18","1501","03-09-2018 12:20","-3.705","03-09-2018 19:04","260.5","03-09-2018 12:20","0","03-09-2018 20:14","354.5","277.3","450.1","345.6","14.99","03-09-2018 16:22","0","03-09-2018 01:01","5.932","161.8","-6.304","10.71","27.47","03-09-2018 12:20","6.044","03-09-2018 04:19","NaN","NaN","NaN","NaN","NaN"
"1015","2018-05-08 18:30:00+00","11.06","04-09-2018 12:32","6.0139999999999985","04-09-2018 23:57","8.56","90.3","04-09-2018 23:40","65.31","04-09-2018 12:33","135.2","22.78","783.7","04-09-2018 16:13","-4.8439999999999985","04-09-2018 03:10","138.3","04-09-2018 16:15","-0.514","04-09-2018 19:05","352.1","271.9","401.5","336.4","14.84","04-09-2018 16:11","0","04-09-2018 00:40","5.877000000000002","163.3","-6.423","9.2","17.84","04-09-2018 12:24","3.14","04-09-2018 23:45","NaN","NaN","NaN","NaN","NaN"
"1016","2018-06-08 18:30:00+00","14.86","05-09-2018 12:48","5.608","05-09-2018 06:34","8.85","91.6","05-09-2018 00:46","44.16","05-09-2018 12:49","205.1","35.37","1513","05-09-2018 11:58","-4.274","05-09-2018 19:21","257.3","05-09-2018 12:12","-0.7709999999999999","05-09-2018 19:02","352.1","275.4","476.6","337.1","16.07","05-09-2018 14:38","0","05-09-2018 01:17","5.823","155.2","-6.553","11.37","32.03","05-09-2018 12:19","3.32","05-09-2018 06:23","NaN","NaN","NaN","NaN","NaN"
"1017","2018-07-08 18:30:00+00","13.41","06-09-2018 11:50","6.284","06-09-2018 05:37","8.57","90.9","06-09-2018 21:32","50","06-09-2018 12:33","175.8","29.56","1519","06-09-2018 11:51","-3.989","06-09-2018 23:12","262","06-09-2018 11:51","-0.514","06-09-2018 20:30","352.7","280.4","445.4","342","14.9","06-09-2018 12:35","0","06-09-2018 01:10","5.4220000000000015","158.1","-6.465","10.74","27.9","06-09-2018 09:16","4.526","06-09-2018 03:58","NaN","NaN","NaN","NaN","NaN"
"1018","2018-08-08 18:30:00+00","13.92","07-09-2018 10:44","5.372000000000001","07-09-2018 21:49","7.973","93","07-09-2018 19:37","46.19","07-09-2018 11:40","168.8","29.42","1325","07-09-2018 11:38","-3.135","07-09-2018 05:02","219.5","07-09-2018 11:38","0","07-09-2018 00:46","356","269.6","484.1","337.3","15.41","07-09-2018 12:26","0","07-09-2018 05:07","6.2120000000000015","162.9","-6.467","10.36","34.23","07-09-2018 10:51","3.205","07-09-2018 06:52","NaN","NaN","NaN","NaN","NaN"
"1019","2018-09-08 18:30:00+00","11.47","08-09-2018 13:22","4.495","08-09-2018 02:45","7.692","94.3","08-09-2018 03:46","62.14","08-09-2018 13:25","151.5","24.88","1493","08-09-2018 13:12","-3.42","08-09-2018 02:14","255.8","08-09-2018 13:12","-0.257","08-09-2018 19:38","336.7","270.9","429.6","333","14.25","08-09-2018 15:00","0","08-09-2018 00:59","5.401","157","-6.446","8.39","22.48","08-09-2018 13:20","2.48","08-09-2018 02:13","NaN","NaN","NaN","NaN","NaN"
"1020","2018-10-08 18:30:00+00","12.74","09-09-2018 14:29","5.541","09-09-2018 21:58","7.972","97.2","09-09-2018 06:44","53.21","09-09-2018 14:23","139.1","21.69","1513","09-09-2018 13:22","-5.414","09-09-2018 18:47","252","09-09-2018 13:22","0.257","09-09-2018 02:54","352","299.4","420.6","341.7","14.56","09-09-2018 14:42","0","09-09-2018 00:44","4.448","165.8","-6.38","8.98","21.53","09-09-2018 13:27","5.073","09-09-2018 21:58","NaN","NaN","NaN","NaN","NaN"
"1021","2018-11-08 18:30:00+00","13.88","10-09-2018 12:44","4.797","10-09-2018 06:44","8.25","94","10-09-2018 03:40","41.29","10-09-2018 13:05","146.7","22.7","1412","10-09-2018 12:42","-6.5539999999999985","10-09-2018 20:35","228.5","10-09-2018 12:42","-0.772","10-09-2018 19:24","355.4","281.2","416.5","333.3","13.64","10-09-2018 15:36","0","10-09-2018 00:54","4.192","172.6","-6.145","8.32","20.21","10-09-2018 14:15","2.379","10-09-2018 06:49","NaN","NaN","NaN","NaN","NaN"
"1022","2018-12-08 18:30:00+00","10.76","11-09-2018 14:45","4.131","11-09-2018 06:14","6.864","93.3","11-09-2018 04:00","55.45","11-09-2018 14:51","146.2","23.74","1330","11-09-2018 11:10","-4.845","11-09-2018 05:31","218","11-09-2018 11:10","0.257","11-09-2018 19:19","339.6","256.7","402.2","327.6","14.7","11-09-2018 16:03","0","11-09-2018 00:24","5.2970000000000015","167.6","-5.989","7.093","20.52","11-09-2018 09:30","1.239","11-09-2018 06:14","NaN","NaN","NaN","NaN","NaN"
"1023","2018-09-12 18:30:00+00","15.44","12-09-2018 14:14","4.189","12-09-2018 04:45","8.72","96.1","12-09-2018 03:22","24.34","12-09-2018 13:56","304","53.34","1067","12-09-2018 12:36","-5.414","12-09-2018 23:44","187.1","12-09-2018 12:46","0.514","12-09-2018 20:44","326.3","249.9","456.6","328.9","14.48","12-09-2018 13:40","0","12-09-2018 00:18","5.502999999999999","161.4","-6.166","11.32","29.66","12-09-2018 11:07","1.463","12-09-2018 00:00","NaN","NaN","NaN","NaN","NaN"
"1024","2018-09-13 18:30:00+00","13.82","13-09-2018 13:01","1.665","13-09-2018 20:54","6.527","95.7","13-09-2018 21:02","25.56","13-09-2018 13:11","251.3","45.08","1298","13-09-2018 12:31","-5.699","13-09-2018 18:56","230.6","13-09-2018 12:30","-1.286","13-09-2018 18:50","331","246.2","450","321","19.87","13-09-2018 13:32","0","13-09-2018 00:23","6.807","141.8","-6.225","8.94","27.57","13-09-2018 11:09","-0.249","13-09-2018 05:35","NaN","NaN","NaN","NaN","NaN"
"1025","2018-09-14 18:30:00+00","10.42","14-09-2018 14:05","2.041","14-09-2018 06:04","5.348","92.7","14-09-2018 05:51","34.04","14-09-2018 14:45","182","30.76","1403","14-09-2018 12:16","-5.7010000000000005","14-09-2018 23:22","245","14-09-2018 12:16","-0.772","14-09-2018 20:18","321.9","239.3","426.2","319.7","16.31","14-09-2018 14:39","0","14-09-2018 00:09","5.7029999999999985","160.5","-6.118","6.06","22.78","14-09-2018 12:17","-0.935","14-09-2018 23:58","NaN","NaN","NaN","NaN","NaN"
"1026","2018-09-15 18:30:00+00","10.22","15-09-2018 12:12","-0.345","15-09-2018 06:16","3.695","86.6","15-09-2018 05:47","20.43","15-09-2018 10:40","174.9","30.99","1240","15-09-2018 10:50","-5.7029999999999985","15-09-2018 23:00","215.5","15-09-2018 10:01","1.029","15-09-2018 02:56","318.7","225.3","429.7","306.8","15.13","15-09-2018 12:40","0","15-09-2018 00:11","3.57","192.2","-6.16","4.806","24.89","15-09-2018 10:39","-3.488","15-09-2018 06:15","NaN","NaN","NaN","NaN","NaN"
"1027","2018-09-16 18:30:00+00","10.31","16-09-2018 15:37","-1.731","16-09-2018 06:24","3.906","79.85","16-09-2018 03:33","19.32","16-09-2018 12:27","276.3","50.71","1228","16-09-2018 13:33","-5.699","16-09-2018 18:45","223.7","16-09-2018 13:34","0.772","16-09-2018 20:22","286","217.1","447.2","299.5","12.72","16-09-2018 13:16","0","16-09-2018 00:56","5.158","161.1","-6.318","5.949","24.14","16-09-2018 13:46","-5.104","16-09-2018 06:03","NaN","NaN","NaN","NaN","NaN"
"1028","2018-09-17 18:30:00+00","9.95","17-09-2018 14:40","-1.629","17-09-2018 06:19","3.687","83.9","17-09-2018 07:19","13.88","17-09-2018 12:38","246.8","45.58","1149","17-09-2018 13:02","-5.7029999999999985","17-09-2018 23:56","205.9","17-09-2018 13:02","0.257","17-09-2018 18:51","293.1","220.4","453.5","301.3","13.54","17-09-2018 17:15","0","17-09-2018 00:30","4.291","168.4","-6.388","5.968","28.14","17-09-2018 13:02","-4.751","17-09-2018 06:12","NaN","NaN","NaN","NaN","NaN"
"1029","2018-09-18 18:30:00+00","12.16","18-09-2018 13:24","-1.528","18-09-2018 06:37","5.041","77.55","18-09-2018 06:38","14.69","18-09-2018 13:25","289.5","54.16","1023","18-09-2018 12:33","-5.414","18-09-2018 19:01","185.6","18-09-2018 12:47","0.7709999999999999","18-09-2018 19:55","264.1","220.6","460.1","301.1","13.62","18-09-2018 14:52","0","18-09-2018 00:14","4.712","119.3","-6.502","7.56","30.09","18-09-2018 11:14","-4.77","18-09-2018 06:13","NaN","NaN","NaN","NaN","NaN"
"1030","2018-09-19 18:30:00+00","13.51","19-09-2018 13:37","-0.041","19-09-2018 07:03","5.61","78.4","19-09-2018 00:17","19.92","19-09-2018 13:37","238","44.17","1076","19-09-2018 12:32","-6.555","19-09-2018 21:12","194.1","19-09-2018 12:24","-0.257","19-09-2018 18:32","327.5","229.3","474.5","307.4","17.37","19-09-2018 16:19","0","19-09-2018 01:15","4.26","321.2","-6.488","7.915","29.82","19-09-2018 12:34","-3.5610000000000004","19-09-2018 05:54","NaN","NaN","NaN","NaN","NaN"
"1031","2018-09-20 18:30:00+00","13.24","20-09-2018 13:11","-0.277","20-09-2018 07:20","5.8","75.12","20-09-2018 07:20","12.83","20-09-2018 13:08","252.4","47.61","1058","20-09-2018 13:46","-5.985","20-09-2018 21:59","194.8","20-09-2018 13:46","0.772","20-09-2018 23:05","286.3","223.3","468.9","305.1","11.94","20-09-2018 12:47","0","20-09-2018 01:08","3.941","164.5","-6.321","7.827000000000001","29.26","20-09-2018 11:21","-3.754","20-09-2018 06:10","NaN","NaN","NaN","NaN","NaN"
"1032","2018-09-21 18:30:00+00","14.36","21-09-2018 14:49","1.095","21-09-2018 07:19","6.61","69.03","21-09-2018 23:58","15.36","21-09-2018 15:32","279.2","52.69","985","21-09-2018 12:32","-5.131","21-09-2018 00:25","181.7","21-09-2018 13:00","0.257","21-09-2018 18:46","300.3","231","467.8","312.9","14.09","21-09-2018 13:28","0","21-09-2018 00:55","4.621","111.3","-6.183","9.38","31.22","21-09-2018 11:09","-2.134","21-09-2018 02:41","NaN","NaN","NaN","NaN","NaN"
"1033","2018-09-22 18:30:00+00","5.405","22-09-2018 02:22","-0.662","22-09-2018 23:33","1.582","100","22-09-2018 14:23","64.63","22-09-2018 02:03","35.55","18.83","166.5","22-09-2018 12:26","-8.26","22-09-2018 02:48","106.5","22-09-2018 16:01","-1.287","22-09-2018 19:18","328.4","275","341.1","311.5","10.15","22-09-2018 02:53","0","22-09-2018 00:00","1.741","157.9","-1.565","1.392","5.142","22-09-2018 02:39","-1.042","22-09-2018 23:59","NaN","NaN","NaN","NaN","NaN"
"1034","2018-09-23 18:30:00+00","6.25","23-09-2018 15:18","-0.764","23-09-2018 00:40","0.7140000000000001","100","23-09-2018 00:00","70.14","23-09-2018 15:19","148.7","142.9","996","23-09-2018 12:25","-1.995","23-09-2018 18:44","857","23-09-2018 12:25","-1.801","23-09-2018 22:03","361.3","282.2","342.3","298.6","6.919","23-09-2018 16:55","0","23-09-2018 00:00","1.096","141","25.45","0.001","3.575","23-09-2018 12:05","-1.091","23-09-2018 00:35","NaN","NaN","NaN","NaN","NaN"
"1035","2018-09-24 18:30:00+00","3.528","24-09-2018 13:49","-2.514","24-09-2018 03:19","-0.8029999999999999","100","24-09-2018 00:00","91.7","24-09-2018 10:54","96","112","516.6","24-09-2018 10:40","-0.855","24-09-2018 00:45","556.2","24-09-2018 10:40","-2.316","24-09-2018 00:07","316","294.4","314.3","296.7","6.5070000000000014","24-09-2018 18:10","0","24-09-2018 00:00","1.4280000000000002","161.7","28.07","-1.277","0.43","24-09-2018 12:19","-2.597","24-09-2018 03:15","NaN","NaN","NaN","NaN","NaN"
"1036","2018-09-25 18:30:00+00","9.73","25-09-2018 11:20","-6.561","25-09-2018 23:55","-0.269","100","25-09-2018 00:00","40.16","25-09-2018 11:42","248.2","211.8","1522","25-09-2018 12:04","-5.417999999999998","25-09-2018 20:03","1118","25-09-2018 12:04","-2.316","25-09-2018 05:47","333.1","210","346.1","274.2","4.998","25-09-2018 13:26","0","25-09-2018 00:00","1.331","355.4","38.31","-2.7960000000000003","5.062","25-09-2018 12:04","-10.4","25-09-2018 23:59","NaN","NaN","NaN","NaN","NaN"
"1037","2018-09-26 18:30:00+00","1.993","26-09-2018 15:09","-12.6","26-09-2018 07:38","-4.525","90.6","26-09-2018 01:07","40.81","26-09-2018 12:19","294.7","231.1","1041","26-09-2018 12:12","-5.707000000000002","26-09-2018 04:44","795.6","26-09-2018 12:11","-2.06","26-09-2018 04:45","224.4","189.9","314.8","249.7","7.056","26-09-2018 02:29","0.47","26-09-2018 01:57","3.661","5.482","25.15","-8.12","0.163","26-09-2018 11:56","-16.31","26-09-2018 07:37","NaN","NaN","NaN","NaN","NaN"
"1038","2018-09-27 18:30:00+00","2.5","27-09-2018 14:08","-12.6","27-09-2018 06:15","-4.595","78.15","27-09-2018 03:49","33.72","27-09-2018 15:40","294.1","228.2","1045","27-09-2018 12:13","-6.848","27-09-2018 02:44","786.4","27-09-2018 12:23","-2.318","27-09-2018 02:44","247.2","185.2","319.3","248.2","7.742000000000001","27-09-2018 07:32","0","27-09-2018 17:47","4.038","4.885","20.98","-8.54","-0.083","27-09-2018 14:13","-17.1","27-09-2018 07:22","NaN","NaN","NaN","NaN","NaN"
"1039","2018-09-28 18:30:00+00","5","28-09-2018 14:45","-11.14","28-09-2018 07:19","-3.568","99.9","28-09-2018 22:13","45.2","28-09-2018 14:46","242.4","188.1","1019","28-09-2018 13:11","-6.277","28-09-2018 02:33","758.2","28-09-2018 12:28","-3.09","28-09-2018 02:33","313","196.8","319.1","254.9","6.8210000000000015","28-09-2018 06:40","0","28-09-2018 14:41","3.4","7.479","20.12","-5.8820000000000014","1.366","28-09-2018 14:46","-14.9","28-09-2018 07:18","NaN","NaN","NaN","NaN","NaN"
"1040","2018-09-29 18:30:00+00","5.646","29-09-2018 11:21","-6.999","29-09-2018 06:25","-1.1909999999999998","100","29-09-2018 20:06","45.14","29-09-2018 11:20","258.5","211.2","1080","29-09-2018 10:21","-3.992","29-09-2018 21:52","778.5","29-09-2018 11:46","-2.574","29-09-2018 03:47","321.3","212.5","324.2","265.5","7.879","29-09-2018 17:23","0","29-09-2018 15:22","3.2960000000000003","8.66","17.5","-3.757","1.5219999999999998","29-09-2018 15:40","-12.42","29-09-2018 04:42","NaN","NaN","NaN","NaN","NaN"
"1041","2018-01-09 18:30:00+00","3.3110000000000004","30-09-2018 13:39","-9.12","30-09-2018 07:26","-2.344","99.6","30-09-2018 18:56","45.81","30-09-2018 13:40","246.2","187.8","1007","30-09-2018 12:10","-5.704","30-09-2018 03:07","741","30-09-2018 12:20","-1.287","30-09-2018 02:04","306.9","194.6","314.8","264.6","7.84","30-09-2018 16:53","0","30-09-2018 16:06","2.926","6.345","13.6","-4.4289999999999985","0.525","30-09-2018 11:45","-12.41","30-09-2018 07:58","NaN","NaN","NaN","NaN","NaN"
"1042","2018-02-09 18:30:00+00","4.899","01-10-2018 15:29","-11.38","01-10-2018 07:47","-4.0680000000000005","98.7","01-10-2018 00:12","35.17","01-10-2018 15:30","271.5","217.4","1005","01-10-2018 12:08","-6.56","01-10-2018 03:30","780.6","01-10-2018 11:44","-1.287","01-10-2018 04:47","301.2","188.2","318.2","248.5","8.08","01-10-2018 15:48","0","01-10-2018 02:16","3.39","8.39","13.25","-7.575","-1.072","01-10-2018 13:04","-16.8","01-10-2018 07:47","NaN","NaN","NaN","NaN","NaN"
"1043","2018-03-09 18:30:00+00","3.142","02-10-2018 13:31","-11.24","02-10-2018 07:08","-4.508","81.9","02-10-2018 04:41","36.41","02-10-2018 14:34","275.2","211.1","997","02-10-2018 12:11","-5.136","02-10-2018 01:06","742.2","02-10-2018 11:59","-1.288","02-10-2018 04:32","220.5","185.9","310.1","254.9","6.154","02-10-2018 05:47","0","02-10-2018 16:51","3.2310000000000003","9.88","11.3","-8.42","0.282","02-10-2018 13:13","-14.94","02-10-2018 07:24","NaN","NaN","NaN","NaN","NaN"
"1044","2018-04-09 18:30:00+00","5.901","03-10-2018 14:26","-11.04","03-10-2018 07:26","-3.918","95.3","03-10-2018 17:34","32.8","03-10-2018 14:26","264.1","199.3","985","03-10-2018 12:22","-4.566","03-10-2018 02:48","724.6","03-10-2018 12:19","-0.773","03-10-2018 02:49","286.3","192.4","326.6","255.8","11.78","03-10-2018 16:20","0","03-10-2018 14:22","4.192","13.56","9.9","-6.817","1.379","03-10-2018 14:23","-14.85","03-10-2018 07:25","NaN","NaN","NaN","NaN","NaN"
"1045","2018-05-09 18:30:00+00","7.635","04-10-2018 13:05","-10.16","04-10-2018 07:47","-3.876","95.5","04-10-2018 20:00","30.27","04-10-2018 13:05","262.4","193.2","975","04-10-2018 13:11","-5.135","04-10-2018 02:19","701.2","04-10-2018 12:03","-0.515","04-10-2018 06:01","265","188.9","318.9","260.2","12.23","04-10-2018 14:44","0","04-10-2018 13:00","3.766","19.84","9.25","-6.814","2.548","04-10-2018 13:06","-13.9","04-10-2018 07:18","NaN","NaN","NaN","NaN","NaN"
"1046","2018-06-09 18:30:00+00","6.318","05-10-2018 13:02","-10.53","05-10-2018 07:56","-3.831","88.8","05-10-2018 18:36","29.12","05-10-2018 13:04","253.3","179.2","1024","05-10-2018 12:58","-5.136","05-10-2018 05:27","689.5","05-10-2018 12:58","-0.773","05-10-2018 04:23","288.7","190.7","333.4","260.2","12.03","05-10-2018 15:11","0","05-10-2018 12:36","4.126","28.31","8.11","-6.097","2.846","05-10-2018 13:52","-13.93","05-10-2018 06:09","NaN","NaN","NaN","NaN","NaN"
"1047","2018-07-09 18:30:00+00","5.811","06-10-2018 13:27","-10.13","06-10-2018 07:23","-4.02","77.81","06-10-2018 07:23","29.97","06-10-2018 13:23","264.3","180.2","960","06-10-2018 12:20","-5.135","06-10-2018 03:56","631.8","06-10-2018 11:44","0","06-10-2018 00:20","259.9","184.1","320.5","260.6","10.74","06-10-2018 14:24","0","06-10-2018 13:09","3.064","16.79","7.02","-7.447999999999999","1.769","06-10-2018 13:27","-13.98","06-10-2018 07:19","NaN","NaN","NaN","NaN","NaN"
"1048","2018-08-09 18:30:00+00","3.147","07-10-2018 12:45","-11.28","07-10-2018 06:53","-4.743","77.81","07-10-2018 03:38","30.2","07-10-2018 13:02","261.2","171.4","960","07-10-2018 12:11","-5.7029999999999985","07-10-2018 18:24","610.8","07-10-2018 11:47","0.257","07-10-2018 21:17","227.4","185.8","332.7","258.4","7.664","07-10-2018 16:06","0","07-10-2018 17:26","3.448","17.17","5.747","-8.15","1.575","07-10-2018 12:55","-14.41","07-10-2018 06:05","NaN","NaN","NaN","NaN","NaN"
"1049","2018-09-09 18:30:00+00","7.653","08-10-2018 14:57","-10.67","08-10-2018 07:04","-3.702","78.72","08-10-2018 02:56","23.71","08-10-2018 14:57","258.2","154.7","956","08-10-2018 12:20","-5.707000000000002","08-10-2018 04:52","558","08-10-2018 11:33","-0.773","08-10-2018 05:43","239.4","181.2","350.7","261.8","6.919","08-10-2018 06:34","0","08-10-2018 13:49","2.786","14.99","6.468","-7.3039999999999985","2.294","08-10-2018 13:55","-13.59","08-10-2018 06:16","NaN","NaN","NaN","NaN","NaN"
"1050","2018-10-09 18:30:00+00","0.857","09-10-2018 11:28","-8.92","09-10-2018 07:08","-4.296","94.6","09-10-2018 18:44","42.72","09-10-2018 11:29","168.5","99.5","919","09-10-2018 11:07","-5.1370000000000005","09-10-2018 03:01","495.8","09-10-2018 11:07","-1.03","09-10-2018 03:01","298.7","196.8","319.2","270.1","11.43","09-10-2018 12:03","0","09-10-2018 19:18","3.889","19.25","6.539","-6.352","1.125","09-10-2018 11:08","-11.99","09-10-2018 07:31","NaN","NaN","NaN","NaN","NaN"
"1051","2018-11-09 18:30:00+00","2.242","10-10-2018 15:55","-12.76","10-10-2018 06:52","-6.095","92","10-10-2018 18:11","32.59","10-10-2018 10:41","210.9","120.8","1106","10-10-2018 12:28","-6.278","10-10-2018 03:05","596.5","10-10-2018 12:28","-0.515","10-10-2018 23:15","283.7","174.1","338.5","255.6","7.917999999999998","10-10-2018 08:54","0","10-10-2018 15:26","3.338","6.277","6.654","-8.36","2.046","10-10-2018 12:44","-15.9","10-10-2018 06:28","NaN","NaN","NaN","NaN","NaN"
"1052","2018-12-09 18:30:00+00","3.253","11-10-2018 12:34","-10.57","11-10-2018 23:33","-5.614","94.6","11-10-2018 18:22","47.48","11-10-2018 16:21","164","121.2","1075","11-10-2018 13:41","-5.707000000000002","11-10-2018 22:19","828","11-10-2018 12:16","-0.773","11-10-2018 01:06","388","189.8","342.2","258.2","12.6","11-10-2018 16:38","0","11-10-2018 06:21","2.861","6.035","7.316","-7.749","2.123","11-10-2018 12:34","-15.63","11-10-2018 23:44","NaN","NaN","NaN","NaN","NaN"
"1053","2018-10-12 18:30:00+00","4.527","12-10-2018 13:57","-14.11","12-10-2018 07:13","-6.297999999999999","78.76","12-10-2018 00:29","22.29","12-10-2018 15:07","251","152.3","950","12-10-2018 12:04","-5.707999999999998","12-10-2018 00:28","559.1","12-10-2018 10:26","-0.773","12-10-2018 05:25","247.2","173.6","347.1","247.6","6.8210000000000015","12-10-2018 05:46","0","12-10-2018 13:03","3.119","13.57","5.838","-10.07","1.456","12-10-2018 13:07","-17.94","12-10-2018 07:10","NaN","NaN","NaN","NaN","NaN"
"1054","2018-10-13 18:30:00+00","3.893","13-10-2018 11:54","-11.45","13-10-2018 06:57","-4.842","76.83","13-10-2018 06:52","26.62","13-10-2018 14:31","246.9","128.1","929","13-10-2018 12:32","-6.276","13-10-2018 20:16","459.1","13-10-2018 11:13","-0.258","13-10-2018 01:48","226.3","180.6","350.9","261.2","6.644","13-10-2018 14:48","0","13-10-2018 00:07","2.341","12.44","-2.395","-8.2","2.678","13-10-2018 11:54","-15.49","13-10-2018 07:55","NaN","NaN","NaN","NaN","NaN"
"1055","2018-10-14 18:30:00+00","6.69","14-10-2018 13:01","-12.53","14-10-2018 06:32","-5.222","90.6","14-10-2018 18:30","21.15","14-10-2018 13:02","238.1","114.6","931","14-10-2018 12:02","-5.1370000000000005","14-10-2018 03:58","436.1","14-10-2018 11:50","0.257","14-10-2018 18:24","275.5","177.9","361.9","259.1","13.97","14-10-2018 17:09","0","14-10-2018 12:16","3.958","22.61","-2.517","-7.229","4.907","14-10-2018 13:01","-14.87","14-10-2018 06:31","NaN","NaN","NaN","NaN","NaN"
"1056","2018-10-15 18:30:00+00","4.395","15-10-2018 12:59","-11.99","15-10-2018 07:26","-4.534","80.7","15-10-2018 00:00","25.98","15-10-2018 13:07","249.8","111.6","949","15-10-2018 12:05","-5.707999999999998","15-10-2018 05:32","400.2","15-10-2018 11:36","-0.258","15-10-2018 06:14","289.9","179.3","357.7","263.2","10.76","15-10-2018 15:23","0","15-10-2018 12:53","3.641","15.53","-4.655","-6.1110000000000015","4.529","15-10-2018 13:01","-13.94","15-10-2018 07:45","NaN","NaN","NaN","NaN","NaN"
"1057","2018-10-16 18:30:00+00","4.899","16-10-2018 13:42","-10.94","16-10-2018 07:48","-3.465","77.81","16-10-2018 03:39","23.28","16-10-2018 16:56","228.2","94.7","919","16-10-2018 12:26","-5.707000000000002","16-10-2018 01:37","365.8","16-10-2018 11:59","-0.258","16-10-2018 01:38","270.7","183.4","357","267.5","12.37","16-10-2018 16:32","0","16-10-2018 00:38","3.568","39.09","-6.822","-4.994","5.68","16-10-2018 13:44","-12.69","16-10-2018 07:27","NaN","NaN","NaN","NaN","NaN"
"1058","2018-10-17 18:30:00+00","2.162","17-10-2018 13:47","-9.02","17-10-2018 07:26","-2.889","72.98","17-10-2018 23:15","27.26","17-10-2018 13:44","217.7","85.5","1081","17-10-2018 12:41","-6.275","17-10-2018 19:54","401.5","17-10-2018 12:50","-0.257","17-10-2018 01:17","281.7","187.6","347.1","274.8","12.58","17-10-2018 15:27","0","17-10-2018 02:10","3.377","173","-5.235","-4.431","4.8660000000000005","17-10-2018 11:24","-10.83","17-10-2018 07:41","NaN","NaN","NaN","NaN","NaN"
"1059","2018-10-18 18:30:00+00","1.298","18-10-2018 12:16","-11.58","18-10-2018 07:33","-5.985","94.7","18-10-2018 18:13","28.22","18-10-2018 12:34","191.3","73.63","961","18-10-2018 13:18","-5.707000000000002","18-10-2018 00:17","335.3","18-10-2018 11:57","0.257","18-10-2018 18:32","296.9","180.1","360.1","267.3","14.88","18-10-2018 14:56","0","18-10-2018 00:18","2.9410000000000003","359.2","-4.655","-6.062","6.9270000000000005","18-10-2018 12:31","-12.01","18-10-2018 06:32","NaN","NaN","NaN","NaN","NaN"
"1060","2018-10-19 18:30:00+00","1.027","19-10-2018 12:44","-13.61","19-10-2018 07:54","-7.232","93.9","19-10-2018 19:45","33.32","19-10-2018 13:36","187.1","118.2","1027","19-10-2018 12:54","-5.707999999999998","19-10-2018 04:26","569.1","19-10-2018 10:47","-0.773","19-10-2018 04:31","286.3","173.2","337.5","249.7","13.15","19-10-2018 14:21","0","19-10-2018 12:38","2.838","2.652","-4.454","-8.72","2.515","19-10-2018 12:58","-16.64","19-10-2018 06:46","NaN","NaN","NaN","NaN","NaN"
"1061","2018-10-20 18:30:00+00","1.824","20-10-2018 15:13","-13.6","20-10-2018 07:23","-7.198","84.9","20-10-2018 00:03","25.84","20-10-2018 15:48","228.6","117.4","905","20-10-2018 12:13","-5.1370000000000005","20-10-2018 03:54","478.9","20-10-2018 10:00","-0.258","20-10-2018 03:55","243.3","172.1","357","250.8","5.566","20-10-2018 00:12","0","20-10-2018 15:05","2.347","20.99","-7.17","-8.81","3.143","20-10-2018 13:10","-16.72","20-10-2018 06:57","NaN","NaN","NaN","NaN","NaN"
"1062","2018-10-21 18:30:00+00","2.331","21-10-2018 14:53","-14.15","21-10-2018 06:59","-7.524","71.8","21-10-2018 03:44","22.84","21-10-2018 14:53","225.8","91.8","894","21-10-2018 12:03","-6.279","21-10-2018 23:39","347.9","21-10-2018 11:52","-0.773","21-10-2018 23:41","278.6","170","364.5","256.1","5.566","21-10-2018 07:52","0","21-10-2018 12:46","2.54","22.02","-10.28","-7.739","5.604","21-10-2018 13:12","-15.08","21-10-2018 06:59","NaN","NaN","NaN","NaN","NaN"
"1063","2018-10-22 18:30:00+00","1.231","22-10-2018 12:23","-14.11","22-10-2018 05:26","-7.9929999999999986","81","22-10-2018 17:26","22.41","22-10-2018 12:49","188.3","74.54","889","22-10-2018 12:23","-5.707999999999998","22-10-2018 00:17","336.1","22-10-2018 12:01","-0.257","22-10-2018 19:54","260.9","169.8","361.6","255.6","11.84","22-10-2018 14:39","0","22-10-2018 12:14","4.4460000000000015","38.76","-6.169","-7.7970000000000015","6.228","22-10-2018 12:47","-14.97","22-10-2018 07:10","NaN","NaN","NaN","NaN","NaN"
"1064","2018-10-23 18:30:00+00","0.061","23-10-2018 11:41","-13.94","23-10-2018 07:57","-7.9460000000000015","85.1","23-10-2018 19:04","26.43","23-10-2018 13:44","215.4","84.5","888","23-10-2018 12:31","-5.707999999999998","23-10-2018 03:26","326.8","23-10-2018 12:53","0.258","23-10-2018 20:45","273.9","174.4","353.7","255.7","10.74","23-10-2018 17:37","0","23-10-2018 11:36","3.776","37.49","-13.48","-7.744","5.255","23-10-2018 11:42","-14.97","23-10-2018 07:27","NaN","NaN","NaN","NaN","NaN"
"1065","2018-10-24 18:30:00+00","1.555","24-10-2018 14:41","-14.15","24-10-2018 07:27","-7.516","73.14","24-10-2018 01:00","23.58","24-10-2018 15:05","216","84.5","929","24-10-2018 11:38","-5.709","24-10-2018 04:01","343","24-10-2018 11:38","-0.773","24-10-2018 04:01","219.6","170.3","352.4","252.6","7.447999999999999","24-10-2018 04:52","0","24-10-2018 14:25","3.115","20.43","-8.69","-7.682","5.018","24-10-2018 13:03","-15.7","24-10-2018 06:56","NaN","NaN","NaN","NaN","NaN"
"1066","2018-10-25 18:30:00+00","0.892","25-10-2018 12:36","-14.18","25-10-2018 07:23","-7.536","72.66","25-10-2018 05:34","24.87","25-10-2018 13:59","217.2","83.2","873","25-10-2018 12:15","-6.275","25-10-2018 17:57","319.1","25-10-2018 12:00","0.258","25-10-2018 22:20","219.2","171.3","366","253.5","7.409","25-10-2018 14:24","0","25-10-2018 12:32","2.783","22.88","-7.335","-7.231","6.761","25-10-2018 12:37","-15.4","25-10-2018 07:20","NaN","NaN","NaN","NaN","NaN"
"1067","2018-10-26 18:30:00+00","1.126","26-10-2018 13:17","-13.74","26-10-2018 07:26","-7.129","73.32","26-10-2018 03:46","26.12","26-10-2018 13:09","213.6","80.9","867","26-10-2018 12:09","-7.42","26-10-2018 22:47","311.9","26-10-2018 12:11","-1.288","26-10-2018 22:45","222.8","175.9","367.9","255.5","7.86","26-10-2018 17:52","0","26-10-2018 12:42","3.401","19","-6.345","-7.02","7.039","26-10-2018 12:49","-14.77","26-10-2018 06:41","NaN","NaN","NaN","NaN","NaN"
"1068","2018-10-27 18:30:00+00","2.445","27-10-2018 13:06","-13.07","27-10-2018 07:51","-6.653","70.48","27-10-2018 04:14","21.69","27-10-2018 13:44","211.8","78.88","863","27-10-2018 12:01","-6.276","27-10-2018 20:29","306","27-10-2018 12:00","-0.258","27-10-2018 05:07","257.8","176.9","364.7","256.4","6.742000000000001","27-10-2018 14:48","0","27-10-2018 13:19","3.49","18.82","-6.375","-6.785","8.11","27-10-2018 13:03","-14.62","27-10-2018 06:48","NaN","NaN","NaN","NaN","NaN"
"1069","2018-10-28 18:30:00+00","3.985","28-10-2018 15:20","-13.21","28-10-2018 07:16","-5.127000000000002","67.79","28-10-2018 03:03","12.63","28-10-2018 14:46","211.4","77.51","865","28-10-2018 12:13","-8.56","28-10-2018 21:19","298.9","28-10-2018 12:37","-2.317","28-10-2018 21:19","220.7","174.9","361.9","257.1","7.33","28-10-2018 01:08","0","28-10-2018 15:59","3.683","359.1","-6.65","-6.426","6.369","28-10-2018 13:03","-14.72","28-10-2018 07:12","NaN","NaN","NaN","NaN","NaN"
"1070","2018-10-29 18:30:00+00","4.357","29-10-2018 13:57","-12.06","29-10-2018 07:52","-4.924","63.46","29-10-2018 07:21","18.38","29-10-2018 15:41","210","75.98","863","29-10-2018 12:10","-7.4129999999999985","29-10-2018 18:00","296.4","29-10-2018 12:10","-0.773","29-10-2018 00:08","220.5","178.5","368.3","259.7","6.978","29-10-2018 00:53","0","29-10-2018 15:54","3.744","13.12","-6.563","-5.983","7.585","29-10-2018 12:49","-13.84","29-10-2018 07:10","NaN","NaN","NaN","NaN","NaN"
"1071","2018-10-30 18:30:00+00","6.539","30-10-2018 14:52","-11.68","30-10-2018 06:40","-4.277","67.37","30-10-2018 23:30","16.65","30-10-2018 14:57","207.6","73.79","854","30-10-2018 12:10","-7.985","30-10-2018 19:55","288.6","30-10-2018 12:23","-1.288","30-10-2018 06:10","240.6","181","375","260.7","7.0760000000000005","30-10-2018 07:13","0","30-10-2018 14:38","3.444","11.86","-6.518","-5.308","8.47","30-10-2018 14:03","-13.57","30-10-2018 06:37","NaN","NaN","NaN","NaN","NaN"
"1072","2018-01-10 18:30:00+00","4.932","31-10-2018 14:48","-10.87","31-10-2018 07:14","-4.135","68.71","31-10-2018 02:12","18.08","31-10-2018 12:38","205.6","70.99","844","31-10-2018 12:04","-6.274","31-10-2018 19:09","277.8","31-10-2018 12:10","-0.515","31-10-2018 03:33","238.6","184.2","376.2","264.8","10.62","31-10-2018 13:33","0","31-10-2018 12:28","3.878","15.05","-6.342","-4.763","10.26","31-10-2018 12:37","-12.58","31-10-2018 06:42","NaN","NaN","NaN","NaN","NaN"
"1073","2018-02-10 18:30:00+00","1.771","01-11-2018 12:46","-11.31","01-11-2018 06:12","-5","84.9","01-11-2018 21:20","36.8","01-11-2018 12:46","119.6","40.77","832","01-11-2018 13:36","-5.707000000000002","01-11-2018 04:25","272.7","01-11-2018 13:36","-0.772","01-11-2018 22:50","292.7","187.5","338","265.9","10.05","01-11-2018 12:52","0","01-11-2018 10:16","3.372","7.066","-6.142","-4.678","4.203","01-11-2018 13:37","-11.99","01-11-2018 06:11","NaN","NaN","NaN","NaN","NaN"
"1074","2018-03-10 18:30:00+00","-2.475","02-11-2018 15:58","-5.8889999999999985","02-11-2018 08:08","-4.537","94.9","02-11-2018 21:02","50.44","02-11-2018 05:12","90.3","67.53","512","02-11-2018 11:03","-3.423","02-11-2018 22:46","386.1","02-11-2018 11:01","-0.772","02-11-2018 19:51","291.8","229","299.7","281.6","13.07","02-11-2018 16:34","0","02-11-2018 00:19","4.883","172.3","-5.387","-4.884","-2.986","02-11-2018 11:04","-9.13","02-11-2018 22:46","NaN","NaN","NaN","NaN","NaN"
"1075","2018-04-10 18:30:00+00","-3.692","03-11-2018 10:32","-7.101","03-11-2018 23:56","-5.267","95.3","03-11-2018 05:29","73.26","03-11-2018 18:10","82.1","70.03","539.1","03-11-2018 10:33","-0.856","03-11-2018 23:21","457.1","03-11-2018 10:28","-1.03","03-11-2018 23:21","293.4","277.2","297.9","284.9","18.4","03-11-2018 13:55","0","03-11-2018 00:53","5.9620000000000015","172.6","-1.97","-5.697","-4.079","03-11-2018 14:49","-7.332000000000002","03-11-2018 23:58","NaN","NaN","NaN","NaN","NaN"
"1076","2018-05-10 18:30:00+00","-0.696","04-11-2018 11:08","-13.11","04-11-2018 23:44","-6.856","92.8","04-11-2018 02:47","37.65","04-11-2018 10:38","182.3","143.2","987","04-11-2018 12:10","-4.566","04-11-2018 21:38","729.8","04-11-2018 12:10","-2.318","04-11-2018 23:18","281","171.8","313.7","258.5","10.07","04-11-2018 00:58","0","04-11-2018 01:28","3.5780000000000003","149.9","-4.295","-8.23","-1.297","04-11-2018 11:20","-16.47","04-11-2018 08:43","NaN","NaN","NaN","NaN","NaN"
"1077","2018-06-10 18:30:00+00","-4.706","05-11-2018 13:37","-21.41","05-11-2018 08:00","-13.47","89.4","05-11-2018 00:05","39.69","05-11-2018 15:52","209.3","148.7","878","05-11-2018 10:53","-8.56","05-11-2018 02:56","611.7","05-11-2018 12:03","-4.122","05-11-2018 02:56","228.8","158.3","299.3","228.8","7.526","05-11-2018 07:59","0","05-11-2018 13:36","3.462","2.907","-4.309","-17.3","-4.6930000000000005","05-11-2018 13:37","-24.74","05-11-2018 07:15","NaN","NaN","NaN","NaN","NaN"
"1078","2018-07-10 18:30:00+00","-5.686","06-11-2018 14:35","-23.95","06-11-2018 07:28","-15.83","82.1","06-11-2018 01:09","24.81","06-11-2018 15:16","202.8","139.2","861","06-11-2018 12:09","-8.85","06-11-2018 02:00","572.8","06-11-2018 12:16","-4.638","06-11-2018 00:54","176.4","143.5","298.2","214.7","8.35","06-11-2018 07:38","0.804","06-11-2018 02:03","5.285","11.26","-4.389","-19.68","-6.809","06-11-2018 13:18","-27.59","06-11-2018 08:21","NaN","NaN","NaN","NaN","NaN"
"1079","2018-08-10 18:30:00+00","-4.066","07-11-2018 15:12","-22.43","07-11-2018 07:32","-14.19","70.05","07-11-2018 22:15","21.84","07-11-2018 14:27","198.8","133.4","848","07-11-2018 12:22","-7.4220000000000015","07-11-2018 21:53","546.3","07-11-2018 11:55","-4.122","07-11-2018 21:51","196.4","152","304.7","217.9","8.98","07-11-2018 05:25","0.098","07-11-2018 18:18","5.619","10.3","-4.615","-18.25","-5.792000000000002","07-11-2018 13:17","-26.3","07-11-2018 06:58","NaN","NaN","NaN","NaN","NaN"
"1080","2018-09-10 18:30:00+00","-0.054000000000000006","08-11-2018 13:36","-19.86","08-11-2018 07:54","-10.99","76.37","08-11-2018 23:24","29.13","08-11-2018 14:04","192","125.2","1224","08-11-2018 12:33","-7.9929999999999986","08-11-2018 00:44","744.5","08-11-2018 12:30","-4.122","08-11-2018 00:57","242.3","170.4","330.2","229.9","8.35","08-11-2018 03:51","0","08-11-2018 13:34","3.893","6.569","-4.619","-15.36","0.285","08-11-2018 13:15","-22.94","08-11-2018 07:54","NaN","NaN","NaN","NaN","NaN"
"1081","2018-10-10 18:30:00+00","-0.223","09-11-2018 14:55","-18.88","09-11-2018 07:20","-10.5","81.7","09-11-2018 07:35","38.12","09-11-2018 14:55","186.3","117.5","820","09-11-2018 11:35","-9.13","09-11-2018 23:02","502.8","09-11-2018 11:35","-5.153","09-11-2018 01:00","229.6","174.1","334.6","234.3","6.957999999999998","09-11-2018 07:30","0","09-11-2018 13:17","3.249","3.674","-4.609","-14.81","-0.617","09-11-2018 13:17","-22.03","09-11-2018 07:19","NaN","NaN","NaN","NaN","NaN"
"1082","2018-11-10 18:30:00+00","-0.189","10-11-2018 14:24","-19.59","10-11-2018 07:48","-9.93","91.6","10-11-2018 23:12","35.08","10-11-2018 14:26","176.9","108","830","10-11-2018 13:04","-8.56","10-11-2018 00:43","489.2","10-11-2018 13:03","-4.637","10-11-2018 00:43","272.3","171","330.6","231.5","10.05","10-11-2018 17:56","0","10-11-2018 14:16","3.769","14.24","-4.51","-12.92","-0.196","10-11-2018 14:24","-22.57","10-11-2018 07:16","NaN","NaN","NaN","NaN","NaN"
"1083","2018-12-10 18:30:00+00","-2.386","11-11-2018 14:27","-17.77","11-11-2018 07:18","-9.51","90.3","11-11-2018 00:22","51.77","11-11-2018 10:54","128.5","76.59","834","11-11-2018 10:32","-6.851","11-11-2018 05:19","490.3","11-11-2018 10:32","-3.091","11-11-2018 00:11","275.3","176.7","316.7","239","7.526","11-11-2018 08:49","0","11-11-2018 00:42","2.964","1.971","-4.397","-11.84","-1.7","11-11-2018 13:29","-20.86","11-11-2018 07:19","NaN","NaN","NaN","NaN","NaN"
"1084","2018-11-12 18:30:00+00","-3.0610000000000004","12-11-2018 12:58","-17.73","12-11-2018 07:53","-9.18","93.2","13-11-2018 00:00","42.52","12-11-2018 12:57","148","92.6","1027","12-11-2018 12:43","-7.991","12-11-2018 01:58","602.7","12-11-2018 12:43","-3.607","12-11-2018 03:32","282.9","174.4","324.6","237.5","10.82","12-11-2018 21:12","0","12-11-2018 14:42","4.125","20.1","-3.591","-11.68","-0.17800000000000002","12-11-2018 12:54","-20.84","12-11-2018 07:55","NaN","NaN","NaN","NaN","NaN"
"1085","2018-11-13 18:30:00+00","-3.4210000000000003","13-11-2018 12:55","-18.27","13-11-2018 07:50","-9.7","94","13-11-2018 00:06","45.64","13-11-2018 12:55","130.3","90.9","932","13-11-2018 11:01","-5.1370000000000005","13-11-2018 05:38","586.6","13-11-2018 11:01","-2.318","13-11-2018 02:38","306.1","184.4","301.3","240.8","6.938","13-11-2018 02:56","0","13-11-2018 00:12","2.436","11.17","-1.842","-10.53","-4.574","13-11-2018 13:13","-21.35","13-11-2018 07:45","NaN","NaN","NaN","NaN","NaN"
"1086","2018-11-14 18:30:00+00","-2.758","14-11-2018 12:21","-14.46","14-11-2018 08:44","-7.567","94","14-11-2018 23:58","47.86","14-11-2018 11:47","145.4","120.8","898","14-11-2018 11:49","-5.135","14-11-2018 06:22","722.1","14-11-2018 11:49","-1.287","14-11-2018 03:40","284.2","176.6","299.9","244.5","10.02","14-11-2018 05:47","0","14-11-2018 03:07","3.216","90.9","1.529","-8.87","-3.313","14-11-2018 12:21","-18.77","14-11-2018 08:48","NaN","NaN","NaN","NaN","NaN"
"1087","2018-11-15 18:30:00+00","-4.211","15-11-2018 12:45","-15.63","15-11-2018 22:00","-9.15","94.3","15-11-2018 01:05","44.83","15-11-2018 11:08","174.4","149","877","15-11-2018 11:32","-5.707999999999998","15-11-2018 19:41","741.6","15-11-2018 11:44","-1.803","15-11-2018 21:59","283.9","168.8","294.6","234.1","12.56","15-11-2018 05:07","0","15-11-2018 06:43","3.737","19.99","2.245","-12.78","-4.257","15-11-2018 12:43","-22.46","15-11-2018 23:52","NaN","NaN","NaN","NaN","NaN"
"1088","2018-11-16 18:30:00+00","-2.452","16-11-2018 13:20","-19.55","16-11-2018 06:44","-12.25","76.91","16-11-2018 01:38","29.95","16-11-2018 12:41","180.5","151.8","805","16-11-2018 12:10","-6.282","16-11-2018 05:47","658.2","16-11-2018 12:09","-3.092","16-11-2018 05:45","205.9","164.7","306.9","225.3","9.58","16-11-2018 17:44","0","16-11-2018 00:24","3.217","359.5","-0.065","-17.51","-2.389","16-11-2018 13:32","-23.93","16-11-2018 08:12","NaN","NaN","NaN","NaN","NaN"
"1089","2018-11-17 18:30:00+00","-4.064","17-11-2018 13:56","-20.7","17-11-2018 07:49","-12.18","76.4","17-11-2018 01:12","25.69","17-11-2018 13:55","181","149.2","796.8","17-11-2018 12:15","-8.57","17-11-2018 01:10","640.3","17-11-2018 12:19","-4.123","17-11-2018 01:10","259.7","153.1","288","221.1","11.86","17-11-2018 06:23","0","17-11-2018 14:49","4.351","4.87","-0.121","-16.86","-6.549","17-11-2018 13:10","-25.08","17-11-2018 07:47","NaN","NaN","NaN","NaN","NaN"
"1090","2018-11-18 18:30:00+00","2.331","18-11-2018 13:34","-13.44","18-11-2018 07:59","-7.122000000000001","82.9","18-11-2018 08:02","40.95","18-11-2018 13:34","159.1","123.5","1168","18-11-2018 11:49","-5.707000000000002","18-11-2018 20:34","881","18-11-2018 11:45","-2.317","18-11-2018 17:44","261.6","192.9","336","247.9","8.92","18-11-2018 17:31","0","18-11-2018 00:02","2.048","1.176","0.079","-10.9","2.373","18-11-2018 13:18","-18.16","18-11-2018 07:08","NaN","NaN","NaN","NaN","NaN"
"1091","2018-11-19 18:30:00+00","-0.37","19-11-2018 14:42","-18.17","19-11-2018 23:45","-9.73","89.4","19-11-2018 02:21","49.14","19-11-2018 14:07","163.7","127.8","795.5","19-11-2018 11:36","-7.9929999999999986","19-11-2018 23:00","614.8","19-11-2018 12:30","-3.607","19-11-2018 23:00","247.6","174","308.7","232.3","6.938","19-11-2018 03:35","0","19-11-2018 00:20","2.729","3.949","-0.219","-13.64","-0.929","19-11-2018 13:03","-22.33","19-11-2018 23:53","NaN","NaN","NaN","NaN","NaN"
"1092","2018-11-20 18:30:00+00","-5.7879999999999985","20-11-2018 15:02","-22.16","20-11-2018 08:17","-14.62","83.3","20-11-2018 01:16","30.56","20-11-2018 15:00","174","136.4","782.8","20-11-2018 12:09","-8.57","20-11-2018 21:38","592.1","20-11-2018 12:13","-4.123","20-11-2018 04:52","181.1","155.4","289.6","218.8","8.09","20-11-2018 08:57","0.647","20-11-2018 02:32","4.6610000000000005","9.94","-0.429","-19.23","-6.7810000000000015","20-11-2018 12:44","-25.95","20-11-2018 08:17","NaN","NaN","NaN","NaN","NaN"
"1093","2018-11-21 18:30:00+00","-4.2330000000000005","21-11-2018 14:39","-22.46","21-11-2018 06:01","-14.41","66.54","21-11-2018 06:02","23.73","21-11-2018 14:40","171.3","133.9","777.7","21-11-2018 12:24","-9.14","21-11-2018 19:53","586.5","21-11-2018 12:27","-5.153","21-11-2018 19:53","212.3","154.2","290.7","216.1","8.76","21-11-2018 09:01","0.51","21-11-2018 21:57","5.155","9.33","-0.589","-19.23","-6.681","21-11-2018 12:45","-26.73","21-11-2018 06:00","NaN","NaN","NaN","NaN","NaN"
"1094","2018-11-22 18:30:00+00","0.047","22-11-2018 14:31","-16.68","22-11-2018 03:44","-10.56","66.59","23-11-2018 00:00","26.36","22-11-2018 14:41","166","126.2","863","22-11-2018 11:11","-6.85","22-11-2018 20:30","638","22-11-2018 11:11","-4.122","22-11-2018 03:27","222.7","168.3","309.9","237.4","8.92","22-11-2018 10:05","0","22-11-2018 12:24","3.833","3.254","-0.599","-15.62","-2.23","22-11-2018 12:26","-21.88","22-11-2018 20:29","NaN","NaN","NaN","NaN","NaN"
"1095","2018-11-23 18:30:00+00","-4.875","23-11-2018 14:19","-21.01","23-11-2018 06:44","-13.49","71.51","23-11-2018 01:10","32.35","23-11-2018 15:02","169.1","130.3","766","23-11-2018 12:10","-8.56","23-11-2018 01:08","569.5","23-11-2018 12:24","-4.895","23-11-2018 01:08","183.6","156.3","289","219.8","8.04","23-11-2018 23:21","0.412","23-11-2018 00:29","4.917","11.58","-0.814","-18.39","-6.659","23-11-2018 12:40","-25.49","23-11-2018 06:44","NaN","NaN","NaN","NaN","NaN"
"1096","2018-11-24 18:30:00+00","-2.825","24-11-2018 14:59","-20.09","24-11-2018 07:42","-12.11","72.35","24-11-2018 23:14","29.07","24-11-2018 12:51","167.5","127.7","756.7","24-11-2018 12:15","-8.56","24-11-2018 19:56","556.2","24-11-2018 12:26","-4.638","24-11-2018 04:40","196.3","163.8","297.2","224.1","9.19","24-11-2018 04:19","0.431","24-11-2018 17:58","5.667000000000002","11.85","-0.912","-16.74","-5.524","24-11-2018 13:24","-24.16","24-11-2018 07:41","NaN","NaN","NaN","NaN","NaN"
"1097","2018-11-25 18:30:00+00","1.601","25-11-2018 14:33","-17.66","25-11-2018 06:12","-9.81","72.4","25-11-2018 21:20","25.05","25-11-2018 13:08","157.9","118.4","894","25-11-2018 10:56","-7.9929999999999986","25-11-2018 00:33","647","25-11-2018 10:56","-4.637","25-11-2018 00:05","241.5","171.7","320.5","233.4","9.45","25-11-2018 07:05","0","25-11-2018 13:27","4.471","6.949","-0.869","-15.02","-1.7919999999999998","25-11-2018 13:27","-21.34","25-11-2018 05:59","NaN","NaN","NaN","NaN","NaN"
"1098","2018-11-26 18:30:00+00","-2.352","26-11-2018 14:12","-17.9","26-11-2018 02:46","-11","76.45","26-11-2018 01:48","28.8","26-11-2018 13:27","163.9","122.3","764.5","26-11-2018 12:09","-8.56","26-11-2018 01:47","549.3","26-11-2018 12:10","-5.153","26-11-2018 03:57","191.1","165.8","301.8","231.2","9.21","26-11-2018 04:34","0.431","26-11-2018 15:35","5.28","10.28","-0.943","-16.03","-4.687","26-11-2018 13:26","-21.8","26-11-2018 08:28","NaN","NaN","NaN","NaN","NaN"
"1099","2018-11-27 18:30:00+00","-2.2430000000000003","27-11-2018 15:34","-17.12","27-11-2018 00:38","-8.7","63.79","27-11-2018 00:40","30.02","27-11-2018 12:45","125.4","87.5","673.3","27-11-2018 11:00","-6.2810000000000015","27-11-2018 01:20","468.1","27-11-2018 11:00","-3.607","27-11-2018 00:38","258.6","171.1","295.9","234.2","8.82","27-11-2018 08:34","0","27-11-2018 16:35","4.697","9.03","-0.714","-12.62","-5.461","27-11-2018 13:44","-21.03","27-11-2018 00:35","NaN","NaN","NaN","NaN","NaN"
"1100","2018-11-28 18:30:00+00","-0.865","28-11-2018 14:40","-14.32","28-11-2018 23:30","-6.555","69.5","28-11-2018 07:15","44.46","28-11-2018 18:58","101.5","70.04","988","28-11-2018 11:51","-7.987999999999999","28-11-2018 20:01","669.6","28-11-2018 11:51","-3.604","28-11-2018 20:01","268.3","179.4","304.9","242.8","8.92","28-11-2018 03:06","0","28-11-2018 00:21","2.978","358.1","-0.472","-11.16","-2.759","28-11-2018 11:51","-19.54","28-11-2018 23:10","NaN","NaN","NaN","NaN","NaN"
"1101","2018-11-29 18:30:00+00","-4.638","29-11-2018 15:28","-19.38","29-11-2018 07:03","-11.51","71.34","29-11-2018 00:52","33.98","29-11-2018 15:28","127.8","88.9","998","29-11-2018 12:18","-9.42","29-11-2018 22:07","683.3","29-11-2018 12:17","-4.122","29-11-2018 23:03","246.4","164.1","294.6","227","8.76","29-11-2018 07:35","0","29-11-2018 17:31","4.647","9.78","-1.054","-15.65","-4.9460000000000015","29-11-2018 12:18","-22.97","29-11-2018 07:03","NaN","NaN","NaN","NaN","NaN"
"1102","2018-01-11 18:30:00+00","-4.132","30-11-2018 14:22","-22.6","30-11-2018 08:18","-14.11","69.55","30-11-2018 08:20","29.15","30-11-2018 12:06","160.7","116.4","750.3","30-11-2018 11:45","-8.28","30-11-2018 21:23","519.1","30-11-2018 11:45","-5.155","30-11-2018 06:08","183.3","154.2","301.8","218.1","8.96","30-11-2018 04:26","0","30-11-2018 15:40","4.566","7.651","-1.308","-18.72","-6.207000000000002","30-11-2018 14:06","-26","30-11-2018 08:16","NaN","NaN","NaN","NaN","NaN"
"1103","2018-02-11 18:30:00+00","-2.215","01-12-2018 14:40","-21.78","01-12-2018 06:51","-13.16","67.47","01-12-2018 01:10","20.58","01-12-2018 14:39","159","114.7","732","01-12-2018 12:13","-9.14","01-12-2018 02:02","509.2","01-12-2018 12:21","-5.67","01-12-2018 02:01","218.4","156.7","306.1","219.2","9.15","01-12-2018 05:11","0","01-12-2018 14:37","4.222","7.108","-1.257","-18.03","-5.202000000000001","01-12-2018 13:39","-25.43","01-12-2018 07:22","NaN","NaN","NaN","NaN","NaN"
"1104","2018-03-11 18:30:00+00","-1.132","02-12-2018 13:28","-19.25","02-12-2018 07:22","-10.52","71.83","02-12-2018 07:23","32","02-12-2018 14:30","156.3","111.7","714.9","02-12-2018 11:57","-8.56","02-12-2018 19:08","494.2","02-12-2018 12:09","-3.092","02-12-2018 01:25","198.3","166.5","314.6","229.2","11.74","02-12-2018 15:25","0","02-12-2018 02:45","4.195","5.075","-1.39","-15.45","-1.95","02-12-2018 12:41","-23","02-12-2018 06:43","NaN","NaN","NaN","NaN","NaN"
"1105","2018-04-11 18:30:00+00","-1.664","03-12-2018 14:42","-21.38","03-12-2018 06:36","-13.37","71.74","03-12-2018 00:10","24.88","03-12-2018 14:47","156.4","108.5","746.9","03-12-2018 12:14","-7.9929999999999986","03-12-2018 22:36","498.4","03-12-2018 12:31","-5.151","03-12-2018 20:11","194.7","149.4","303.2","220.9","9.62","03-12-2018 08:02","0","03-12-2018 14:40","4.642","8.04","-1.728","-17.95","-6.06","03-12-2018 13:01","-24.54","03-12-2018 06:34","NaN","NaN","NaN","NaN","NaN"
"1106","2018-05-11 18:30:00+00","3.2910000000000004","04-12-2018 14:26","-20.03","04-12-2018 08:02","-12.03","71.74","04-12-2018 23:10","22.57","04-12-2018 14:42","155","106.4","754.7","04-12-2018 12:47","-7.995","04-12-2018 04:33","496.8","04-12-2018 12:47","-5.154","04-12-2018 04:33","206.8","163.3","326","225.1","7.762","04-12-2018 02:11","0","04-12-2018 13:51","3.887","2.4530000000000003","-1.814","-16.64","-1.942","04-12-2018 14:26","-23.83","04-12-2018 06:53","NaN","NaN","NaN","NaN","NaN"
"1107","2018-06-11 18:30:00+00","-2.61","05-12-2018 14:39","-21.35","05-12-2018 06:58","-12.61","73.39","05-12-2018 01:40","24.21","05-12-2018 14:34","129.4","85.7","738.1","05-12-2018 10:54","-8.57","05-12-2018 03:36","483.2","05-12-2018 10:54","-4.124","05-12-2018 04:51","245","162.6","303.9","224.3","7.938","05-12-2018 08:53","0","05-12-2018 14:08","3.985","6.747999999999998","-1.65","-16.9","-6.215","05-12-2018 14:30","-24.13","05-12-2018 04:50","NaN","NaN","NaN","NaN","NaN"
"1108","2018-07-11 18:30:00+00","-7.771","06-12-2018 12:49","-23.61","06-12-2018 23:47","-15.3","84.8","06-12-2018 15:29","44.99","06-12-2018 11:46","80.1","71.49","802","06-12-2018 11:30","-6.2810000000000015","06-12-2018 19:14","505.2","06-12-2018 11:30","-5.67","06-12-2018 21:33","296.1","160","279.4","207.6","8.7","06-12-2018 11:17","0","06-12-2018 00:13","3.197","1.825","1.265","-19.94","-9.01","06-12-2018 12:45","-28.28","06-12-2018 23:59","NaN","NaN","NaN","NaN","NaN"
"1109","2018-08-11 18:30:00+00","-8.89","07-12-2018 14:20","-26.42","07-12-2018 08:17","-17.93","76.74","07-12-2018 02:12","34.02","07-12-2018 14:19","159.4","145.7","739.1","07-12-2018 12:03","-8.57","07-12-2018 21:43","661.8","07-12-2018 12:28","-5.672999999999999","07-12-2018 06:42","305.9","150.5","267.3","200.8","8.31","07-12-2018 04:07","0.21600000000000005","07-12-2018 18:15","4.942","9.24","-0.32","-23.06","-12.2","07-12-2018 12:34","-30.52","07-12-2018 08:16","NaN","NaN","NaN","NaN","NaN"
"1110","2018-09-11 18:30:00+00","-4.976","08-12-2018 14:35","-22.29","08-12-2018 03:40","-13.61","77.08","08-12-2018 21:14","33.41","08-12-2018 11:49","131.5","111.9","1139","08-12-2018 12:05","-7.419","08-12-2018 19:50","949","08-12-2018 12:05","-4.6389999999999985","08-12-2018 03:38","270.1","163.9","288.4","214.7","8.86","08-12-2018 02:29","0","08-12-2018 14:33","4.136","7.762","-0.311","-17.88","-5.622000000000001","08-12-2018 13:09","-26.6","08-12-2018 07:26","NaN","NaN","NaN","NaN","NaN"
"1111","2018-10-11 18:30:00+00","-6.329","09-12-2018 14:07","-20.84","09-12-2018 07:24","-13.16","79.28","09-12-2018 07:45","44.56","09-12-2018 13:38","150.6","130.5","727.5","09-12-2018 12:35","-7.4220000000000015","09-12-2018 21:25","614.3","09-12-2018 12:35","-4.637","09-12-2018 21:26","224.6","164","283.8","216.5","7.0360000000000005","09-12-2018 09:30","0","09-12-2018 16:00","3.339","7.166","-0.421","-17.86","-7.6389999999999985","09-12-2018 13:16","-25.97","09-12-2018 07:23","NaN","NaN","NaN","NaN","NaN"
"1112","2018-11-11 18:30:00+00","-4.334","10-12-2018 13:25","-22.49","10-12-2018 06:49","-13.27","89.7","10-12-2018 17:26","33.6","10-12-2018 13:38","135.3","109.2","865","10-12-2018 13:27","-7.997000000000001","10-12-2018 05:57","686.1","10-12-2018 13:27","-4.6389999999999985","10-12-2018 05:10","267.9","162.4","289.4","216.6","9.84","10-12-2018 16:18","0","10-12-2018 02:09","3.559","25.41","-0.574","-15.88","-3.991","10-12-2018 13:33","-26.43","10-12-2018 05:57","NaN","NaN","NaN","NaN","NaN"
"1113","2018-12-11 18:30:00+00","-5.3439999999999985","11-12-2018 12:38","-14.08","11-12-2018 23:57","-11.12","89.3","11-12-2018 00:08","51.43","11-12-2018 12:38","108.2","99.1","1114","11-12-2018 12:29","-7.421","11-12-2018 22:57","945","11-12-2018 12:29","-1.288","11-12-2018 22:55","310.3","254","289.8","235.1","12.27","11-12-2018 13:13","0","11-12-2018 01:34","2.479","143.1","0.984","-12.29","-3.712","11-12-2018 12:34","-21.06","11-12-2018 22:58","NaN","NaN","NaN","NaN","NaN"
"1114","2018-12-12 18:30:00+00","-4.5939999999999985","12-12-2018 11:02","-13.91","12-12-2018 00:27","-11.42","89.4","12-12-2018 19:23","56.37","12-12-2018 11:04","85.8","88.5","419","12-12-2018 12:00","-1.998","12-12-2018 23:59","404.1","12-12-2018 11:57","-0.258","12-12-2018 23:59","316.6","254.9","282.5","251.2","4.234","12-12-2018 08:21","0","12-12-2018 00:19","1.301","11.58","11.32","-12.01","-8.06","12-12-2018 12:24","-15.65","12-12-2018 00:00","NaN","NaN","NaN","NaN","NaN"
"1115","2018-12-13 18:30:00+00","-6.525","13-12-2018 10:57","-18.07","13-12-2018 22:36","-12.13","88.8","13-12-2018 18:05","58.66","13-12-2018 11:14","91.8","107.2","506.2","13-12-2018 13:53","-5.707999999999998","13-12-2018 20:41","490.1","13-12-2018 12:44","-2.576","13-12-2018 20:02","310.8","242","274.3","232.3","5.292000000000002","13-12-2018 22:52","0","13-12-2018 00:24","1.885","9.74","68.37","-13.73","-7.515","13-12-2018 13:04","-21.19","13-12-2018 21:10","NaN","NaN","NaN","NaN","NaN"
"1116","2018-12-14 18:30:00+00","-11.66","14-12-2018 14:10","-26.52","14-12-2018 23:16","-18.43","83.9","14-12-2018 01:36","50.22","14-12-2018 14:11","171.2","148","920","14-12-2018 12:43","-6.284","14-12-2018 18:55","668.6","14-12-2018 12:18","-6.187","14-12-2018 19:37","278.5","210.6","268.5","196.8","7.605","14-12-2018 21:31","0","14-12-2018 04:42","3.873","4.456","5.331","-22.21","-12.48","14-12-2018 12:50","-31.48","14-12-2018 20:54","NaN","NaN","NaN","NaN","NaN"
"1117","2018-12-15 18:30:00+00","-12.4","15-12-2018 14:20","-29.23","15-12-2018 07:12","-21.71","73.79","15-12-2018 06:01","33.45","15-12-2018 14:38","155.7","147.4","725","15-12-2018 12:33","-7.145","15-12-2018 23:37","665.9","15-12-2018 12:21","-6.964","15-12-2018 01:36","219.7","138.2","263.5","188.3","7.977","15-12-2018 02:52","0.784","15-12-2018 15:47","4.94","6.395","4.791","-26.85","-13.73","15-12-2018 12:22","-33.68","15-12-2018 07:12","NaN","NaN","NaN","NaN","NaN"
"1118","2018-12-16 18:30:00+00","-12.06","16-12-2018 14:57","-29.9","16-12-2018 06:01","-21.76","68.59","16-12-2018 04:30","28.01","16-12-2018 14:14","156.2","146.9","729","16-12-2018 12:31","-9.72","16-12-2018 05:59","665.6","16-12-2018 12:27","-7.739","16-12-2018 05:59","157.1","134.8","253","187.3","8.55","16-12-2018 22:13","1.3130000000000002","16-12-2018 15:11","5.964","12.62","4.55","-26.77","-14.04","16-12-2018 12:37","-34.31","16-12-2018 05:58","NaN","NaN","NaN","NaN","NaN"
"1119","2018-12-17 18:30:00+00","-11.02","17-12-2018 14:11","-28.45","17-12-2018 07:31","-20.19","64.09","17-12-2018 00:44","30.2","17-12-2018 14:12","155.5","145.4","727.8","17-12-2018 12:27","-9.43","17-12-2018 01:25","658.9","17-12-2018 12:33","-6.448","17-12-2018 06:17","159.3","136.3","258.9","192.3","9.25","17-12-2018 05:27","1.196","17-12-2018 17:52","5.999","11.32","4.338","-25.6","-12.98","17-12-2018 13:03","-33.11","17-12-2018 06:18","NaN","NaN","NaN","NaN","NaN"
"1120","2018-12-18 18:30:00+00","-7.403","18-12-2018 13:51","-27.2","18-12-2018 04:21","-17.77","64.26","18-12-2018 04:23","23.6","18-12-2018 14:07","153.4","142.9","719.6","18-12-2018 12:23","-8.86","18-12-2018 00:31","648.4","18-12-2018 12:18","-5.672999999999999","18-12-2018 05:28","174.3","144","273.9","198.6","9.86","18-12-2018 06:47","0","18-12-2018 21:29","5.965","12.08","4.359","-22.85","-10.05","18-12-2018 13:31","-31.29","18-12-2018 01:40","NaN","NaN","NaN","NaN","NaN"
"1121","2018-12-19 18:30:00+00","-2.318","19-12-2018 14:14","-20.3","19-12-2018 01:11","-11.5","64.37","19-12-2018 07:24","31.58","19-12-2018 12:20","129.4","112","1004","19-12-2018 13:25","-6.282","19-12-2018 22:56","872","19-12-2018 13:25","-3.607","19-12-2018 06:38","247.1","158","303.5","219.1","9.25","19-12-2018 03:41","0","19-12-2018 09:06","4.1110000000000015","356.1","4.706","-17.27","-1.824","19-12-2018 13:25","-25.26","19-12-2018 21:48","NaN","NaN","NaN","NaN","NaN"
"1122","2018-12-20 18:30:00+00","-1.237","20-12-2018 13:30","-22.49","20-12-2018 08:13","-13.45","60.53","20-12-2018 02:10","11.36","20-12-2018 14:37","151.1","139","707.2","20-12-2018 12:09","-7.996","20-12-2018 03:27","629.8","20-12-2018 12:09","-4.6389999999999985","20-12-2018 03:28","188.3","147.8","301","207.1","12.5","20-12-2018 16:07","0","20-12-2018 00:11","3.208","342.6","3.03","-20.8","-4.4510000000000005","20-12-2018 12:40","-28.98","20-12-2018 05:55","NaN","NaN","NaN","NaN","NaN"
"1123","2018-12-21 18:30:00+00","-5.8210000000000015","21-12-2018 14:11","-23.71","21-12-2018 05:15","-16.17","59.76","21-12-2018 23:52","25.79","21-12-2018 14:30","151.6","135.9","712.6","21-12-2018 12:14","-7.995","21-12-2018 22:30","615.5","21-12-2018 12:23","-3.867","21-12-2018 04:38","171.1","139.8","280.7","206.1","10.29","21-12-2018 06:13","0","21-12-2018 05:40","3.706","0.562","0.024","-22.25","-6.75","21-12-2018 12:47","-29.52","21-12-2018 07:07","NaN","NaN","NaN","NaN","NaN"
"1124","2018-12-22 18:30:00+00","-6.43","22-12-2018 14:52","-25.23","22-12-2018 06:57","-17.03","62","22-12-2018 01:27","25.56","22-12-2018 14:32","148.3","132.6","780.7","22-12-2018 12:52","-8.86","22-12-2018 04:57","669.5","22-12-2018 12:53","-5.155","22-12-2018 00:27","172","141.9","273.6","202.7","9.39","22-12-2018 03:54","0","22-12-2018 14:51","4.698","8.09","0.492","-22.86","-8.91","22-12-2018 13:01","-29.81","22-12-2018 08:55","NaN","NaN","NaN","NaN","NaN"
"1125","2018-12-23 18:30:00+00","-2.712","23-12-2018 15:08","-22.9","23-12-2018 00:11","-13.13","60.01","23-12-2018 00:12","13.25","23-12-2018 14:40","121","99.7","1012","23-12-2018 12:14","-6.855","23-12-2018 00:11","839","23-12-2018 12:14","-4.124","23-12-2018 00:29","223.1","152.4","283.8","211.7","8.37","23-12-2018 01:23","0","23-12-2018 00:25","3.132","356.4","0.828","-19.06","-6.0310000000000015","23-12-2018 12:36","-27.39","23-12-2018 00:08","NaN","NaN","NaN","NaN","NaN"
"1126","2018-12-24 18:30:00+00","-6.971","24-12-2018 14:53","-23.68","24-12-2018 06:05","-15.9","60.65","24-12-2018 06:07","26.3","24-12-2018 15:05","151.2","134.4","712.5","24-12-2018 12:27","-6.855","24-12-2018 06:04","611.1","24-12-2018 12:23","-3.609","24-12-2018 06:04","172.9","145.7","275.4","204.6","7.899","24-12-2018 23:09","0","24-12-2018 00:41","2.681","357.4","0.887","-23.09","-8.75","24-12-2018 12:47","-30.42","24-12-2018 06:04","NaN","NaN","NaN","NaN","NaN"
"1127","2018-12-25 18:30:00+00","-10.31","25-12-2018 15:23","-26.49","25-12-2018 08:45","-19.11","65.57","25-12-2018 04:07","27.25","25-12-2018 14:54","152.8","135.4","717.5","25-12-2018 12:22","-8","25-12-2018 22:35","612.9","25-12-2018 12:38","-4.126","25-12-2018 22:50","160.1","138.7","268.4","197.1","8.19","25-12-2018 00:20","0","25-12-2018 00:30","3.643","1.755","0.648","-24.91","-11.18","25-12-2018 13:22","-32.25","25-12-2018 07:52","NaN","NaN","NaN","NaN","NaN"
"1128","2018-12-26 18:30:00+00","-8.72","26-12-2018 13:58","-28.62","26-12-2018 05:53","-17.77","87.6","26-12-2018 17:49","26.92","26-12-2018 13:21","128.9","110.3","868","26-12-2018 12:46","-7.431","26-12-2018 05:21","731.4","26-12-2018 12:46","-3.611","26-12-2018 05:20","263.2","133.8","268.2","193.1","9.15","26-12-2018 19:57","0","26-12-2018 13:39","4.213","9.5","1.615","-20.95","-10.24","26-12-2018 13:57","-33.07","26-12-2018 06:14","NaN","NaN","NaN","NaN","NaN"
"1129","2018-12-27 18:30:00+00","-7.252999999999999","27-12-2018 14:21","-27.6","27-12-2018 08:46","-19.25","84.3","27-12-2018 00:00","27.4","27-12-2018 14:22","131.3","122.8","736.1","27-12-2018 13:12","-8.29","27-12-2018 23:45","670","27-12-2018 12:57","-4.897","27-12-2018 21:27","212.6","139.6","258.1","192.5","8.41","27-12-2018 21:37","0","27-12-2018 00:41","2.844","355.8","3.249","-24.33","-12.35","27-12-2018 14:21","-32.92","27-12-2018 08:49","NaN","NaN","NaN","NaN","NaN"
"1130","2018-12-28 18:30:00+00","-10.85","28-12-2018 14:56","-27.64","28-12-2018 07:52","-19.27","63.7","28-12-2018 00:45","25.33","28-12-2018 14:52","154.2","143.3","724.4","28-12-2018 12:24","-10.28","28-12-2018 01:36","651.7","28-12-2018 12:20","-7.2189999999999985","28-12-2018 01:36","158.5","133.6","262.3","191.2","7.3889999999999985","28-12-2018 22:39","0.294","28-12-2018 08:27","4.144","4.785","3.459","-25.78","-12.83","28-12-2018 12:59","-33.7","28-12-2018 07:51","NaN","NaN","NaN","NaN","NaN"
"1131","2018-12-29 18:30:00+00","-9.26","29-12-2018 14:30","-27.94","29-12-2018 06:44","-18.87","61.11","29-12-2018 04:44","25.8","29-12-2018 14:30","154.3","141.8","721.3","29-12-2018 12:26","-9.14","29-12-2018 01:20","642.6","29-12-2018 12:38","-5.932","29-12-2018 06:09","181.1","138.1","264.3","193.8","8.7","29-12-2018 23:03","0.588","29-12-2018 19:11","5.476","11.31","3.538","-24.22","-12.11","29-12-2018 13:54","-32.91","29-12-2018 06:09","NaN","NaN","NaN","NaN","NaN"
"1132","2018-12-30 18:30:00+00","-3.962","30-12-2018 14:40","-23.31","30-12-2018 08:07","-12.81","91","30-12-2018 20:21","33.84","30-12-2018 13:44","117","99.4","961","30-12-2018 12:32","-6.283","30-12-2018 01:54","799.7","30-12-2018 12:32","-3.608","30-12-2018 03:05","271.4","163.6","292.2","213.4","8.55","30-12-2018 01:10","0","30-12-2018 12:20","3.582","6.694","3.963","-16.34","-5.18","30-12-2018 14:28","-27.19","30-12-2018 08:06","NaN","NaN","NaN","NaN","NaN"
